{
  "shots": 8000,
  "marginal_L1_hw_vs_ref": 0.027375000000000038,
  "marginal_max_abs_hw_vs_ref": 0.007750000000000035,
  "site_marginals_hw": [
    0.5026,
    0.494,
    0.4965,
    0.5048
  ],
  "site_marginals_ref": [
    0.4955,
    0.5018,
    0.5036,
    0.4994
  ],
  "topk_k": 10,
  "topk_overlap": 0.9,
  "freq_corr_hw_vs_ref": 0.9980473398006567,
  "tvd_hw_vs_mps": 0.011466288351542345,
  "tvd_ref_vs_mps": 0.016873401286296753,
  "tvd_hw_vs_ref": 0.021124999999999998,
  "fidelity_hw_vs_mps": 0.9997234715346772,
  "hellinger_hw_vs_mps": 0.011758987732037696,
  "mc_noise_scale": 0.022360679774997897,
  "marginal_L1_hw_vs_mps": 0.014094024686494955,
  "marginal_max_abs_hw_vs_mps": 0.004996803774426795,
  "site_marginals_mps": [
    0.4998,
    0.499,
    0.499,
    0.501
  ],
  "backend": "Aer ideal (referencia)",
  "variant": "no_reuse_isometry",
  "seconds": 0.047352831000353035
}