{
  "shots": 1024,
  "marginal_L1_hw_vs_ref": 0.025273437499999996,
  "marginal_max_abs_hw_vs_ref": 0.015335937500000008,
  "site_marginals_hw": [
    0.5,
    0.5068,
    0.5049,
    0.4814
  ],
  "site_marginals_ref": [
    0.4986,
    0.4915,
    0.5041,
    0.4892
  ],
  "topk_k": 10,
  "topk_overlap": 1.0,
  "freq_corr_hw_vs_ref": 0.9917930844491392,
  "tvd_hw_vs_mps": 0.07275157980037825,
  "tvd_ref_vs_mps": 0.017196525044427695,
  "tvd_hw_vs_ref": 0.0723984375,
  "fidelity_hw_vs_mps": 0.9871236798057851,
  "hellinger_hw_vs_mps": 0.08036802575633747,
  "mc_noise_scale": 0.0625,
  "marginal_L1_hw_vs_mps": 0.03342298694439161,
  "marginal_max_abs_hw_vs_mps": 0.019533835244742948,
  "site_marginals_mps": [
    0.4998,
    0.499,
    0.499,
    0.501
  ],
  "backend": "fake:torino (133q, ruido de dispositivo real)",
  "variant": "no_reuse_isometry",
  "seconds": 3.3204802870000094,
  "executed_depth": 151,
  "executed_2q_gates": 40
}