{
  "model": {
    "num_sites": 37,
    "num_parameters": 32264,
    "bond_dims": [
      2,
      4,
      4,
      4,
      4,
      8,
      8,
      16,
      16,
      16,
      16,
      16,
      16,
      16,
      16,
      8,
      8,
      16,
      16,
      32,
      32,
      32,
      32,
      32,
      32,
      32,
      32,
      32,
      32,
      32,
      32,
      32,
      16,
      8,
      4,
      2
    ],
    "sanity": {
      "log_norm": 3.858025010572419e-15,
      "tensors_finite": true,
      "issues": []
    }
  },
  "dataset": {
    "n_test_total": 22544,
    "n_test_scored": 22544,
    "n_dropped_nan": 0,
    "n_normal": 9711,
    "n_attack": 12833,
    "attack_rate": 0.5692423704755145,
    "per_family_counts": {
      "dos": 7458,
      "normal": 9711,
      "probe": 2421,
      "r2l": 2754,
      "u2r": 200
    }
  },
  "thresholds": {
    "p94.5": 10.86067894501705,
    "p99": 15.15310594252622
  },
  "threshold_policy": "percentile of val-normal NLL; val-normal is the trainer's held-out split, reconstructed via its own split helpers",
  "global_metrics": {
    "auc_roc": 0.9045790524527102,
    "auc_pr": 0.9137960843346935
  },
  "metrics_per_threshold": {
    "p94.5": {
      "threshold": 10.86067894501705,
      "tp": 9582,
      "fp": 1132,
      "fn": 3251,
      "tn": 8579,
      "precision": 0.8943438491693112,
      "recall": 0.746668744642718,
      "f1": 0.8138616384252771,
      "fpr": 0.11656883946040572
    },
    "p99": {
      "threshold": 15.15310594252622,
      "tp": 6979,
      "fp": 209,
      "fn": 5854,
      "tn": 9502,
      "precision": 0.9709237618252643,
      "recall": 0.543832307332658,
      "f1": 0.6971679736276909,
      "fpr": 0.021521985377407064
    }
  },
  "per_family": {
    "evaluated_at": [
      "p94.5",
      "p99"
    ],
    "families": {
      "dos": {
        "n_samples": 7458,
        "auc_roc": 0.9401688759562733,
        "auc_pr": 0.9088561536728053,
        "auc_pr_baseline": 0.4343875589725668,
        "recall_at_threshold": {
          "p94.5": 0.8778492893537141,
          "p99": 0.6587556985787074
        }
      },
      "probe": {
        "n_samples": 2421,
        "auc_roc": 0.8894125310273172,
        "auc_pr": 0.729649867571427,
        "auc_pr_baseline": 0.19955489614243324,
        "recall_at_threshold": {
          "p94.5": 0.7294506402313093,
          "p99": 0.5828170177612557
        }
      },
      "r2l": {
        "n_samples": 2754,
        "auc_roc": 0.8267495432823411,
        "auc_pr": 0.5357982580427554,
        "auc_pr_baseline": 0.22093862815884477,
        "recall_at_threshold": {
          "p94.5": 0.43318809005083514,
          "p99": 0.219680464778504
        }
      },
      "u2r": {
        "n_samples": 200,
        "auc_roc": 0.8327376171352077,
        "auc_pr": 0.10734987991595585,
        "auc_pr_baseline": 0.020179598425991322,
        "recall_at_threshold": {
          "p94.5": 0.38,
          "p99": 0.25
        }
      }
    }
  },
  "per_difficulty": {
    "evaluated_at": "p99",
    "buckets": {
      "difficulty_0_to_15": {
        "n_samples": 3255,
        "recall_at_threshold": 0.44086021505376344
      },
      "difficulty_15_to_19": {
        "n_samples": 4699,
        "recall_at_threshold": 0.36688657161098104
      },
      "difficulty_19_to_21": {
        "n_samples": 4879,
        "recall_at_threshold": 0.7829473252715721
      }
    }
  },
  "distribution_shift": {
    "train_normal": {
      "n": 57242,
      "percentiles": {
        "p50": 5.6764525765376135,
        "p90": 9.540607929055035,
        "p95": 10.844097757350493,
        "p99": 13.586504282900643
      }
    },
    "val_normal": {
      "n": 10101,
      "percentiles": {
        "p50": 5.695806870176024,
        "p90": 9.636457771403794,
        "p95": 11.057998236003014,
        "p99": 15.15310594252622
      }
    },
    "test_normal": {
      "n": 9711,
      "percentiles": {
        "p50": 5.6764525765376135,
        "p90": 11.8674252164812,
        "p95": 13.909305939594423,
        "p99": 18.99566518346582
      }
    },
    "realised_fpr_on_test_normal": {
      "p94.5": 0.11656883946040572,
      "p99": 0.021521985377407064
    }
  },
  "plots": [
    "evaluate_graphs/eval_nll_histograms.png",
    "evaluate_graphs/eval_roc_pr.png",
    "evaluate_graphs/eval_threshold_sweep.png",
    "evaluate_graphs/eval_confusion.png"
  ],
  "tables": [
    "evaluate_tables/global_metrics.csv",
    "evaluate_tables/metrics_per_threshold.csv",
    "evaluate_tables/per_family.csv",
    "evaluate_tables/per_difficulty.csv",
    "evaluate_tables/distribution_shift.csv",
    "evaluate_tables/realised_fpr.csv",
    "evaluate_tables/threshold_sweep.csv",
    "evaluate_tables/test_scores.csv"
  ]
}