{
  "model": {
    "num_sites": 37,
    "num_parameters": 88328,
    "bond_dims": [
      2,
      4,
      8,
      16,
      17,
      25,
      40,
      41,
      41,
      41,
      41,
      41,
      41,
      41,
      41,
      41,
      41,
      41,
      41,
      41,
      41,
      41,
      41,
      41,
      41,
      41,
      41,
      41,
      41,
      41,
      41,
      32,
      16,
      8,
      4,
      2
    ],
    "sanity": {
      "log_norm": 4.496403249731884e-15,
      "tensors_finite": true,
      "issues": []
    }
  },
  "dataset": {
    "n_test_total": 22544,
    "n_test_scored": 22544,
    "n_dropped_nan": 0,
    "n_normal": 9711,
    "n_attack": 12833,
    "attack_rate": 0.5692423704755145,
    "per_family_counts": {
      "dos": 7458,
      "normal": 9711,
      "probe": 2421,
      "r2l": 2754,
      "u2r": 200
    }
  },
  "thresholds": {
    "p94.5": 10.79907658585314,
    "p99": 15.497417879166262
  },
  "threshold_policy": "percentile of val-normal NLL; val-normal is the trainer's held-out split, reconstructed via its own split helpers",
  "global_metrics": {
    "auc_roc": 0.9032622787653821,
    "auc_pr": 0.9089357241573964
  },
  "metrics_per_threshold": {
    "p94.5": {
      "threshold": 10.79907658585314,
      "tp": 10163,
      "fp": 1164,
      "fn": 2670,
      "tn": 8547,
      "precision": 0.8972366910920808,
      "recall": 0.7919426478609835,
      "f1": 0.8413079470198676,
      "fpr": 0.11986407167130059
    },
    "p99": {
      "threshold": 15.497417879166262,
      "tp": 4350,
      "fp": 250,
      "fn": 8483,
      "tn": 9461,
      "precision": 0.9456521739130435,
      "recall": 0.33896984337255515,
      "f1": 0.4990535191877474,
      "fpr": 0.025744001647616106
    }
  },
  "per_family": {
    "evaluated_at": [
      "p94.5",
      "p99"
    ],
    "families": {
      "dos": {
        "n_samples": 7458,
        "auc_roc": 0.9255735665534152,
        "auc_pr": 0.8796518757221906,
        "auc_pr_baseline": 0.4343875589725668,
        "recall_at_threshold": {
          "p94.5": 0.910699919549477,
          "p99": 0.307052829176723
        }
      },
      "probe": {
        "n_samples": 2421,
        "auc_roc": 0.8929143107342896,
        "auc_pr": 0.7363040717582167,
        "auc_pr_baseline": 0.19955489614243324,
        "recall_at_threshold": {
          "p94.5": 0.7331681123502685,
          "p99": 0.5724907063197026
        }
      },
      "r2l": {
        "n_samples": 2754,
        "auc_roc": 0.8567090924822505,
        "auc_pr": 0.6269655533144985,
        "auc_pr_baseline": 0.22093862815884477,
        "recall_at_threshold": {
          "p94.5": 0.5522875816993464,
          "p99": 0.22440087145969498
        }
      },
      "u2r": {
        "n_samples": 200,
        "auc_roc": 0.8375738852847288,
        "auc_pr": 0.11382427850032106,
        "auc_pr_baseline": 0.020179598425991322,
        "recall_at_threshold": {
          "p94.5": 0.375,
          "p99": 0.28
        }
      }
    }
  },
  "per_difficulty": {
    "evaluated_at": "p99",
    "buckets": {
      "difficulty_0_to_15": {
        "n_samples": 3255,
        "recall_at_threshold": 0.4187403993855607
      },
      "difficulty_15_to_19": {
        "n_samples": 4699,
        "recall_at_threshold": 0.31006597148329434
      },
      "difficulty_19_to_21": {
        "n_samples": 4879,
        "recall_at_threshold": 0.313588850174216
      }
    }
  },
  "distribution_shift": {
    "train_normal": {
      "n": 57242,
      "percentiles": {
        "p50": 5.6411712392350255,
        "p90": 9.371051726199592,
        "p95": 10.607506920649177,
        "p99": 13.142586207765234
      }
    },
    "val_normal": {
      "n": 10101,
      "percentiles": {
        "p50": 5.680652782767775,
        "p90": 9.532139566647784,
        "p95": 11.001463866089464,
        "p99": 15.497417879166262
      }
    },
    "test_normal": {
      "n": 9711,
      "percentiles": {
        "p50": 5.65319178371123,
        "p90": 12.478959437262732,
        "p95": 13.045034102356878,
        "p99": 18.123640887371845
      }
    },
    "realised_fpr_on_test_normal": {
      "p94.5": 0.11986407167130059,
      "p99": 0.025744001647616106
    }
  },
  "plots": [
    "evaluate_graphs/eval_nll_histograms.png",
    "evaluate_graphs/eval_roc_pr.png",
    "evaluate_graphs/eval_threshold_sweep.png",
    "evaluate_graphs/eval_confusion.png"
  ],
  "tables": [
    "evaluate_tables/global_metrics.csv",
    "evaluate_tables/metrics_per_threshold.csv",
    "evaluate_tables/per_family.csv",
    "evaluate_tables/per_difficulty.csv",
    "evaluate_tables/distribution_shift.csv",
    "evaluate_tables/realised_fpr.csv",
    "evaluate_tables/threshold_sweep.csv",
    "evaluate_tables/test_scores.csv"
  ]
}