{
  "model": {
    "num_sites": 40,
    "num_parameters": 32592,
    "bond_dims": [
      2,
      2,
      4,
      8,
      8,
      8,
      4,
      4,
      8,
      8,
      16,
      16,
      16,
      16,
      16,
      16,
      16,
      16,
      8,
      8,
      16,
      16,
      32,
      32,
      32,
      32,
      32,
      32,
      32,
      32,
      32,
      32,
      32,
      32,
      32,
      16,
      8,
      4,
      2
    ],
    "sanity": {
      "log_norm": -2.9559688030644793e-15,
      "tensors_finite": true,
      "issues": []
    }
  },
  "dataset": {
    "n_test_total": 22544,
    "n_test_scored": 22544,
    "n_dropped_nan": 0,
    "n_normal": 9711,
    "n_attack": 12833,
    "attack_rate": 0.5692423704755145,
    "per_family_counts": {
      "dos": 7458,
      "normal": 9711,
      "probe": 2421,
      "r2l": 2754,
      "u2r": 200
    }
  },
  "thresholds": {
    "p94.5": 11.264592344631382,
    "p99": 15.714630895854693
  },
  "threshold_policy": "percentile of val-normal NLL; val-normal is the trainer's held-out split, reconstructed via its own split helpers",
  "global_metrics": {
    "auc_roc": 0.9373586512279208,
    "auc_pr": 0.930099863873208
  },
  "metrics_per_threshold": {
    "p94.5": {
      "threshold": 11.264592344631382,
      "tp": 10865,
      "fp": 1115,
      "fn": 1968,
      "tn": 8596,
      "precision": 0.9069282136894825,
      "recall": 0.8466453674121406,
      "f1": 0.875750614597187,
      "fpr": 0.11481824734836783
    },
    "p99": {
      "threshold": 15.714630895854693,
      "tp": 6265,
      "fp": 317,
      "fn": 6568,
      "tn": 9394,
      "precision": 0.9518383470069888,
      "recall": 0.48819449855840413,
      "f1": 0.6453772856039146,
      "fpr": 0.03264339408917722
    }
  },
  "per_family": {
    "evaluated_at": [
      "p94.5",
      "p99"
    ],
    "families": {
      "dos": {
        "n_samples": 7458,
        "auc_roc": 0.9662803354294985,
        "auc_pr": 0.9179359327671774,
        "auc_pr_baseline": 0.4343875589725668,
        "recall_at_threshold": {
          "p94.5": 0.9625905068382945,
          "p99": 0.5026816840976133
        }
      },
      "probe": {
        "n_samples": 2421,
        "auc_roc": 0.9339611169234495,
        "auc_pr": 0.7852341300578191,
        "auc_pr_baseline": 0.19955489614243324,
        "recall_at_threshold": {
          "p94.5": 0.8318876497315159,
          "p99": 0.7261462205700124
        }
      },
      "r2l": {
        "n_samples": 2754,
        "auc_roc": 0.8697072520011333,
        "auc_pr": 0.6082706571131331,
        "auc_pr_baseline": 0.22093862815884477,
        "recall_at_threshold": {
          "p94.5": 0.574800290486565,
          "p99": 0.25671750181554104
        }
      },
      "u2r": {
        "n_samples": 200,
        "auc_roc": 0.8315559674595818,
        "auc_pr": 0.0933052670188215,
        "auc_pr_baseline": 0.020179598425991322,
        "recall_at_threshold": {
          "p94.5": 0.445,
          "p99": 0.255
        }
      }
    }
  },
  "per_difficulty": {
    "evaluated_at": "p99",
    "buckets": {
      "difficulty_0_to_15": {
        "n_samples": 3255,
        "recall_at_threshold": 0.44208909370199695
      },
      "difficulty_15_to_19": {
        "n_samples": 4699,
        "recall_at_threshold": 0.46094913811449245
      },
      "difficulty_19_to_21": {
        "n_samples": 4879,
        "recall_at_threshold": 0.5451936872309899
      }
    }
  },
  "distribution_shift": {
    "train_normal": {
      "n": 57242,
      "percentiles": {
        "p50": 5.815740239108854,
        "p90": 9.851804071240673,
        "p95": 11.27819100376676,
        "p99": 14.325438778044186
      }
    },
    "val_normal": {
      "n": 10101,
      "percentiles": {
        "p50": 5.961972564942056,
        "p90": 10.043763755707674,
        "p95": 11.520443156545532,
        "p99": 15.714630895854693
      }
    },
    "test_normal": {
      "n": 9711,
      "percentiles": {
        "p50": 5.762495005325869,
        "p90": 11.977446046469469,
        "p95": 13.264360412024546,
        "p99": 20.2683471498216
      }
    },
    "realised_fpr_on_test_normal": {
      "p94.5": 0.11481824734836783,
      "p99": 0.03264339408917722
    }
  },
  "plots": [
    "evaluate_graphs/eval_nll_histograms.png",
    "evaluate_graphs/eval_roc_pr.png",
    "evaluate_graphs/eval_threshold_sweep.png",
    "evaluate_graphs/eval_confusion.png"
  ],
  "tables": [
    "evaluate_tables/global_metrics.csv",
    "evaluate_tables/metrics_per_threshold.csv",
    "evaluate_tables/per_family.csv",
    "evaluate_tables/per_difficulty.csv",
    "evaluate_tables/distribution_shift.csv",
    "evaluate_tables/realised_fpr.csv",
    "evaluate_tables/threshold_sweep.csv",
    "evaluate_tables/test_scores.csv"
  ]
}