{
  "shots": 8000,
  "marginal_L1_hw_vs_ref": 0.40037500000000004,
  "marginal_max_abs_hw_vs_ref": 0.14835000000000004,
  "site_marginals_hw": [
    0.0679,
    0.0474,
    0.0572,
    0.47,
    0.1718,
    0.2164
  ],
  "site_marginals_ref": [
    0.0392,
    0.0214,
    0.0011,
    0.481,
    0.045,
    0.0585
  ],
  "topk_k": 10,
  "topk_overlap": 0.78,
  "freq_corr_hw_vs_ref": 0.9857553812665734,
  "tvd_hw_vs_mps": 0.2679879398150786,
  "tvd_ref_vs_mps": 0.011118011699001977,
  "tvd_hw_vs_ref": 0.2693,
  "fidelity_hw_vs_mps": 0.8354491889812137,
  "hellinger_hw_vs_mps": 0.29320215213001344,
  "mc_noise_scale": 0.044721359549995794,
  "marginal_L1_hw_vs_mps": 0.4000363165497302,
  "marginal_max_abs_hw_vs_mps": 0.1477938742669112,
  "site_marginals_mps": [
    0.0401,
    0.0201,
    0.001,
    0.4823,
    0.0481,
    0.0594
  ],
  "seed": 0,
  "seconds": 3.1032119149999744,
  "marginal_L1_hw_vs_ref_std": 0.006997209265128473,
  "marginal_max_abs_hw_vs_ref_std": 0.006278933030380246,
  "topk_overlap_std": 0.044721359549995836,
  "freq_corr_hw_vs_ref_std": 0.0009343421553777356,
  "tvd_hw_vs_mps_std": 0.0037368638881717206,
  "tvd_ref_vs_mps_std": 0.0025824228525326443,
  "tvd_hw_vs_ref_std": 0.005589191578394861,
  "fidelity_hw_vs_mps_std": 0.002449502458051208,
  "hellinger_hw_vs_mps_std": 0.0022877244610974637,
  "marginal_L1_hw_vs_mps_std": 0.015246345364892527,
  "marginal_max_abs_hw_vs_mps_std": 0.005403702434442523,
  "n_seeds": 5,
  "seeds": [
    0,
    1,
    2,
    3,
    4
  ],
  "per_seed": [
    {
      "seed": 0,
      "marginal_L1_hw_vs_ref": 0.40637500000000004,
      "marginal_max_abs_hw_vs_ref": 0.15787500000000002,
      "topk_overlap": 0.8,
      "freq_corr_hw_vs_ref": 0.9842903736601125,
      "tvd_hw_vs_mps": 0.2687250368782553,
      "tvd_ref_vs_mps": 0.010769450752174604,
      "tvd_hw_vs_ref": 0.27525,
      "fidelity_hw_vs_mps": 0.8339387563890489,
      "hellinger_hw_vs_mps": 0.2946142005514895,
      "marginal_L1_hw_vs_mps": 0.4042124603483633,
      "marginal_max_abs_hw_vs_mps": 0.1569938742669112
    },
    {
      "seed": 1,
      "marginal_L1_hw_vs_ref": 0.40174999999999994,
      "marginal_max_abs_hw_vs_ref": 0.141875,
      "topk_overlap": 0.8,
      "freq_corr_hw_vs_ref": 0.9859941197373059,
      "tvd_hw_vs_mps": 0.2683676280122575,
      "tvd_ref_vs_mps": 0.0089799433967217,
      "tvd_hw_vs_ref": 0.26287499999999997,
      "fidelity_hw_vs_mps": 0.8347272245199249,
      "hellinger_hw_vs_mps": 0.293880799251675,
      "marginal_L1_hw_vs_mps": 0.4127124603483632,
      "marginal_max_abs_hw_vs_mps": 0.14399387426691118
    },
    {
      "seed": 2,
      "marginal_L1_hw_vs_ref": 0.39012500000000006,
      "marginal_max_abs_hw_vs_ref": 0.145875,
      "topk_overlap": 0.8,
      "freq_corr_hw_vs_ref": 0.9868873135781495,
      "tvd_hw_vs_mps": 0.26480495641954405,
      "tvd_ref_vs_mps": 0.010246816613782076,
      "tvd_hw_vs_ref": 0.26425,
      "fidelity_hw_vs_mps": 0.8389110270114482,
      "hellinger_hw_vs_mps": 0.28996402733075916,
      "marginal_L1_hw_vs_mps": 0.3833971008517807,
      "marginal_max_abs_hw_vs_mps": 0.14399387426691118
    },
    {
      "seed": 3,
      "marginal_L1_hw_vs_ref": 0.40675,
      "marginal_max_abs_hw_vs_ref": 0.14500000000000002,
      "topk_overlap": 0.8,
      "freq_corr_hw_vs_ref": 0.9858413905893115,
      "tvd_hw_vs_mps": 0.27365262397872925,
      "tvd_ref_vs_mps": 0.015588547708273608,
      "tvd_hw_vs_ref": 0.27399999999999997,
      "fidelity_hw_vs_mps": 0.832778073009959,
      "hellinger_hw_vs_mps": 0.29569113971705707,
      "marginal_L1_hw_vs_mps": 0.4153374603483632,
      "marginal_max_abs_hw_vs_mps": 0.14799387426691119
    },
    {
      "seed": 4,
      "marginal_L1_hw_vs_ref": 0.39687500000000003,
      "marginal_max_abs_hw_vs_ref": 0.151125,
      "topk_overlap": 0.7,
      "freq_corr_hw_vs_ref": 0.9857637087679871,
      "tvd_hw_vs_mps": 0.2643894537866072,
      "tvd_ref_vs_mps": 0.010005300024057895,
      "tvd_hw_vs_ref": 0.270125,
      "fidelity_hw_vs_mps": 0.8368908639756866,
      "hellinger_hw_vs_mps": 0.2918605937990866,
      "marginal_L1_hw_vs_mps": 0.38452210085178073,
      "marginal_max_abs_hw_vs_mps": 0.14599387426691118
    }
  ],
  "error_bar_method": "seeds",
  "backend": "fake:torino (133q, ruido de dispositivo real)",
  "variant": "no_reuse_isometry",
  "N_sites": 6,
  "b_max": 2,
  "executed_depth": 451,
  "executed_2q_gates": 125
}