{
  "shots": 8000,
  "marginal_L1_hw_vs_ref": 0.016750000000000008,
  "marginal_max_abs_hw_vs_ref": 0.008000000000000009,
  "site_marginals_hw": [
    0.0395,
    0.0177,
    0.0009,
    0.48,
    0.0488,
    0.0584
  ],
  "site_marginals_ref": [
    0.0392,
    0.0214,
    0.0011,
    0.481,
    0.045,
    0.0585
  ],
  "topk_k": 10,
  "topk_overlap": 1.0,
  "freq_corr_hw_vs_ref": 0.9997782642038029,
  "tvd_hw_vs_mps": 0.011731672440955021,
  "tvd_ref_vs_mps": 0.011118011699001977,
  "tvd_hw_vs_ref": 0.015325,
  "fidelity_hw_vs_mps": 0.9981448638229352,
  "hellinger_hw_vs_mps": 0.030400515945082994,
  "mc_noise_scale": 0.044721359549995794,
  "marginal_L1_hw_vs_mps": 0.01145620143572484,
  "marginal_max_abs_hw_vs_mps": 0.005131535949658258,
  "site_marginals_mps": [
    0.0401,
    0.0201,
    0.001,
    0.4823,
    0.0481,
    0.0594
  ],
  "seed": 0,
  "seconds": 0.01752530300007038,
  "marginal_L1_hw_vs_ref_std": 0.006034406557400661,
  "marginal_max_abs_hw_vs_ref_std": 0.004483476608615242,
  "topk_overlap_std": 0.0,
  "freq_corr_hw_vs_ref_std": 0.00020502481735584107,
  "tvd_hw_vs_mps_std": 0.0030847489310846703,
  "tvd_ref_vs_mps_std": 0.0025824228525326443,
  "tvd_hw_vs_ref_std": 0.004089429972502281,
  "fidelity_hw_vs_mps_std": 0.0002658628432900917,
  "hellinger_hw_vs_mps_std": 0.0021835743853426785,
  "marginal_L1_hw_vs_mps_std": 0.0029583039946668686,
  "marginal_max_abs_hw_vs_mps_std": 0.003369899032950197,
  "n_seeds": 5,
  "seeds": [
    0,
    1,
    2,
    3,
    4
  ],
  "per_seed": [
    {
      "seed": 0,
      "marginal_L1_hw_vs_ref": 0.009000000000000008,
      "marginal_max_abs_hw_vs_ref": 0.0037500000000000033,
      "topk_overlap": 1.0,
      "freq_corr_hw_vs_ref": 0.9999456459918603,
      "tvd_hw_vs_mps": 0.0075236995875130035,
      "tvd_ref_vs_mps": 0.010769450752174604,
      "tvd_hw_vs_ref": 0.009375000000000014,
      "fidelity_hw_vs_mps": 0.9983955576081972,
      "hellinger_hw_vs_mps": 0.028329194018228247,
      "marginal_L1_hw_vs_mps": 0.007085531548450439,
      "marginal_max_abs_hw_vs_mps": 0.0023622928843646876
    },
    {
      "seed": 1,
      "marginal_L1_hw_vs_ref": 0.024875000000000015,
      "marginal_max_abs_hw_vs_ref": 0.015500000000000014,
      "topk_overlap": 1.0,
      "freq_corr_hw_vs_ref": 0.9994737381618771,
      "tvd_hw_vs_mps": 0.015106815294964122,
      "tvd_ref_vs_mps": 0.0089799433967217,
      "tvd_hw_vs_ref": 0.02012500000000002,
      "fidelity_hw_vs_mps": 0.9979126080963188,
      "hellinger_hw_vs_mps": 0.03231472066493714,
      "marginal_L1_hw_vs_mps": 0.015139054220278973,
      "marginal_max_abs_hw_vs_mps": 0.010967320251708768
    },
    {
      "seed": 2,
      "marginal_L1_hw_vs_ref": 0.013499999999999995,
      "marginal_max_abs_hw_vs_ref": 0.008124999999999993,
      "topk_overlap": 1.0,
      "freq_corr_hw_vs_ref": 0.9996678346568856,
      "tvd_hw_vs_mps": 0.011877275227172697,
      "tvd_ref_vs_mps": 0.010246816613782076,
      "tvd_hw_vs_ref": 0.01775,
      "fidelity_hw_vs_mps": 0.9981644181798329,
      "hellinger_hw_vs_mps": 0.030302020842692297,
      "marginal_L1_hw_vs_mps": 0.012253313379489919,
      "marginal_max_abs_hw_vs_mps": 0.004532679748291246
    },
    {
      "seed": 3,
      "marginal_L1_hw_vs_ref": 0.019750000000000042,
      "marginal_max_abs_hw_vs_ref": 0.006750000000000034,
      "topk_overlap": 1.0,
      "freq_corr_hw_vs_ref": 0.9998543706496422,
      "tvd_hw_vs_mps": 0.014161758939597457,
      "tvd_ref_vs_mps": 0.015588547708273608,
      "tvd_hw_vs_ref": 0.015624999999999991,
      "fidelity_hw_vs_mps": 0.9978387804989769,
      "hellinger_hw_vs_mps": 0.03288151822840524,
      "marginal_L1_hw_vs_mps": 0.010479943991605144,
      "marginal_max_abs_hw_vs_mps": 0.003512707115635314
    },
    {
      "seed": 4,
      "marginal_L1_hw_vs_ref": 0.016624999999999984,
      "marginal_max_abs_hw_vs_ref": 0.005874999999999998,
      "topk_overlap": 1.0,
      "freq_corr_hw_vs_ref": 0.9999497315587491,
      "tvd_hw_vs_mps": 0.009988813155527824,
      "tvd_ref_vs_mps": 0.010005300024057895,
      "tvd_hw_vs_ref": 0.013749999999999991,
      "fidelity_hw_vs_mps": 0.9984129547313506,
      "hellinger_hw_vs_mps": 0.028175125971152057,
      "marginal_L1_hw_vs_mps": 0.01232316403879973,
      "marginal_max_abs_hw_vs_mps": 0.004282679748291274
    }
  ],
  "error_bar_method": "seeds",
  "backend": "Aer ideal (referencia)",
  "variant": "no_reuse_isometry",
  "N_sites": 6,
  "b_max": 2
}