{
  "shots": 8000,
  "marginal_L1_hw_vs_ref": 0.46685,
  "marginal_max_abs_hw_vs_ref": 0.11510000000000001,
  "site_marginals_hw": [
    0.0899,
    0.0459,
    0.0381,
    0.0431,
    0.4475,
    0.1429,
    0.1752,
    0.4788
  ],
  "site_marginals_ref": [
    0.0426,
    0.0162,
    0.0,
    0.0039,
    0.4771,
    0.0485,
    0.06,
    0.4055
  ],
  "topk_k": 10,
  "topk_overlap": 0.8,
  "freq_corr_hw_vs_ref": 0.9854787551732658,
  "tvd_hw_vs_mps": 0.2681304783550612,
  "tvd_ref_vs_mps": 0.013922626917459591,
  "tvd_hw_vs_ref": 0.27062499999999995,
  "fidelity_hw_vs_mps": 0.8169114424330969,
  "hellinger_hw_vs_mps": 0.3101104063996798,
  "mc_noise_scale": 0.08944271909999159,
  "marginal_L1_hw_vs_mps": 0.46880008634730486,
  "marginal_max_abs_hw_vs_mps": 0.11402795593568911,
  "site_marginals_mps": [
    0.042,
    0.0176,
    0.0,
    0.0058,
    0.4822,
    0.0456,
    0.0612,
    0.4077
  ],
  "seed": 0,
  "seconds": 3.231814127000007,
  "marginal_L1_hw_vs_ref_std": 0.00013693063937630177,
  "marginal_max_abs_hw_vs_ref_std": 0.0001045825033167529,
  "topk_overlap_std": 0.0,
  "freq_corr_hw_vs_ref_std": 2.186035511577204e-05,
  "tvd_hw_vs_mps_std": 6.846531968815342e-05,
  "tvd_ref_vs_mps_std": 9.318167146857603e-05,
  "tvd_hw_vs_ref_std": 8.838834764832833e-05,
  "fidelity_hw_vs_mps_std": 5.5110311210580424e-05,
  "hellinger_hw_vs_mps_std": 4.915467410675021e-05,
  "marginal_L1_hw_vs_mps_std": 0.00012499999999995848,
  "marginal_max_abs_hw_vs_mps_std": 6.846531968813823e-05,
  "n_seeds": 5,
  "seeds": [
    0,
    1,
    2,
    3,
    4
  ],
  "per_seed": [
    {
      "seed": 0,
      "marginal_L1_hw_vs_ref": 0.46675,
      "marginal_max_abs_hw_vs_ref": 0.11524999999999999,
      "topk_overlap": 0.8,
      "freq_corr_hw_vs_ref": 0.9855171349561633,
      "tvd_hw_vs_mps": 0.26808047835506116,
      "tvd_ref_vs_mps": 0.014058310507007371,
      "tvd_hw_vs_ref": 0.27049999999999996,
      "fidelity_hw_vs_mps": 0.816920785869696,
      "hellinger_hw_vs_mps": 0.31010207496974773,
      "marginal_L1_hw_vs_mps": 0.46867508634730487,
      "marginal_max_abs_hw_vs_mps": 0.11407795593568912
    },
    {
      "seed": 1,
      "marginal_L1_hw_vs_ref": 0.46674999999999994,
      "marginal_max_abs_hw_vs_ref": 0.11512499999999999,
      "topk_overlap": 0.8,
      "freq_corr_hw_vs_ref": 0.9854763030007683,
      "tvd_hw_vs_mps": 0.2682054783550612,
      "tvd_ref_vs_mps": 0.013982456020072639,
      "tvd_hw_vs_ref": 0.27062499999999995,
      "fidelity_hw_vs_mps": 0.8168624956655571,
      "hellinger_hw_vs_mps": 0.31015406406782964,
      "marginal_L1_hw_vs_mps": 0.4689250863473048,
      "marginal_max_abs_hw_vs_mps": 0.11407795593568912
    },
    {
      "seed": 2,
      "marginal_L1_hw_vs_ref": 0.4669999999999999,
      "marginal_max_abs_hw_vs_ref": 0.11512499999999999,
      "topk_overlap": 0.8,
      "freq_corr_hw_vs_ref": 0.9854679924313381,
      "tvd_hw_vs_mps": 0.26820547835506114,
      "tvd_ref_vs_mps": 0.013857456020072646,
      "tvd_hw_vs_ref": 0.27075,
      "fidelity_hw_vs_mps": 0.8168465726058084,
      "hellinger_hw_vs_mps": 0.31016826466974373,
      "marginal_L1_hw_vs_mps": 0.4689250863473048,
      "marginal_max_abs_hw_vs_mps": 0.11407795593568912
    },
    {
      "seed": 3,
      "marginal_L1_hw_vs_ref": 0.4670000000000001,
      "marginal_max_abs_hw_vs_ref": 0.115,
      "topk_overlap": 0.8,
      "freq_corr_hw_vs_ref": 0.9854661106846044,
      "tvd_hw_vs_mps": 0.26808047835506116,
      "tvd_ref_vs_mps": 0.01385745602007266,
      "tvd_hw_vs_ref": 0.27062499999999995,
      "fidelity_hw_vs_mps": 0.8169634730276594,
      "hellinger_hw_vs_mps": 0.310063997893361,
      "marginal_L1_hw_vs_mps": 0.4688000863473049,
      "marginal_max_abs_hw_vs_mps": 0.11395295593568913
    },
    {
      "seed": 4,
      "marginal_L1_hw_vs_ref": 0.46675,
      "marginal_max_abs_hw_vs_ref": 0.115,
      "topk_overlap": 0.8,
      "freq_corr_hw_vs_ref": 0.9854662347934544,
      "tvd_hw_vs_mps": 0.26808047835506116,
      "tvd_ref_vs_mps": 0.013857456020072646,
      "tvd_hw_vs_ref": 0.27062499999999995,
      "fidelity_hw_vs_mps": 0.816963884996763,
      "hellinger_hw_vs_mps": 0.3100636303977169,
      "marginal_L1_hw_vs_mps": 0.46867508634730487,
      "marginal_max_abs_hw_vs_mps": 0.11395295593568913
    }
  ],
  "error_bar_method": "seeds",
  "backend": "fake:torino (133q, ruido de dispositivo real)",
  "variant": "reuse_isometry",
  "N_sites": 8,
  "b_max": 2,
  "executed_depth": 785,
  "executed_2q_gates": 201
}