{
  "shots": 8000,
  "marginal_L1_hw_vs_ref": 0.019900000000000004,
  "marginal_max_abs_hw_vs_ref": 0.006874999999999976,
  "site_marginals_hw": [
    0.0418,
    0.0192,
    0.0,
    0.0044,
    0.4755,
    0.0515,
    0.0638,
    0.4122
  ],
  "site_marginals_ref": [
    0.0426,
    0.0162,
    0.0,
    0.0039,
    0.4771,
    0.0485,
    0.06,
    0.4055
  ],
  "topk_k": 10,
  "topk_overlap": 0.9,
  "freq_corr_hw_vs_ref": 0.9998075211692268,
  "tvd_hw_vs_mps": 0.016635618589102414,
  "tvd_ref_vs_mps": 0.013922626917459591,
  "tvd_hw_vs_ref": 0.01667499999999999,
  "fidelity_hw_vs_mps": 0.9973452031199435,
  "hellinger_hw_vs_mps": 0.03644558319999585,
  "mc_noise_scale": 0.08944271909999159,
  "marginal_L1_hw_vs_mps": 0.023230062499514197,
  "marginal_max_abs_hw_vs_mps": 0.00673505642996064,
  "site_marginals_mps": [
    0.042,
    0.0176,
    0.0,
    0.0058,
    0.4822,
    0.0456,
    0.0612,
    0.4077
  ],
  "seed": 0,
  "seconds": 0.12178349099986008,
  "marginal_L1_hw_vs_ref_std": 0.00036869703009379857,
  "marginal_max_abs_hw_vs_ref_std": 0.0001250000000000001,
  "topk_overlap_std": 0.0,
  "freq_corr_hw_vs_ref_std": 2.6754500015484672e-06,
  "tvd_hw_vs_mps_std": 6.846531968813949e-05,
  "tvd_ref_vs_mps_std": 9.318167146857603e-05,
  "tvd_hw_vs_ref_std": 0.00011180339887498881,
  "fidelity_hw_vs_mps_std": 1.3629853409472237e-06,
  "hellinger_hw_vs_mps_std": 9.361447570496004e-06,
  "marginal_L1_hw_vs_mps_std": 0.00022360679774996133,
  "marginal_max_abs_hw_vs_mps_std": 6.846531968813823e-05,
  "n_seeds": 5,
  "seeds": [
    0,
    1,
    2,
    3,
    4
  ],
  "per_seed": [
    {
      "seed": 0,
      "marginal_L1_hw_vs_ref": 0.01950000000000002,
      "marginal_max_abs_hw_vs_ref": 0.006749999999999978,
      "topk_overlap": 0.9,
      "freq_corr_hw_vs_ref": 0.999809417261758,
      "tvd_hw_vs_mps": 0.01658561858910242,
      "tvd_ref_vs_mps": 0.014058310507007371,
      "tvd_hw_vs_ref": 0.016624999999999994,
      "fidelity_hw_vs_mps": 0.9973461950590538,
      "hellinger_hw_vs_mps": 0.036438770226450555,
      "marginal_L1_hw_vs_mps": 0.02300506249951421,
      "marginal_max_abs_hw_vs_mps": 0.006685056429960645
    },
    {
      "seed": 1,
      "marginal_L1_hw_vs_ref": 0.01950000000000002,
      "marginal_max_abs_hw_vs_ref": 0.006749999999999978,
      "topk_overlap": 0.9,
      "freq_corr_hw_vs_ref": 0.9998097074899165,
      "tvd_hw_vs_mps": 0.01658561858910242,
      "tvd_ref_vs_mps": 0.013982456020072639,
      "tvd_hw_vs_ref": 0.016499999999999987,
      "fidelity_hw_vs_mps": 0.9973461950590538,
      "hellinger_hw_vs_mps": 0.036438770226450555,
      "marginal_L1_hw_vs_mps": 0.02300506249951421,
      "marginal_max_abs_hw_vs_mps": 0.006685056429960645
    },
    {
      "seed": 2,
      "marginal_L1_hw_vs_ref": 0.02012499999999998,
      "marginal_max_abs_hw_vs_ref": 0.0068749999999999645,
      "topk_overlap": 0.9,
      "freq_corr_hw_vs_ref": 0.9998038763910084,
      "tvd_hw_vs_mps": 0.016710618589102413,
      "tvd_ref_vs_mps": 0.013857456020072646,
      "tvd_hw_vs_ref": 0.016749999999999973,
      "fidelity_hw_vs_mps": 0.9973437839662287,
      "hellinger_hw_vs_mps": 0.03645533055112234,
      "marginal_L1_hw_vs_mps": 0.023380062499514184,
      "marginal_max_abs_hw_vs_mps": 0.006810056429960631
    },
    {
      "seed": 3,
      "marginal_L1_hw_vs_ref": 0.020125000000000035,
      "marginal_max_abs_hw_vs_ref": 0.007000000000000006,
      "topk_overlap": 0.9,
      "freq_corr_hw_vs_ref": 0.999809156643415,
      "tvd_hw_vs_mps": 0.016585618589102413,
      "tvd_ref_vs_mps": 0.01385745602007266,
      "tvd_hw_vs_ref": 0.01675,
      "fidelity_hw_vs_mps": 0.9973462032504999,
      "hellinger_hw_vs_mps": 0.036438713951613924,
      "marginal_L1_hw_vs_mps": 0.023255062499514197,
      "marginal_max_abs_hw_vs_mps": 0.006685056429960645
    },
    {
      "seed": 4,
      "marginal_L1_hw_vs_ref": 0.020249999999999966,
      "marginal_max_abs_hw_vs_ref": 0.006999999999999951,
      "topk_overlap": 0.9,
      "freq_corr_hw_vs_ref": 0.999805448060036,
      "tvd_hw_vs_mps": 0.0167106185891024,
      "tvd_ref_vs_mps": 0.013857456020072646,
      "tvd_hw_vs_ref": 0.016749999999999987,
      "fidelity_hw_vs_mps": 0.9973436382648814,
      "hellinger_hw_vs_mps": 0.03645633104434191,
      "marginal_L1_hw_vs_mps": 0.02350506249951417,
      "marginal_max_abs_hw_vs_mps": 0.006810056429960631
    }
  ],
  "error_bar_method": "seeds",
  "backend": "Aer ideal (referencia)",
  "variant": "reuse_unitary",
  "N_sites": 8,
  "b_max": 2
}