{
  "shots": 8000,
  "marginal_L1_hw_vs_ref": 0.02075000000000001,
  "marginal_max_abs_hw_vs_ref": 0.007400000000000006,
  "site_marginals_hw": [
    0.0409,
    0.019,
    0.0001,
    0.0055,
    0.4778,
    0.0464,
    0.0598,
    0.407
  ],
  "site_marginals_ref": [
    0.0458,
    0.019,
    0.0,
    0.0062,
    0.4848,
    0.0428,
    0.0601,
    0.4071
  ],
  "topk_k": 10,
  "topk_overlap": 0.9800000000000001,
  "freq_corr_hw_vs_ref": 0.9995696151508531,
  "tvd_hw_vs_mps": 0.013410046360907688,
  "tvd_ref_vs_mps": 0.015403987996638746,
  "tvd_hw_vs_ref": 0.019700000000000002,
  "fidelity_hw_vs_mps": 0.9974846448440804,
  "hellinger_hw_vs_mps": 0.035410130206207216,
  "mc_noise_scale": 0.08944271909999159,
  "marginal_L1_hw_vs_mps": 0.01483331077564205,
  "marginal_max_abs_hw_vs_mps": 0.005169619455522756,
  "site_marginals_mps": [
    0.042,
    0.0176,
    0.0,
    0.0058,
    0.4822,
    0.0456,
    0.0612,
    0.4077
  ],
  "seed": 0,
  "seconds": 0.032099260999984836,
  "marginal_L1_hw_vs_ref_std": 0.006925947588597513,
  "marginal_max_abs_hw_vs_ref_std": 0.002403448043956848,
  "topk_overlap_std": 0.04472135954999579,
  "freq_corr_hw_vs_ref_std": 0.0001682172733882441,
  "tvd_hw_vs_mps_std": 0.0021577003352257853,
  "tvd_ref_vs_mps_std": 0.001734069157687048,
  "tvd_hw_vs_ref_std": 0.0027889290059089013,
  "fidelity_hw_vs_mps_std": 0.00034054041676765616,
  "hellinger_hw_vs_mps_std": 0.0023988982824165402,
  "marginal_L1_hw_vs_mps_std": 0.003947267296035909,
  "marginal_max_abs_hw_vs_mps_std": 0.0015840873306819248,
  "n_seeds": 5,
  "seeds": [
    0,
    1,
    2,
    3,
    4
  ],
  "per_seed": [
    {
      "seed": 0,
      "marginal_L1_hw_vs_ref": 0.016875000000000043,
      "marginal_max_abs_hw_vs_ref": 0.007000000000000006,
      "topk_overlap": 1.0,
      "freq_corr_hw_vs_ref": 0.999494375060551,
      "tvd_hw_vs_mps": 0.011906004174757978,
      "tvd_ref_vs_mps": 0.015331702891812368,
      "tvd_hw_vs_ref": 0.018625000000000006,
      "fidelity_hw_vs_mps": 0.9978320123749775,
      "hellinger_hw_vs_mps": 0.032932992143710725,
      "marginal_L1_hw_vs_mps": 0.010256297567076338,
      "marginal_max_abs_hw_vs_mps": 0.0044350564299606154
    },
    {
      "seed": 1,
      "marginal_L1_hw_vs_ref": 0.016500000000000053,
      "marginal_max_abs_hw_vs_ref": 0.007875000000000021,
      "topk_overlap": 1.0,
      "freq_corr_hw_vs_ref": 0.9994476406560651,
      "tvd_hw_vs_mps": 0.015600551050802424,
      "tvd_ref_vs_mps": 0.017594572334880206,
      "tvd_hw_vs_ref": 0.021125000000000015,
      "fidelity_hw_vs_mps": 0.9978126543241429,
      "hellinger_hw_vs_mps": 0.03307977558939032,
      "marginal_L1_hw_vs_mps": 0.016801182182230402,
      "marginal_max_abs_hw_vs_mps": 0.0066899435700393806
    },
    {
      "seed": 2,
      "marginal_L1_hw_vs_ref": 0.029874999999999974,
      "marginal_max_abs_hw_vs_ref": 0.009624999999999995,
      "topk_overlap": 0.9,
      "freq_corr_hw_vs_ref": 0.9996060515645475,
      "tvd_hw_vs_mps": 0.015807241563183843,
      "tvd_ref_vs_mps": 0.012839450665259981,
      "tvd_hw_vs_ref": 0.020875000000000005,
      "fidelity_hw_vs_mps": 0.9970250618020825,
      "hellinger_hw_vs_mps": 0.03858208171866151,
      "marginal_L1_hw_vs_mps": 0.02044991365269514,
      "marginal_max_abs_hw_vs_mps": 0.007064943570039395
    },
    {
      "seed": 3,
      "marginal_L1_hw_vs_ref": 0.014124999999999992,
      "marginal_max_abs_hw_vs_ref": 0.003500000000000003,
      "topk_overlap": 1.0,
      "freq_corr_hw_vs_ref": 0.9998479902628958,
      "tvd_hw_vs_mps": 0.012596644577203733,
      "tvd_ref_vs_mps": 0.015103808588158258,
      "tvd_hw_vs_ref": 0.015374999999999993,
      "fidelity_hw_vs_mps": 0.9974003761293679,
      "hellinger_hw_vs_mps": 0.03606463351623363,
      "marginal_L1_hw_vs_mps": 0.012482978293977948,
      "marginal_max_abs_hw_vs_mps": 0.0038290768537871944
    },
    {
      "seed": 4,
      "marginal_L1_hw_vs_ref": 0.026374999999999992,
      "marginal_max_abs_hw_vs_ref": 0.009000000000000008,
      "topk_overlap": 1.0,
      "freq_corr_hw_vs_ref": 0.9994520182102061,
      "tvd_hw_vs_mps": 0.011139790438590461,
      "tvd_ref_vs_mps": 0.016150405503082912,
      "tvd_hw_vs_ref": 0.02249999999999999,
      "fidelity_hw_vs_mps": 0.997353119589831,
      "hellinger_hw_vs_mps": 0.036391168063039867,
      "marginal_L1_hw_vs_mps": 0.014176182182230414,
      "marginal_max_abs_hw_vs_mps": 0.0038290768537871944
    }
  ],
  "error_bar_method": "seeds",
  "backend": "Aer ideal (referencia)",
  "variant": "no_reuse_unitary",
  "N_sites": 8,
  "b_max": 2
}