{
  "shots": 8000,
  "marginal_L1_hw_vs_ref": 1.057375,
  "marginal_max_abs_hw_vs_ref": 0.215675,
  "site_marginals_hw": [
    0.1639,
    0.1614,
    0.1121,
    0.1029,
    0.4122,
    0.2537,
    0.2768,
    0.4994
  ],
  "site_marginals_ref": [
    0.0458,
    0.019,
    0.0,
    0.0062,
    0.4848,
    0.0428,
    0.0601,
    0.4071
  ],
  "topk_k": 10,
  "topk_overlap": 0.7200000000000001,
  "freq_corr_hw_vs_ref": 0.9397722800978524,
  "tvd_hw_vs_mps": 0.5262682216768736,
  "tvd_ref_vs_mps": 0.015403987996638746,
  "tvd_hw_vs_ref": 0.526075,
  "fidelity_hw_vs_mps": 0.5511409848824057,
  "hellinger_hw_vs_mps": 0.5075494672738841,
  "mc_noise_scale": 0.08944271909999159,
  "marginal_L1_hw_vs_mps": 1.058750086347305,
  "marginal_max_abs_hw_vs_mps": 0.21627158408845215,
  "site_marginals_mps": [
    0.042,
    0.0176,
    0.0,
    0.0058,
    0.4822,
    0.0456,
    0.0612,
    0.4077
  ],
  "seed": 0,
  "seconds": 3.218202596000083,
  "marginal_L1_hw_vs_ref_std": 0.011873026151744149,
  "marginal_max_abs_hw_vs_ref_std": 0.002592959216802294,
  "topk_overlap_std": 0.044721359549995836,
  "freq_corr_hw_vs_ref_std": 0.007222534811366014,
  "tvd_hw_vs_mps_std": 0.0068120519532450415,
  "tvd_ref_vs_mps_std": 0.001734069157687048,
  "tvd_hw_vs_ref_std": 0.008052367664233872,
  "fidelity_hw_vs_mps_std": 0.006745264883081108,
  "hellinger_hw_vs_mps_std": 0.004471899549135266,
  "marginal_L1_hw_vs_mps_std": 0.01241332449426821,
  "marginal_max_abs_hw_vs_mps_std": 0.0008837671379295973,
  "n_seeds": 5,
  "seeds": [
    0,
    1,
    2,
    3,
    4
  ],
  "per_seed": [
    {
      "seed": 0,
      "marginal_L1_hw_vs_ref": 1.061625,
      "marginal_max_abs_hw_vs_ref": 0.216625,
      "topk_overlap": 0.7,
      "freq_corr_hw_vs_ref": 0.9301326971378734,
      "tvd_hw_vs_mps": 0.5324296902028827,
      "tvd_ref_vs_mps": 0.015331702891812368,
      "tvd_hw_vs_ref": 0.5328749999999999,
      "fidelity_hw_vs_mps": 0.5483719026508075,
      "hellinger_hw_vs_mps": 0.509390447322157,
      "marginal_L1_hw_vs_mps": 1.060175086347305,
      "marginal_max_abs_hw_vs_mps": 0.21557795593568913
    },
    {
      "seed": 1,
      "marginal_L1_hw_vs_ref": 1.038875,
      "marginal_max_abs_hw_vs_ref": 0.213625,
      "topk_overlap": 0.8,
      "freq_corr_hw_vs_ref": 0.9405495398189935,
      "tvd_hw_vs_mps": 0.521179888352216,
      "tvd_ref_vs_mps": 0.017594572334880206,
      "tvd_hw_vs_ref": 0.51575,
      "fidelity_hw_vs_mps": 0.5564587536672445,
      "hellinger_hw_vs_mps": 0.5040221918154929,
      "marginal_L1_hw_vs_mps": 1.0469250863473047,
      "marginal_max_abs_hw_vs_mps": 0.21545295593568914
    },
    {
      "seed": 2,
      "marginal_L1_hw_vs_ref": 1.056875,
      "marginal_max_abs_hw_vs_ref": 0.215625,
      "topk_overlap": 0.7,
      "freq_corr_hw_vs_ref": 0.9472844732938558,
      "tvd_hw_vs_mps": 0.5188365715866825,
      "tvd_ref_vs_mps": 0.012839450665259981,
      "tvd_hw_vs_ref": 0.5197499999999999,
      "fidelity_hw_vs_mps": 0.5571890609977042,
      "hellinger_hw_vs_mps": 0.5035365160984632,
      "marginal_L1_hw_vs_mps": 1.0595500863473049,
      "marginal_max_abs_hw_vs_mps": 0.2168745263175967
    },
    {
      "seed": 3,
      "marginal_L1_hw_vs_ref": 1.071625,
      "marginal_max_abs_hw_vs_ref": 0.21300000000000002,
      "topk_overlap": 0.7,
      "freq_corr_hw_vs_ref": 0.9350719441152147,
      "tvd_hw_vs_mps": 0.5342597861551485,
      "tvd_ref_vs_mps": 0.015103808588158258,
      "tvd_hw_vs_ref": 0.528,
      "fidelity_hw_vs_mps": 0.5408211202079901,
      "hellinger_hw_vs_mps": 0.514387585248549,
      "marginal_L1_hw_vs_mps": 1.0781750863473047,
      "marginal_max_abs_hw_vs_mps": 0.21595295593568914
    },
    {
      "seed": 4,
      "marginal_L1_hw_vs_ref": 1.057875,
      "marginal_max_abs_hw_vs_ref": 0.2195,
      "topk_overlap": 0.7,
      "freq_corr_hw_vs_ref": 0.9458227461233244,
      "tvd_hw_vs_mps": 0.5246351720874384,
      "tvd_ref_vs_mps": 0.016150405503082912,
      "tvd_hw_vs_ref": 0.5339999999999999,
      "fidelity_hw_vs_mps": 0.5528640868882821,
      "hellinger_hw_vs_mps": 0.5064105958847581,
      "marginal_L1_hw_vs_mps": 1.048925086347305,
      "marginal_max_abs_hw_vs_mps": 0.2174995263175967
    }
  ],
  "error_bar_method": "seeds",
  "backend": "fake:torino (133q, ruido de dispositivo real)",
  "variant": "no_reuse_unitary",
  "N_sites": 8,
  "b_max": 2,
  "executed_depth": 1074,
  "executed_2q_gates": 297
}