{
  "shots": 8000,
  "marginal_L1_hw_vs_ref": 0.579,
  "marginal_max_abs_hw_vs_ref": 0.151925,
  "site_marginals_hw": [
    0.051,
    0.0465,
    0.0715,
    0.0595,
    0.4285,
    0.1681,
    0.2174,
    0.4906
  ],
  "site_marginals_ref": [
    0.0458,
    0.019,
    0.0,
    0.0062,
    0.4848,
    0.0428,
    0.0601,
    0.4071
  ],
  "topk_k": 10,
  "topk_overlap": 0.7,
  "freq_corr_hw_vs_ref": 0.9632815901476051,
  "tvd_hw_vs_mps": 0.33374599252374104,
  "tvd_ref_vs_mps": 0.015403987996638746,
  "tvd_hw_vs_ref": 0.33455,
  "fidelity_hw_vs_mps": 0.7471167454045178,
  "hellinger_hw_vs_mps": 0.368292201394559,
  "mc_noise_scale": 0.08944271909999159,
  "marginal_L1_hw_vs_mps": 0.5803750863473048,
  "marginal_max_abs_hw_vs_mps": 0.1512029559356891,
  "site_marginals_mps": [
    0.042,
    0.0176,
    0.0,
    0.0058,
    0.4822,
    0.0456,
    0.0612,
    0.4077
  ],
  "seed": 0,
  "seconds": 3.1877036420000877,
  "marginal_L1_hw_vs_ref_std": 0.006393966882929587,
  "marginal_max_abs_hw_vs_ref_std": 0.003913717861573569,
  "topk_overlap_std": 0.0,
  "freq_corr_hw_vs_ref_std": 0.004389429718777937,
  "tvd_hw_vs_mps_std": 0.003510934934633727,
  "tvd_ref_vs_mps_std": 0.001734069157687048,
  "tvd_hw_vs_ref_std": 0.008281002354787714,
  "fidelity_hw_vs_mps_std": 0.002240328303016183,
  "hellinger_hw_vs_mps_std": 0.0017600853387336934,
  "marginal_L1_hw_vs_mps_std": 0.0027451662062614925,
  "marginal_max_abs_hw_vs_mps_std": 0.003711258209825884,
  "n_seeds": 5,
  "seeds": [
    0,
    1,
    2,
    3,
    4
  ],
  "per_seed": [
    {
      "seed": 0,
      "marginal_L1_hw_vs_ref": 0.5798749999999999,
      "marginal_max_abs_hw_vs_ref": 0.15725,
      "topk_overlap": 0.7,
      "freq_corr_hw_vs_ref": 0.9556681942361448,
      "tvd_hw_vs_mps": 0.33543131011423594,
      "tvd_ref_vs_mps": 0.015331702891812368,
      "tvd_hw_vs_ref": 0.34099999999999997,
      "fidelity_hw_vs_mps": 0.7480401559007706,
      "hellinger_hw_vs_mps": 0.3675688410350747,
      "marginal_L1_hw_vs_mps": 0.5784250863473048,
      "marginal_max_abs_hw_vs_mps": 0.15620295593568914
    },
    {
      "seed": 1,
      "marginal_L1_hw_vs_ref": 0.576125,
      "marginal_max_abs_hw_vs_ref": 0.148125,
      "topk_overlap": 0.7,
      "freq_corr_hw_vs_ref": 0.9666275829593481,
      "tvd_hw_vs_mps": 0.33407904832450236,
      "tvd_ref_vs_mps": 0.017594572334880206,
      "tvd_hw_vs_ref": 0.33,
      "fidelity_hw_vs_mps": 0.7450376753402279,
      "hellinger_hw_vs_mps": 0.36992479026919567,
      "marginal_L1_hw_vs_mps": 0.5841750863473049,
      "marginal_max_abs_hw_vs_mps": 0.14995295593568914
    },
    {
      "seed": 2,
      "marginal_L1_hw_vs_ref": 0.5795000000000001,
      "marginal_max_abs_hw_vs_ref": 0.14875,
      "topk_overlap": 0.7,
      "freq_corr_hw_vs_ref": 0.9636679778792164,
      "tvd_hw_vs_mps": 0.3276215240346862,
      "tvd_ref_vs_mps": 0.012839450665259981,
      "tvd_hw_vs_ref": 0.32399999999999995,
      "fidelity_hw_vs_mps": 0.7502310768906141,
      "hellinger_hw_vs_mps": 0.36584312783643474,
      "marginal_L1_hw_vs_mps": 0.582175086347305,
      "marginal_max_abs_hw_vs_mps": 0.14720295593568913
    },
    {
      "seed": 3,
      "marginal_L1_hw_vs_ref": 0.571,
      "marginal_max_abs_hw_vs_ref": 0.15087499999999998,
      "topk_overlap": 0.7,
      "freq_corr_hw_vs_ref": 0.9648841095177967,
      "tvd_hw_vs_mps": 0.33534279881838713,
      "tvd_ref_vs_mps": 0.015103808588158258,
      "tvd_hw_vs_ref": 0.33325000000000005,
      "fidelity_hw_vs_mps": 0.7474187770542908,
      "hellinger_hw_vs_mps": 0.3680572651488653,
      "marginal_L1_hw_vs_mps": 0.5775500863473049,
      "marginal_max_abs_hw_vs_mps": 0.15382795593568913
    },
    {
      "seed": 4,
      "marginal_L1_hw_vs_ref": 0.5885,
      "marginal_max_abs_hw_vs_ref": 0.15462499999999998,
      "topk_overlap": 0.7,
      "freq_corr_hw_vs_ref": 0.9655600861455187,
      "tvd_hw_vs_mps": 0.3362552813268936,
      "tvd_ref_vs_mps": 0.016150405503082912,
      "tvd_hw_vs_ref": 0.3444999999999999,
      "fidelity_hw_vs_mps": 0.7448560418366854,
      "hellinger_hw_vs_mps": 0.3700669826832243,
      "marginal_L1_hw_vs_mps": 0.5795500863473049,
      "marginal_max_abs_hw_vs_mps": 0.14882795593568912
    }
  ],
  "error_bar_method": "seeds",
  "backend": "fake:torino (133q, ruido de dispositivo real)",
  "variant": "no_reuse_isometry",
  "N_sites": 8,
  "b_max": 2,
  "executed_depth": 766,
  "executed_2q_gates": 216
}