{
  "shots": 8000,
  "marginal_L1_hw_vs_ref": 0.64915,
  "marginal_max_abs_hw_vs_ref": 0.14187500000000003,
  "site_marginals_hw": [
    0.0959,
    0.1118,
    0.0419,
    0.0614,
    0.4389,
    0.1785,
    0.2021,
    0.4962
  ],
  "site_marginals_ref": [
    0.0426,
    0.0162,
    0.0,
    0.0039,
    0.4771,
    0.0485,
    0.06,
    0.4055
  ],
  "topk_k": 10,
  "topk_overlap": 0.8,
  "freq_corr_hw_vs_ref": 0.9739132649116437,
  "tvd_hw_vs_mps": 0.3494817383598197,
  "tvd_ref_vs_mps": 0.013922626917459591,
  "tvd_hw_vs_ref": 0.3518,
  "fidelity_hw_vs_mps": 0.7398075705600131,
  "hellinger_hw_vs_mps": 0.3740044489565063,
  "mc_noise_scale": 0.08944271909999159,
  "marginal_L1_hw_vs_mps": 0.6511000863473049,
  "marginal_max_abs_hw_vs_mps": 0.14080295593568914,
  "site_marginals_mps": [
    0.042,
    0.0176,
    0.0,
    0.0058,
    0.4822,
    0.0456,
    0.0612,
    0.4077
  ],
  "seed": 0,
  "seconds": 3.0583283609998944,
  "marginal_L1_hw_vs_ref_std": 0.00013693063937629673,
  "marginal_max_abs_hw_vs_ref_std": 0.00015309310892395444,
  "topk_overlap_std": 0.0,
  "freq_corr_hw_vs_ref_std": 2.0088933239454012e-05,
  "tvd_hw_vs_mps_std": 5.590169943751961e-05,
  "tvd_ref_vs_mps_std": 9.318167146857603e-05,
  "tvd_hw_vs_ref_std": 6.846531968814328e-05,
  "fidelity_hw_vs_mps_std": 1.4519488156827379e-05,
  "hellinger_hw_vs_mps_std": 1.1283784057945339e-05,
  "marginal_L1_hw_vs_mps_std": 0.00011180339887502062,
  "marginal_max_abs_hw_vs_mps_std": 0.00010458250331676119,
  "n_seeds": 5,
  "seeds": [
    0,
    1,
    2,
    3,
    4
  ],
  "per_seed": [
    {
      "seed": 0,
      "marginal_L1_hw_vs_ref": 0.64925,
      "marginal_max_abs_hw_vs_ref": 0.142125,
      "topk_overlap": 0.8,
      "freq_corr_hw_vs_ref": 0.9739064904965059,
      "tvd_hw_vs_mps": 0.34950673835981977,
      "tvd_ref_vs_mps": 0.014058310507007371,
      "tvd_hw_vs_ref": 0.35174999999999995,
      "fidelity_hw_vs_mps": 0.7398119862772243,
      "hellinger_hw_vs_mps": 0.374001017371011,
      "marginal_L1_hw_vs_mps": 0.6511750863473048,
      "marginal_max_abs_hw_vs_mps": 0.14095295593568913
    },
    {
      "seed": 1,
      "marginal_L1_hw_vs_ref": 0.649,
      "marginal_max_abs_hw_vs_ref": 0.14187500000000003,
      "topk_overlap": 0.8,
      "freq_corr_hw_vs_ref": 0.9739097233922318,
      "tvd_hw_vs_mps": 0.3495067383598197,
      "tvd_ref_vs_mps": 0.013982456020072639,
      "tvd_hw_vs_ref": 0.35175,
      "fidelity_hw_vs_mps": 0.7397905219934592,
      "hellinger_hw_vs_mps": 0.374017698153135,
      "marginal_L1_hw_vs_mps": 0.6511750863473049,
      "marginal_max_abs_hw_vs_mps": 0.14082795593568914
    },
    {
      "seed": 2,
      "marginal_L1_hw_vs_ref": 0.6492500000000001,
      "marginal_max_abs_hw_vs_ref": 0.14187500000000003,
      "topk_overlap": 0.8,
      "freq_corr_hw_vs_ref": 0.9738849129045397,
      "tvd_hw_vs_mps": 0.3495067383598197,
      "tvd_ref_vs_mps": 0.013857456020072646,
      "tvd_hw_vs_ref": 0.35187499999999994,
      "fidelity_hw_vs_mps": 0.7397947755303498,
      "hellinger_hw_vs_mps": 0.3740143925936813,
      "marginal_L1_hw_vs_mps": 0.6511750863473049,
      "marginal_max_abs_hw_vs_mps": 0.14082795593568914
    },
    {
      "seed": 3,
      "marginal_L1_hw_vs_ref": 0.64925,
      "marginal_max_abs_hw_vs_ref": 0.14175,
      "topk_overlap": 0.8,
      "freq_corr_hw_vs_ref": 0.9739340795464998,
      "tvd_hw_vs_mps": 0.3495067383598197,
      "tvd_ref_vs_mps": 0.01385745602007266,
      "tvd_hw_vs_ref": 0.351875,
      "fidelity_hw_vs_mps": 0.7398154830067357,
      "hellinger_hw_vs_mps": 0.37399829987042194,
      "marginal_L1_hw_vs_mps": 0.6510500863473048,
      "marginal_max_abs_hw_vs_mps": 0.14070295593568913
    },
    {
      "seed": 4,
      "marginal_L1_hw_vs_ref": 0.649,
      "marginal_max_abs_hw_vs_ref": 0.14175,
      "topk_overlap": 0.8,
      "freq_corr_hw_vs_ref": 0.9739311182184404,
      "tvd_hw_vs_mps": 0.34938173835981967,
      "tvd_ref_vs_mps": 0.013857456020072646,
      "tvd_hw_vs_ref": 0.35174999999999995,
      "fidelity_hw_vs_mps": 0.7398250859922969,
      "hellinger_hw_vs_mps": 0.3739908367942825,
      "marginal_L1_hw_vs_mps": 0.6509250863473048,
      "marginal_max_abs_hw_vs_mps": 0.14070295593568913
    }
  ],
  "error_bar_method": "seeds",
  "backend": "fake:torino (133q, ruido de dispositivo real)",
  "variant": "reuse_unitary",
  "N_sites": 8,
  "b_max": 2,
  "executed_depth": 980,
  "executed_2q_gates": 220
}