{
  "shots": 8000,
  "marginal_L1_hw_vs_ref": 0.050499999999999934,
  "marginal_max_abs_hw_vs_ref": 0.01050000000000001,
  "site_marginals_hw": [
    0.502,
    0.499,
    0.2882,
    0.4739,
    0.4886,
    0.3644,
    0.4955,
    0.4848,
    0.3701,
    0.4028,
    0.4498,
    0.5024
  ],
  "site_marginals_ref": [
    0.4978,
    0.4988,
    0.2828,
    0.4755,
    0.4974,
    0.3704,
    0.4985,
    0.4866,
    0.3806,
    0.4056,
    0.4461,
    0.5001
  ],
  "topk_k": 10,
  "topk_overlap": 0.8,
  "freq_corr_hw_vs_ref": 0.9833520838887447,
  "tvd_hw_vs_mps": 0.09369225784584415,
  "tvd_ref_vs_mps": 0.10001644589765343,
  "tvd_hw_vs_ref": 0.132125,
  "fidelity_hw_vs_mps": 0.9504602608793397,
  "hellinger_hw_vs_mps": 0.15838082352585506,
  "mc_noise_scale": 0.35777087639996635,
  "marginal_L1_hw_vs_mps": 0.03488419630955808,
  "marginal_max_abs_hw_vs_mps": 0.006363632274176745,
  "site_marginals_mps": [
    0.5002,
    0.4981,
    0.2886,
    0.4802,
    0.495,
    0.3614,
    0.498,
    0.4842,
    0.3751,
    0.4058,
    0.4458,
    0.5013
  ],
  "backend": "Aer ideal (referencia)",
  "variant": "no_reuse_isometry",
  "seconds": 0.13548331699999494
}