{
  "shots": 1024,
  "marginal_L1_hw_vs_ref": 0.2620703125,
  "marginal_max_abs_hw_vs_ref": 0.055765624999999985,
  "site_marginals_hw": [
    0.4873,
    0.5225,
    0.3076,
    0.4961,
    0.5117,
    0.416,
    0.498,
    0.5156,
    0.3887,
    0.4414,
    0.4697,
    0.5107
  ],
  "site_marginals_ref": [
    0.5081,
    0.4999,
    0.2844,
    0.4726,
    0.4896,
    0.3602,
    0.4962,
    0.4922,
    0.3791,
    0.4128,
    0.4471,
    0.5026
  ],
  "topk_k": 10,
  "topk_overlap": 0.6,
  "freq_corr_hw_vs_ref": 0.6655809027277572,
  "tvd_hw_vs_mps": 0.6313176235401323,
  "tvd_ref_vs_mps": 0.10050280651069071,
  "tvd_hw_vs_ref": 0.6347421875,
  "fidelity_hw_vs_mps": 0.3756704617129169,
  "hellinger_hw_vs_mps": 0.6221578409668831,
  "mc_noise_scale": 1.0,
  "marginal_L1_hw_vs_mps": 0.2576380849712937,
  "marginal_max_abs_hw_vs_mps": 0.05460026577543431,
  "site_marginals_mps": [
    0.5002,
    0.4981,
    0.2886,
    0.4802,
    0.495,
    0.3614,
    0.498,
    0.4842,
    0.3751,
    0.4058,
    0.4458,
    0.5013
  ],
  "backend": "fake:torino (133q, ruido de dispositivo real)",
  "variant": "no_reuse_isometry",
  "seconds": 12.681454733999999,
  "executed_depth": 1343,
  "executed_2q_gates": 376
}