{
  "shots": 8000,
  "marginal_L1_hw_vs_ref": 0.030800249999999994,
  "marginal_max_abs_hw_vs_ref": 0.011779833333333333,
  "site_marginals_hw": [
    0.0409,
    0.019,
    0.0001,
    0.0055,
    0.4778,
    0.0464,
    0.0598,
    0.407
  ],
  "site_marginals_ref": [
    0.0458,
    0.019,
    0.0,
    0.0062,
    0.4848,
    0.0428,
    0.0601,
    0.4071
  ],
  "topk_k": 10,
  "topk_overlap": 0.9206000000000001,
  "freq_corr_hw_vs_ref": 0.999096052205147,
  "tvd_hw_vs_mps": 0.01958484362579615,
  "tvd_ref_vs_mps": 0.02085692381098079,
  "tvd_hw_vs_ref": 0.028288999999999998,
  "fidelity_hw_vs_mps": 0.9958972969760517,
  "hellinger_hw_vs_mps": 0.04516549265662408,
  "mc_noise_scale": 0.08944271909999159,
  "marginal_L1_hw_vs_mps": 0.02186679761294759,
  "marginal_max_abs_hw_vs_mps": 0.008334055783952788,
  "site_marginals_mps": [
    0.042,
    0.0176,
    0.0,
    0.0058,
    0.4822,
    0.0456,
    0.0612,
    0.4077
  ],
  "seed": 0,
  "transpile_seed": 2.0,
  "seconds": 0.0996551959997305,
  "marginal_L1_hw_vs_ref_std": 0.010527371832264041,
  "marginal_max_abs_hw_vs_ref_std": 0.005286574558994421,
  "topk_overlap_std": 0.05801195689102613,
  "freq_corr_hw_vs_ref_std": 0.000581964507978857,
  "tvd_hw_vs_mps_std": 0.004153061144999804,
  "tvd_ref_vs_mps_std": 0.004301475875603749,
  "tvd_hw_vs_ref_std": 0.006058918201210813,
  "fidelity_hw_vs_mps_std": 0.000696670565318872,
  "hellinger_hw_vs_mps_std": 0.003839938941213646,
  "marginal_L1_hw_vs_mps_std": 0.0071884449259933085,
  "marginal_max_abs_hw_vs_mps_std": 0.0036397968269920285,
  "transpile_seed_std": 1.5811388300841898,
  "n_seeds": 5,
  "seeds": [
    0,
    1,
    2,
    3,
    4
  ],
  "per_seed": [
    {
      "seed": 0,
      "marginal_L1_hw_vs_ref": 0.016875000000000043,
      "marginal_max_abs_hw_vs_ref": 0.007000000000000006,
      "topk_overlap": 1.0,
      "freq_corr_hw_vs_ref": 0.9994943750605508,
      "tvd_hw_vs_mps": 0.011906004174757978,
      "tvd_ref_vs_mps": 0.015331702891812368,
      "tvd_hw_vs_ref": 0.018625000000000006,
      "fidelity_hw_vs_mps": 0.9978320123749775,
      "hellinger_hw_vs_mps": 0.032932992143710725,
      "marginal_L1_hw_vs_mps": 0.010256297567076338,
      "marginal_max_abs_hw_vs_mps": 0.0044350564299606154,
      "transpile_seed": 0
    },
    {
      "seed": 1,
      "marginal_L1_hw_vs_ref": 0.016500000000000053,
      "marginal_max_abs_hw_vs_ref": 0.007875000000000021,
      "topk_overlap": 1.0,
      "freq_corr_hw_vs_ref": 0.9994476406560651,
      "tvd_hw_vs_mps": 0.015600551050802424,
      "tvd_ref_vs_mps": 0.017594572334880206,
      "tvd_hw_vs_ref": 0.021125000000000015,
      "fidelity_hw_vs_mps": 0.9978126543241429,
      "hellinger_hw_vs_mps": 0.03307977558939032,
      "marginal_L1_hw_vs_mps": 0.016801182182230402,
      "marginal_max_abs_hw_vs_mps": 0.0066899435700393806,
      "transpile_seed": 1
    },
    {
      "seed": 2,
      "marginal_L1_hw_vs_ref": 0.029874999999999974,
      "marginal_max_abs_hw_vs_ref": 0.009624999999999995,
      "topk_overlap": 0.9,
      "freq_corr_hw_vs_ref": 0.999606051564548,
      "tvd_hw_vs_mps": 0.015807241563183843,
      "tvd_ref_vs_mps": 0.012839450665259981,
      "tvd_hw_vs_ref": 0.020875000000000005,
      "fidelity_hw_vs_mps": 0.9970250618020825,
      "hellinger_hw_vs_mps": 0.03858208171866151,
      "marginal_L1_hw_vs_mps": 0.02044991365269514,
      "marginal_max_abs_hw_vs_mps": 0.007064943570039395,
      "transpile_seed": 2
    },
    {
      "seed": 3,
      "marginal_L1_hw_vs_ref": 0.014124999999999992,
      "marginal_max_abs_hw_vs_ref": 0.003500000000000003,
      "topk_overlap": 1.0,
      "freq_corr_hw_vs_ref": 0.9998479902628954,
      "tvd_hw_vs_mps": 0.012596644577203733,
      "tvd_ref_vs_mps": 0.015103808588158258,
      "tvd_hw_vs_ref": 0.015374999999999993,
      "fidelity_hw_vs_mps": 0.9974003761293679,
      "hellinger_hw_vs_mps": 0.03606463351623363,
      "marginal_L1_hw_vs_mps": 0.012482978293977948,
      "marginal_max_abs_hw_vs_mps": 0.0038290768537871944,
      "transpile_seed": 3
    },
    {
      "seed": 4,
      "marginal_L1_hw_vs_ref": 0.026374999999999992,
      "marginal_max_abs_hw_vs_ref": 0.009000000000000008,
      "topk_overlap": 1.0,
      "freq_corr_hw_vs_ref": 0.9994520182102062,
      "tvd_hw_vs_mps": 0.011139790438590461,
      "tvd_ref_vs_mps": 0.016150405503082912,
      "tvd_hw_vs_ref": 0.02249999999999999,
      "fidelity_hw_vs_mps": 0.997353119589831,
      "hellinger_hw_vs_mps": 0.036391168063039867,
      "marginal_L1_hw_vs_mps": 0.014176182182230414,
      "marginal_max_abs_hw_vs_mps": 0.0038290768537871944,
      "transpile_seed": 4
    }
  ],
  "fidelity_hw_vs_mps_std_seed": 0.0004275548868537676,
  "fidelity_hw_vs_mps_std_bootstrap": 0.0005500424486429922,
  "fidelity_hw_vs_mps_std_total": 0.000696670565318872,
  "freq_corr_hw_vs_ref_std_seed": 0.0001350322185183665,
  "freq_corr_hw_vs_ref_std_bootstrap": 0.0005660821393659063,
  "freq_corr_hw_vs_ref_std_total": 0.000581964507978857,
  "hellinger_hw_vs_mps_std_seed": 0.0023666341772719452,
  "hellinger_hw_vs_mps_std_bootstrap": 0.0030239334885571343,
  "hellinger_hw_vs_mps_std_total": 0.003839938941213646,
  "marginal_L1_hw_vs_mps_std_seed": 0.0020654483639874857,
  "marginal_L1_hw_vs_mps_std_bootstrap": 0.006885322324317168,
  "marginal_L1_hw_vs_mps_std_total": 0.0071884449259933085,
  "marginal_L1_hw_vs_ref_std_seed": 0.003736818402174947,
  "marginal_L1_hw_vs_ref_std_bootstrap": 0.009841836511744799,
  "marginal_L1_hw_vs_ref_std_total": 0.010527371832264041,
  "marginal_max_abs_hw_vs_mps_std_seed": 0.0007868673649548729,
  "marginal_max_abs_hw_vs_mps_std_bootstrap": 0.003553724903780569,
  "marginal_max_abs_hw_vs_mps_std_total": 0.0036397968269920285,
  "marginal_max_abs_hw_vs_ref_std_seed": 0.0012637317492362778,
  "marginal_max_abs_hw_vs_ref_std_bootstrap": 0.005133308156908103,
  "marginal_max_abs_hw_vs_ref_std_total": 0.005286574558994421,
  "topk_overlap_std_seed": 0.013996825036811501,
  "topk_overlap_std_bootstrap": 0.056298099712291896,
  "topk_overlap_std_total": 0.05801195689102613,
  "tvd_hw_vs_mps_std_seed": 0.0014969059530681398,
  "tvd_hw_vs_mps_std_bootstrap": 0.0038739113879613005,
  "tvd_hw_vs_mps_std_total": 0.004153061144999804,
  "tvd_hw_vs_ref_std_seed": 0.0016712245126037897,
  "tvd_hw_vs_ref_std_bootstrap": 0.0058238731440027,
  "tvd_hw_vs_ref_std_total": 0.006058918201210813,
  "tvd_ref_vs_mps_std_seed": 0.0014811000569661668,
  "tvd_ref_vs_mps_std_bootstrap": 0.004038444914772994,
  "tvd_ref_vs_mps_std_total": 0.004301475875603749,
  "n_boots": 300,
  "per_seed_bootstrap": [
    {
      "seed": 0,
      "transpile_seed": 0,
      "marginal_L1_hw_vs_ref": 0.029704583333333333,
      "marginal_max_abs_hw_vs_ref": 0.011344583333333332,
      "topk_overlap": 0.9186666666666667,
      "freq_corr_hw_vs_ref": 0.9990321058378132,
      "tvd_hw_vs_mps": 0.018391196857072516,
      "tvd_ref_vs_mps": 0.020734970685104163,
      "tvd_hw_vs_ref": 0.028053333333333333,
      "fidelity_hw_vs_mps": 0.996441928816497,
      "hellinger_hw_vs_mps": 0.04210007951518822,
      "marginal_L1_hw_vs_mps": 0.01943351026789918,
      "marginal_max_abs_hw_vs_mps": 0.007712581587023961,
      "marginal_L1_hw_vs_ref_std": 0.009211535877390755,
      "marginal_max_abs_hw_vs_ref_std": 0.004905105122618202,
      "topk_overlap_std": 0.0571176883574597,
      "freq_corr_hw_vs_ref_std": 0.0006171094174967486,
      "tvd_hw_vs_mps_std": 0.0034783860881520464,
      "tvd_ref_vs_mps_std": 0.0042520662498160035,
      "tvd_hw_vs_ref_std": 0.006077568663406192,
      "fidelity_hw_vs_mps_std": 0.0004857366227191389,
      "hellinger_hw_vs_mps_std": 0.002874246642233668,
      "marginal_L1_hw_vs_mps_std": 0.005919473411640541,
      "marginal_max_abs_hw_vs_mps_std": 0.0033197333059966604,
      "n_boots": 300,
      "bootstrap_resamples": 300
    },
    {
      "seed": 1,
      "transpile_seed": 1,
      "marginal_L1_hw_vs_ref": 0.028520000000000004,
      "marginal_max_abs_hw_vs_ref": 0.0113425,