{
  "shots": 8000,
  "marginal_L1_hw_vs_ref": 0.06887500000000003,
  "marginal_max_abs_hw_vs_ref": 0.014500000000000013,
  "site_marginals_hw": [
    0.1144,
    0.4981,
    0.4959,
    0.2872,
    0.4761,
    0.4882,
    0.3601,
    0.4875,
    0.4875,
    0.3811,
    0.41,
    0.4524,
    0.5019,
    0.1075
  ],
  "site_marginals_ref": [
    0.1186,
    0.5126,
    0.4989,
    0.2865,
    0.4726,
    0.4872,
    0.3536,
    0.4961,
    0.49,
    0.3818,
    0.4146,
    0.4478,
    0.493,
    0.113
  ],
  "topk_k": 10,
  "topk_overlap": 1.0,
  "freq_corr_hw_vs_ref": 0.9807678228185951,
  "tvd_hw_vs_mps": 0.1283499708580473,
  "tvd_ref_vs_mps": 0.13074961615328487,
  "tvd_hw_vs_ref": 0.170375,
  "fidelity_hw_vs_mps": 0.915881617468116,
  "hellinger_hw_vs_mps": 0.2073233190751503,
  "mc_noise_scale": 0.7155417527999327,
  "marginal_L1_hw_vs_mps": 0.04429652307598027,
  "marginal_max_abs_hw_vs_mps": 0.009353307777442421,
  "site_marginals_mps": [
    0.1198,
    0.5008,
    0.4981,
    0.2882,
    0.4795,
    0.4939,
    0.3609,
    0.4969,
    0.4877,
    0.3776,
    0.4086,
    0.4473,
    0.4984,
    0.1078
  ],
  "backend": "Aer ideal (referencia)",
  "variant": "no_reuse_isometry",
  "seconds": 0.1482348689999924
}