{
  "shots": 1024,
  "marginal_L1_hw_vs_ref": 0.5651171875000001,
  "marginal_max_abs_hw_vs_ref": 0.1423984375,
  "site_marginals_hw": [
    0.123,
    0.5117,
    0.4775,
    0.3516,
    0.5234,
    0.4873,
    0.4072,
    0.5215,
    0.5469,
    0.4473,
    0.502,
    0.458,
    0.4668,
    0.249
  ],
  "site_marginals_ref": [
    0.1236,
    0.4992,
    0.4868,
    0.297,
    0.4832,
    0.489,
    0.3585,
    0.5075,
    0.4894,
    0.384,
    0.417,
    0.4405,
    0.4849,
    0.1066
  ],
  "topk_k": 10,
  "topk_overlap": 0.4,
  "freq_corr_hw_vs_ref": 0.49527836022801175,
  "tvd_hw_vs_mps": 0.7687657862108249,
  "tvd_ref_vs_mps": 0.12916474750082899,
  "tvd_hw_vs_ref": 0.7715546875,
  "fidelity_hw_vs_mps": 0.17181801375214747,
  "hellinger_hw_vs_mps": 0.7651735978875452,
  "mc_noise_scale": 2.0,
  "marginal_L1_hw_vs_mps": 0.6253040196011268,
  "marginal_max_abs_hw_vs_mps": 0.14119389737625532,
  "site_marginals_mps": [
    0.1198,
    0.5008,
    0.4981,
    0.2882,
    0.4795,
    0.4939,
    0.3609,
    0.4969,
    0.4877,
    0.3776,
    0.4086,
    0.4473,
    0.4984,
    0.1078
  ],
  "backend": "fake:torino (133q, ruido de dispositivo real)",
  "variant": "no_reuse_isometry",
  "seconds": 11.532994906999988,
  "executed_depth": 1624,
  "executed_2q_gates": 465
}