subset,n,p50,p90,p95,p99
train_normal,57242,5.641171,9.371052,10.607507,13.142586
val_normal,10101,5.680653,9.532140,11.001464,15.497418
test_normal,9711,5.653192,12.478959,13.045034,18.123641
