auc_roc,auc_pr
0.937359,0.930100
