auc_roc,auc_pr
0.903262,0.908936
