auc_roc,auc_pr
0.904579,0.913796
