threshold_name,threshold,tp,fp,fn,tn,precision,recall,f1,fpr
p94.5,11.264592,10865,1115,1968,8596,0.906928,0.846645,0.875751,0.114818
p99,15.714631,6265,317,6568,9394,0.951838,0.488194,0.645377,0.032643
