threshold_name,threshold,tp,fp,fn,tn,precision,recall,f1,fpr
p94.5,10.860679,9582,1132,3251,8579,0.894344,0.746669,0.813862,0.116569
p99,15.153106,6979,209,5854,9502,0.970924,0.543832,0.697168,0.021522
