family,n_samples,auc_roc,auc_pr,auc_pr_baseline,recall_p94.5,recall_p99
dos,7458,0.925574,0.879652,0.434388,0.910700,0.307053
probe,2421,0.892914,0.736304,0.199555,0.733168,0.572491
r2l,2754,0.856709,0.626966,0.220939,0.552288,0.224401
u2r,200,0.837574,0.113824,0.020180,0.375000,0.280000
