family,n_samples,auc_roc,auc_pr,auc_pr_baseline,recall_p94.5,recall_p99
dos,7458,0.940169,0.908856,0.434388,0.877849,0.658756
probe,2421,0.889413,0.729650,0.199555,0.729451,0.582817
r2l,2754,0.826750,0.535798,0.220939,0.433188,0.219680
u2r,200,0.832738,0.107350,0.020180,0.380000,0.250000
