{
  "shots": 8000,
  "marginal_L1_hw_vs_ref": 0.17992500000000003,
  "marginal_max_abs_hw_vs_ref": 0.042225,
  "site_marginals_hw": [
    0.0508,
    0.0368,
    0.0339,
    0.0476,
    0.4858,
    0.0849,
    0.084,
    0.4184
  ],
  "site_marginals_ref": [
    0.0421,
    0.0195,
    0.0,
    0.0061,
    0.4852,
    0.0445,
    0.0585,
    0.4054
  ],
  "topk_k": 10,
  "topk_overlap": 0.8,
  "freq_corr_hw_vs_ref": 0.9981439752044894,
  "tvd_hw_vs_mps": 0.14122583877014477,
  "tvd_ref_vs_mps": 0.0159890616230979,
  "tvd_hw_vs_ref": 0.142125,
  "fidelity_hw_vs_mps": 0.9072593726753233,
  "hellinger_hw_vs_mps": 0.21792421396044412,
  "mc_noise_scale": 0.08944271909999159,
  "marginal_L1_hw_vs_mps": 0.18143228947660356,
  "marginal_max_abs_hw_vs_mps": 0.04232801040755257,
  "site_marginals_mps": [
    0.0415,
    0.0186,
    0.0,
    0.0057,
    0.4822,
    0.0479,
    0.0588,
    0.4061
  ],
  "seed": 0,
  "seconds": 3.094499629999973,
  "marginal_L1_hw_vs_ref_std": 0.010160662503006375,
  "marginal_max_abs_hw_vs_ref_std": 0.0007416198487095639,
  "topk_overlap_std": 0.0,
  "freq_corr_hw_vs_ref_std": 0.00021161224950437286,
  "tvd_hw_vs_mps_std": 0.0029823013603459446,
  "tvd_ref_vs_mps_std": 0.003554651490714165,
  "tvd_hw_vs_ref_std": 0.004566351114401968,
  "fidelity_hw_vs_mps_std": 0.0026616712411535806,
  "hellinger_hw_vs_mps_std": 0.003205001993244872,
  "marginal_L1_hw_vs_mps_std": 0.0038794413335039137,
  "marginal_max_abs_hw_vs_mps_std": 0.001844819825078454,
  "n_seeds": 5,
  "seeds": [
    0,
    1,
    2,
    3,
    4
  ],
  "per_seed": [
    {
      "seed": 0,
      "marginal_L1_hw_vs_ref": 0.18062500000000004,
      "marginal_max_abs_hw_vs_ref": 0.0415,
      "topk_overlap": 0.8,
      "freq_corr_hw_vs_ref": 0.9980202176262472,
      "tvd_hw_vs_mps": 0.13699536081763386,
      "tvd_ref_vs_mps": 0.013467152583616823,
      "tvd_hw_vs_ref": 0.13925,
      "fidelity_hw_vs_mps": 0.9102161442624096,
      "hellinger_hw_vs_mps": 0.21435371453057894,
      "marginal_L1_hw_vs_mps": 0.18121979807954292,
      "marginal_max_abs_hw_vs_mps": 0.04195638760310411
    },
    {
      "seed": 1,
      "marginal_L1_hw_vs_ref": 0.16962500000000003,
      "marginal_max_abs_hw_vs_ref": 0.04325,
      "topk_overlap": 0.8,
      "freq_corr_hw_vs_ref": 0.997938527458653,
      "tvd_hw_vs_mps": 0.14217516813185205,
      "tvd_ref_vs_mps": 0.020482022615648004,
      "tvd_hw_vs_ref": 0.13637499999999997,
      "fidelity_hw_vs_mps": 0.9096398286853088,
      "hellinger_hw_vs_mps": 0.21505719781071717,
      "marginal_L1_hw_vs_mps": 0.1879697980795429,
      "marginal_max_abs_hw_vs_mps": 0.04543950162534637
    },
    {
      "seed": 2,
      "marginal_L1_hw_vs_ref": 0.17362499999999997,
      "marginal_max_abs_hw_vs_ref": 0.042375,
      "topk_overlap": 0.8,
      "freq_corr_hw_vs_ref": 0.9984522422752882,
      "tvd_hw_vs_mps": 0.14294966398915884,
      "tvd_ref_vs_mps": 0.011444965154573524,
      "tvd_hw_vs_ref": 0.142125,
      "fidelity_hw_vs_mps": 0.9068026524011255,
      "hellinger_hw_vs_mps": 0.2184905918909289,
      "marginal_L1_hw_vs_mps": 0.17840725506484634,
      "marginal_max_abs_hw_vs_mps": 0.04233138760310411
    },
    {
      "seed": 3,
      "marginal_L1_hw_vs_ref": 0.17950000000000005,
      "marginal_max_abs_hw_vs_ref": 0.042499999999999996,
      "topk_overlap": 0.8,
      "freq_corr_hw_vs_ref": 0.9980396696171119,
      "tvd_hw_vs_mps": 0.1445138942318482,
      "tvd_ref_vs_mps": 0.017140725727124342,
      "tvd_hw_vs_ref": 0.14487500000000003,
      "fidelity_hw_vs_mps": 0.9038676367815033,
      "hellinger_hw_vs_mps": 0.2219920351238845,
      "marginal_L1_hw_vs_mps": 0.1809697980795429,
      "marginal_max_abs_hw_vs_mps": 0.04108138760310411
    },
    {
      "seed": 4,
      "marginal_L1_hw_vs_ref": 0.19624999999999998,
      "marginal_max_abs_hw_vs_ref": 0.0415,
      "topk_overlap": 0.8,
      "freq_corr_hw_vs_ref": 0.9982692190451464,
      "tvd_hw_vs_mps": 0.13949510668023082,
      "tvd_ref_vs_mps": 0.01741044203452681,
      "tvd_hw_vs_ref": 0.148,
      "fidelity_hw_vs_mps": 0.9057706012462688,
      "hellinger_hw_vs_mps": 0.21972753044611104,
      "marginal_L1_hw_vs_mps": 0.17859479807954287,
      "marginal_max_abs_hw_vs_mps": 0.04083138760310411
    }
  ],
  "error_bar_method": "seeds",
  "backend": "fake:torino (133q, ruido de dispositivo real)",
  "variant": "no_reuse_isometry",
  "N_sites": 8,
  "b_max": 1,
  "executed_depth": 126,
  "executed_2q_gates": 36
}