{
  "shots": 8000,
  "marginal_L1_hw_vs_ref": 0.018874999999999982,
  "marginal_max_abs_hw_vs_ref": 0.0064249999999999915,
  "site_marginals_hw": [
    0.0402,
    0.0174,
    0.0,
    0.006,
    0.4784,
    0.0478,
    0.0586,
    0.4051
  ],
  "site_marginals_ref": [
    0.0421,
    0.0195,
    0.0,
    0.0061,
    0.4852,
    0.0445,
    0.0585,
    0.4054
  ],
  "topk_k": 10,
  "topk_overlap": 0.9800000000000001,
  "freq_corr_hw_vs_ref": 0.9996146122178867,
  "tvd_hw_vs_mps": 0.013742236908052315,
  "tvd_ref_vs_mps": 0.0159890616230979,
  "tvd_hw_vs_ref": 0.01984999999999999,
  "fidelity_hw_vs_mps": 0.9973507015430473,
  "hellinger_hw_vs_mps": 0.03631547834257496,
  "mc_noise_scale": 0.08944271909999159,
  "marginal_L1_hw_vs_mps": 0.013984142773181964,
  "marginal_max_abs_hw_vs_mps": 0.004512289515964796,
  "site_marginals_mps": [
    0.0415,
    0.0186,
    0.0,
    0.0057,
    0.4822,
    0.0479,
    0.0588,
    0.4061
  ],
  "seed": 0,
  "seconds": 0.015466129000060391,
  "marginal_L1_hw_vs_ref_std": 0.0064080028089881546,
  "marginal_max_abs_hw_vs_ref_std": 0.0020588983704884645,
  "topk_overlap_std": 0.04472135954999579,
  "freq_corr_hw_vs_ref_std": 0.00014108483017167745,
  "tvd_hw_vs_mps_std": 0.003907942235765486,
  "tvd_ref_vs_mps_std": 0.003554651490714165,
  "tvd_hw_vs_ref_std": 0.0019292161620720514,
  "fidelity_hw_vs_mps_std": 0.0004245175642174316,
  "hellinger_hw_vs_mps_std": 0.002900833419740814,
  "marginal_L1_hw_vs_mps_std": 0.0072706188753430935,
  "marginal_max_abs_hw_vs_mps_std": 0.001701484114762663,
  "n_seeds": 5,
  "seeds": [
    0,
    1,
    2,
    3,
    4
  ],
  "per_seed": [
    {
      "seed": 0,
      "marginal_L1_hw_vs_ref": 0.014624999999999989,
      "marginal_max_abs_hw_vs_ref": 0.00687500000000002,
      "topk_overlap": 1.0,
      "freq_corr_hw_vs_ref": 0.9995278316857715,
      "tvd_hw_vs_mps": 0.00981228776447066,
      "tvd_ref_vs_mps": 0.013467152583616823,
      "tvd_hw_vs_ref": 0.018624999999999996,
      "fidelity_hw_vs_mps": 0.9978482528138395,
      "hellinger_hw_vs_mps": 0.03280934270260618,
      "marginal_L1_hw_vs_mps": 0.007942977126665333,
      "marginal_max_abs_hw_vs_mps": 0.0037812284926517226
    },
    {
      "seed": 1,
      "marginal_L1_hw_vs_ref": 0.019624999999999962,
      "marginal_max_abs_hw_vs_ref": 0.00824999999999998,
      "topk_overlap": 1.0,
      "freq_corr_hw_vs_ref": 0.9995446663049787,
      "tvd_hw_vs_mps": 0.017087575741141076,
      "tvd_ref_vs_mps": 0.020482022615648004,
      "tvd_hw_vs_ref": 0.020874999999999998,
      "fidelity_hw_vs_mps": 0.9976296111642252,
      "hellinger_hw_vs_mps": 0.034436863887985725,
      "marginal_L1_hw_vs_mps": 0.019449161240987025,
      "marginal_max_abs_hw_vs_mps": 0.006468771507348259
    },
    {
      "seed": 2,
      "marginal_L1_hw_vs_ref": 0.028874999999999994,
      "marginal_max_abs_hw_vs_ref": 0.0071249999999999925,
      "topk_overlap": 0.9,
      "freq_corr_hw_vs_ref": 0.9997137899745525,
      "tvd_hw_vs_mps": 0.018388165742532367,
      "tvd_ref_vs_mps": 0.011444965154573524,
      "tvd_hw_vs_ref": 0.020749999999999987,
      "fidelity_hw_vs_mps": 0.9973165313317639,
      "hellinger_hw_vs_mps": 0.03664199325075554,
      "marginal_L1_hw_vs_mps": 0.023842744935153662,
      "marginal_max_abs_hw_vs_mps": 0.006218771507348286
    },
    {
      "seed": 3,
      "marginal_L1_hw_vs_ref": 0.01212499999999997,
      "marginal_max_abs_hw_vs_ref": 0.002874999999999961,
      "topk_overlap": 1.0,
      "freq_corr_hw_vs_ref": 0.999810276155133,
      "tvd_hw_vs_mps": 0.013231519928073967,
      "tvd_ref_vs_mps": 0.017140725727124342,
      "tvd_hw_vs_ref": 0.017124999999999974,
      "fidelity_hw_vs_mps": 0.9967357863575553,
      "hellinger_hw_vs_mps": 0.04041584943788744,
      "marginal_L1_hw_vs_mps": 0.010893957552690847,
      "marginal_max_abs_hw_vs_mps": 0.0031088380362378487
    },
    {
      "seed": 4,
      "marginal_L1_hw_vs_ref": 0.019125000000000007,
      "marginal_max_abs_hw_vs_ref": 0.007000000000000006,
      "topk_overlap": 1.0,
      "freq_corr_hw_vs_ref": 0.999476496968998,
      "tvd_hw_vs_mps": 0.010191635364043506,
      "tvd_ref_vs_mps": 0.01741044203452681,
      "tvd_hw_vs_ref": 0.021874999999999985,
      "fidelity_hw_vs_mps": 0.9972233260478526,
      "hellinger_hw_vs_mps": 0.037273342433639875,
      "marginal_L1_hw_vs_mps": 0.007791873010412965,
      "marginal_max_abs_hw_vs_mps": 0.0029838380362378625
    }
  ],
  "error_bar_method": "seeds",
  "backend": "Aer ideal (referencia)",
  "variant": "no_reuse_isometry",
  "N_sites": 8,
  "b_max": 1
}