{
  "shots": 8000,
  "marginal_L1_hw_vs_ref": 1.2435,
  "marginal_max_abs_hw_vs_ref": 0.3841,
  "site_marginals_hw": [
    0.059,
    0.0839,
    0.0636,
    0.2251,
    0.441,
    0.4271,
    0.4131,
    0.4996
  ],
  "site_marginals_ref": [
    0.0408,
    0.0199,
    0.0,
    0.0062,
    0.4864,
    0.0448,
    0.0589,
    0.4046
  ],
  "topk_k": 10,
  "topk_overlap": 0.6799999999999999,
  "freq_corr_hw_vs_ref": 0.6933957377690261,
  "tvd_hw_vs_mps": 0.6546515416039647,
  "tvd_ref_vs_mps": 0.014624517281059115,
  "tvd_hw_vs_ref": 0.6544749999999999,
  "fidelity_hw_vs_mps": 0.3930137653712536,
  "hellinger_hw_vs_mps": 0.6108133456685335,
  "mc_noise_scale": 0.08944271909999159,
  "marginal_L1_hw_vs_mps": 1.2431802488626698,
  "marginal_max_abs_hw_vs_mps": 0.38341695444293805,
  "site_marginals_mps": [
    0.0399,
    0.0197,
    0.0,
    0.0055,
    0.4823,
    0.0478,
    0.0591,
    0.4058
  ],
  "seed": 0,
  "seconds": 4.711528655000166,
  "marginal_L1_hw_vs_ref_std": 0.008838392812044503,
  "marginal_max_abs_hw_vs_ref_std": 0.00523315750766209,
  "topk_overlap_std": 0.04472135954999579,
  "freq_corr_hw_vs_ref_std": 0.01458106727672448,
  "tvd_hw_vs_mps_std": 0.0031373147233644803,
  "tvd_ref_vs_mps_std": 0.0025129714657007476,
  "tvd_hw_vs_ref_std": 0.0021962325696519114,
  "fidelity_hw_vs_mps_std": 0.004000066435544725,
  "hellinger_hw_vs_mps_std": 0.0026117416425730632,
  "marginal_L1_hw_vs_mps_std": 0.013958644275143622,
  "marginal_max_abs_hw_vs_mps_std": 0.006627593831851804,
  "n_seeds": 5,
  "seeds": [
    0,
    1,
    2,
    3,
    4
  ],
  "per_seed": [
    {
      "seed": 0,
      "marginal_L1_hw_vs_ref": 1.24175,
      "marginal_max_abs_hw_vs_ref": 0.38237499999999996,
      "topk_overlap": 0.6,
      "freq_corr_hw_vs_ref": 0.6816294908536592,
      "tvd_hw_vs_mps": 0.6538652339536651,
      "tvd_ref_vs_mps": 0.013682781453949865,
      "tvd_hw_vs_ref": 0.656375,
      "fidelity_hw_vs_mps": 0.3897331097324937,
      "hellinger_hw_vs_mps": 0.6129550717298714,
      "marginal_L1_hw_vs_mps": 1.2349302488626697,
      "marginal_max_abs_hw_vs_mps": 0.37931695444293806
    },
    {
      "seed": 1,
      "marginal_L1_hw_vs_ref": 1.2571249999999998,
      "marginal_max_abs_hw_vs_ref": 0.39125,
      "topk_overlap": 0.7,
      "freq_corr_hw_vs_ref": 0.6746305485498157,
      "tvd_hw_vs_mps": 0.6590334542576523,
      "tvd_ref_vs_mps": 0.017755951664239048,
      "tvd_hw_vs_ref": 0.6545,
      "fidelity_hw_vs_mps": 0.38805126458600897,
      "hellinger_hw_vs_mps": 0.6140540620310412,
      "marginal_L1_hw_vs_mps": 1.2675552488626696,
      "marginal_max_abs_hw_vs_mps": 0.3943169544429381
    },
    {
      "seed": 2,
      "marginal_L1_hw_vs_ref": 1.2346249999999999,
      "marginal_max_abs_hw_vs_ref": 0.37887499999999996,
      "topk_overlap": 0.7,
      "freq_corr_hw_vs_ref": 0.6986070715541328,
      "tvd_hw_vs_mps": 0.6564994493555215,
      "tvd_ref_vs_mps": 0.011151936382391026,
      "tvd_hw_vs_ref": 0.6545,
      "fidelity_hw_vs_mps": 0.39524906168608726,
      "hellinger_hw_vs_mps": 0.6093534556288314,
      "marginal_L1_hw_vs_mps": 1.2353052488626695,
      "marginal_max_abs_hw_vs_mps": 0.38081695444293806
    },
    {
      "seed": 3,
      "marginal_L1_hw_vs_ref": 1.2374999999999998,
      "marginal_max_abs_hw_vs_ref": 0.38025,
      "topk_overlap": 0.7,
      "freq_corr_hw_vs_ref": 0.7085196687595895,
      "tvd_hw_vs_mps": 0.6511171174427692,
      "tvd_ref_vs_mps": 0.016184011564986236,
      "tvd_hw_vs_ref": 0.6508750000000001,
      "fidelity_hw_vs_mps": 0.39768641789087233,
      "hellinger_hw_vs_mps": 0.6077632496945495,
      "marginal_L1_hw_vs_mps": 1.2423052488626696,
      "marginal_max_abs_hw_vs_mps": 0.37781695444293806
    },
    {
      "seed": 4,
      "marginal_L1_hw_vs_ref": 1.2465,
      "marginal_max_abs_hw_vs_ref": 0.38775,
      "topk_overlap": 0.7,
      "freq_corr_hw_vs_ref": 0.703591909127933,
      "tvd_hw_vs_mps": 0.6527424530102149,
      "tvd_ref_vs_mps": 0.014347905339729409,
      "tvd_hw_vs_ref": 0.656125,
      "fidelity_hw_vs_mps": 0.3943489729608055,
      "hellinger_hw_vs_mps": 0.6099408892583746,
      "marginal_L1_hw_vs_mps": 1.2358052488626696,
      "marginal_max_abs_hw_vs_mps": 0.38481695444293806
    }
  ],
  "error_bar_method": "seeds",
  "backend": "fake:torino (133q, ruido de dispositivo real)",
  "variant": "no_reuse_isometry",
  "N_sites": 8,
  "b_max": 3,
  "executed_depth": 2679,
  "executed_2q_gates": 782
}