{
  "shots": 8000,
  "marginal_L1_hw_vs_ref": 1.033225,
  "marginal_max_abs_hw_vs_ref": 0.29585,
  "site_marginals_hw": [
    0.0908,
    0.0466,
    0.0514,
    0.1661,
    0.4174,
    0.3435,
    0.3546,
    0.497
  ],
  "site_marginals_ref": [
    0.0404,
    0.0176,
    0.0,
    0.0035,
    0.4779,
    0.051,
    0.0588,
    0.4061
  ],
  "topk_k": 10,
  "topk_overlap": 0.7,
  "freq_corr_hw_vs_ref": 0.8669972081526784,
  "tvd_hw_vs_mps": 0.5365508578490158,
  "tvd_ref_vs_mps": 0.013779297054426012,
  "tvd_hw_vs_ref": 0.5363,
  "fidelity_hw_vs_mps": 0.5304798532474568,
  "hellinger_hw_vs_mps": 0.5212096693768221,
  "mc_noise_scale": 0.08944271909999159,
  "marginal_L1_hw_vs_mps": 1.0371802488626696,
  "marginal_max_abs_hw_vs_mps": 0.2956919544429381,
  "site_marginals_mps": [
    0.0399,
    0.0197,
    0.0,
    0.0055,
    0.4823,
    0.0478,
    0.0591,
    0.4058
  ],
  "seed": 0,
  "seconds": 3.494867747000171,
  "marginal_L1_hw_vs_ref_std": 0.00020539595906445858,
  "marginal_max_abs_hw_vs_ref_std": 5.5901699437488585e-05,
  "topk_overlap_std": 0.0,
  "freq_corr_hw_vs_ref_std": 0.0001805963845169814,
  "tvd_hw_vs_mps_std": 0.00014252192813740574,
  "tvd_ref_vs_mps_std": 1.790384460800496e-05,
  "tvd_hw_vs_ref_std": 0.00014252192813741062,
  "fidelity_hw_vs_mps_std": 0.00013550866281931276,
  "hellinger_hw_vs_mps_std": 8.924016629199137e-05,
  "marginal_L1_hw_vs_mps_std": 0.00015309310892395444,
  "marginal_max_abs_hw_vs_mps_std": 0.0,
  "n_seeds": 5,
  "seeds": [
    0,
    1,
    2,
    3,
    4
  ],
  "per_seed": [
    {
      "seed": 0,
      "marginal_L1_hw_vs_ref": 1.033125,
      "marginal_max_abs_hw_vs_ref": 0.295875,
      "topk_overlap": 0.7,
      "freq_corr_hw_vs_ref": 0.8672996480841023,
      "tvd_hw_vs_mps": 0.5363758578490159,
      "tvd_ref_vs_mps": 0.013811324425307686,
      "tvd_hw_vs_ref": 0.536125,
      "fidelity_hw_vs_mps": 0.5306664972977739,
      "hellinger_hw_vs_mps": 0.5210867515766829,
      "marginal_L1_hw_vs_mps": 1.0370552488626696,
      "marginal_max_abs_hw_vs_mps": 0.2956919544429381
    },
    {
      "seed": 1,
      "marginal_L1_hw_vs_ref": 1.033,
      "marginal_max_abs_hw_vs_ref": 0.295875,
      "topk_overlap": 0.7,
      "freq_corr_hw_vs_ref": 0.866967098025878,
      "tvd_hw_vs_mps": 0.5365008578490158,
      "tvd_ref_vs_mps": 0.013771290211705589,
      "tvd_hw_vs_ref": 0.53625,
      "fidelity_hw_vs_mps": 0.5305120377424847,
      "hellinger_hw_vs_mps": 0.521188475508835,
      "marginal_L1_hw_vs_mps": 1.0371802488626696,
      "marginal_max_abs_hw_vs_mps": 0.2956919544429381
    },
    {
      "seed": 2,
      "marginal_L1_hw_vs_ref": 1.0335,
      "marginal_max_abs_hw_vs_ref": 0.295875,
      "topk_overlap": 0.7,
      "freq_corr_hw_vs_ref": 0.8669656265396611,
      "tvd_hw_vs_mps": 0.5365008578490158,
      "tvd_ref_vs_mps": 0.013771290211705596,
      "tvd_hw_vs_ref": 0.5362499999999999,
      "fidelity_hw_vs_mps": 0.530503598397959,
      "hellinger_hw_vs_mps": 0.5211940333446308,
      "marginal_L1_hw_vs_mps": 1.0374302488626697,
      "marginal_max_abs_hw_vs_mps": 0.2956919544429381
    },
    {
      "seed": 3,
      "marginal_L1_hw_vs_ref": 1.033375,
      "marginal_max_abs_hw_vs_ref": 0.29575,
      "topk_overlap": 0.7,
      "freq_corr_hw_vs_ref": 0.8669404989623778,
      "tvd_hw_vs_mps": 0.5366258578490158,
      "tvd_ref_vs_mps": 0.013771290211705596,
      "tvd_hw_vs_ref": 0.536375,
      "fidelity_hw_vs_mps": 0.5304201850510373,
      "hellinger_hw_vs_mps": 0.5212489654368311,
      "marginal_L1_hw_vs_mps": 1.0371802488626698,
      "marginal_max_abs_hw_vs_mps": 0.2956919544429381
    },
    {
      "seed": 4,
      "marginal_L1_hw_vs_ref": 1.033125,
      "marginal_max_abs_hw_vs_ref": 0.295875,
      "topk_overlap": 0.7,
      "freq_corr_hw_vs_ref": 0.8668131691513731,
      "tvd_hw_vs_mps": 0.5367508578490159,
      "tvd_ref_vs_mps": 0.013771290211705596,
      "tvd_hw_vs_ref": 0.5365,
      "fidelity_hw_vs_mps": 0.5302969477480288,
      "hellinger_hw_vs_mps": 0.5213301210171308,
      "marginal_L1_hw_vs_mps": 1.0370552488626696,
      "marginal_max_abs_hw_vs_mps": 0.2956919544429381
    }
  ],
  "error_bar_method": "seeds",
  "backend": "fake:torino (133q, ruido de dispositivo real)",
  "variant": "reuse_isometry",
  "N_sites": 8,
  "b_max": 3,
  "executed_depth": 2359,
  "executed_2q_gates": 608
}