{
  "shots": 8000,
  "marginal_L1_hw_vs_ref": 2.577075,
  "marginal_max_abs_hw_vs_ref": 0.43652499999999994,
  "site_marginals_hw": [
    0.3685,
    0.4236,
    0.4254,
    0.4321,
    0.4422,
    0.475,
    0.4854,
    0.4956
  ],
  "site_marginals_ref": [
    0.0408,
    0.0199,
    0.0,
    0.0062,
    0.4864,
    0.0448,
    0.0589,
    0.4046
  ],
  "topk_k": 10,
  "topk_overlap": 0.54,
  "freq_corr_hw_vs_ref": 0.4671172549229402,
  "tvd_hw_vs_mps": 0.8913497703843607,
  "tvd_ref_vs_mps": 0.014624517281059115,
  "tvd_hw_vs_ref": 0.8903500000000001,
  "fidelity_hw_vs_mps": 0.09095965272407036,
  "hellinger_hw_vs_mps": 0.8357379775341613,
  "mc_noise_scale": 0.08944271909999159,
  "marginal_L1_hw_vs_mps": 2.57675524886267,
  "marginal_max_abs_hw_vs_mps": 0.4360282426424485,
  "site_marginals_mps": [
    0.0399,
    0.0197,
    0.0,
    0.0055,
    0.4823,
    0.0478,
    0.0591,
    0.4058
  ],
  "seed": 0,
  "seconds": 6.169242327999655,
  "marginal_L1_hw_vs_ref_std": 0.012478293653380733,
  "marginal_max_abs_hw_vs_ref_std": 0.006203829462517484,
  "topk_overlap_std": 0.11401754250991378,
  "freq_corr_hw_vs_ref_std": 0.09258468478895392,
  "tvd_hw_vs_mps_std": 0.002203335539585395,
  "tvd_ref_vs_mps_std": 0.0025129714657007476,
  "tvd_hw_vs_ref_std": 0.0025820897544430866,
  "fidelity_hw_vs_mps_std": 0.0043322756036451955,
  "hellinger_hw_vs_mps_std": 0.004282211134129404,
  "marginal_L1_hw_vs_mps_std": 0.018753874599665914,
  "marginal_max_abs_hw_vs_mps_std": 0.006946706819938487,
  "n_seeds": 5,
  "seeds": [
    0,
    1,
    2,
    3,
    4
  ],
  "per_seed": [
    {
      "seed": 0,
      "marginal_L1_hw_vs_ref": 2.574625,
      "marginal_max_abs_hw_vs_ref": 0.43024999999999997,
      "topk_overlap": 0.7,
      "freq_corr_hw_vs_ref": 0.5896061079922048,
      "tvd_hw_vs_mps": 0.8883747703843605,
      "tvd_ref_vs_mps": 0.013682781453949865,
      "tvd_hw_vs_ref": 0.8872500000000001,
      "fidelity_hw_vs_mps": 0.0973812244946381,
      "hellinger_hw_vs_mps": 0.8294216967641207,
      "marginal_L1_hw_vs_mps": 2.56780524886267,
      "marginal_max_abs_hw_vs_mps": 0.42719195444293806
    },
    {
      "seed": 1,
      "marginal_L1_hw_vs_ref": 2.592625,
      "marginal_max_abs_hw_vs_ref": 0.434375,
      "topk_overlap": 0.4,
      "freq_corr_hw_vs_ref": 0.38146416948172435,
      "tvd_hw_vs_mps": 0.8928747703843607,
      "tvd_ref_vs_mps": 0.017755951664239048,
      "tvd_hw_vs_ref": 0.8895000000000001,
      "fidelity_hw_vs_mps": 0.08710971192277325,
      "hellinger_hw_vs_mps": 0.8395572972666584,
      "marginal_L1_hw_vs_mps": 2.6030552488626695,
      "marginal_max_abs_hw_vs_mps": 0.43619195444293807
    },
    {
      "seed": 2,
      "marginal_L1_hw_vs_ref": 2.58725,
      "marginal_max_abs_hw_vs_ref": 0.44675,
      "topk_overlap": 0.5,
      "freq_corr_hw_vs_ref": 0.36729803897054336,
      "tvd_hw_vs_mps": 0.8939997703843605,
      "tvd_ref_vs_mps": 0.011151936382391026,
      "tvd_hw_vs_ref": 0.8942500000000001,
      "fidelity_hw_vs_mps": 0.0867549611816162,
      "hellinger_hw_vs_mps": 0.8399155008213931,
      "marginal_L1_hw_vs_mps": 2.5879302488626696,
      "marginal_max_abs_hw_vs_mps": 0.4465669544429381
    },
    {
      "seed": 3,
      "marginal_L1_hw_vs_ref": 2.564875,
      "marginal_max_abs_hw_vs_ref": 0.43425,
      "topk_overlap": 0.6,
      "freq_corr_hw_vs_ref": 0.49905169981624253,
      "tvd_hw_vs_mps": 0.8912497703843608,
      "tvd_ref_vs_mps": 0.016184011564986236,
      "tvd_hw_vs_ref": 0.8896250000000001,
      "fidelity_hw_vs_mps": 0.09181455657372256,
      "hellinger_hw_vs_mps": 0.8348597671915718,
      "marginal_L1_hw_vs_mps": 2.56968024886267,
      "marginal_max_abs_hw_vs_mps": 0.4361233954404901
    },
    {
      "seed": 4,
      "marginal_L1_hw_vs_ref": 2.566,
      "marginal_max_abs_hw_vs_ref": 0.437,
      "topk_overlap": 0.5,
      "freq_corr_hw_vs_ref": 0.49816625835398615,
      "tvd_hw_vs_mps": 0.8902497703843606,
      "tvd_ref_vs_mps": 0.014347905339729409,
      "tvd_hw_vs_ref": 0.891125,
      "fidelity_hw_vs_mps": 0.09173780944760167,
      "hellinger_hw_vs_mps": 0.834935625627062,
      "marginal_L1_hw_vs_mps": 2.5553052488626697,
      "marginal_max_abs_hw_vs_mps": 0.4340669544429381
    }
  ],
  "error_bar_method": "seeds",
  "backend": "fake:torino (133q, ruido de dispositivo real)",
  "variant": "no_reuse_unitary",
  "N_sites": 8,
  "b_max": 3,
  "executed_depth": 5964,
  "executed_2q_gates": 1763
}