{
  "shots": 8000,
  "marginal_L1_hw_vs_ref": 0.019274999999999983,
  "marginal_max_abs_hw_vs_ref": 0.0061249999999999916,
  "site_marginals_hw": [
    0.0398,
    0.0209,
    0.0,
    0.0042,
    0.4751,
    0.0534,
    0.0619,
    0.4121
  ],
  "site_marginals_ref": [
    0.0404,
    0.0176,
    0.0,
    0.0035,
    0.4779,
    0.051,
    0.0588,
    0.4061
  ],
  "topk_k": 10,
  "topk_overlap": 1.0,
  "freq_corr_hw_vs_ref": 0.9998248045086097,
  "tvd_hw_vs_mps": 0.016787210052202208,
  "tvd_ref_vs_mps": 0.013779297054426012,
  "tvd_hw_vs_ref": 0.015600000000000017,
  "fidelity_hw_vs_mps": 0.9975401992092099,
  "hellinger_hw_vs_mps": 0.035080729288794535,
  "mc_noise_scale": 0.08944271909999159,
  "marginal_L1_hw_vs_mps": 0.02457659600231977,
  "marginal_max_abs_hw_vs_mps": 0.007220956407323032,
  "site_marginals_mps": [
    0.0399,
    0.0197,
    0.0,
    0.0055,
    0.4823,
    0.0478,
    0.0591,
    0.4058
  ],
  "seed": 0,
  "seconds": 0.4873930839999048,
  "marginal_L1_hw_vs_ref_std": 0.00036869703009380985,
  "marginal_max_abs_hw_vs_ref_std": 0.00012499999999998623,
  "topk_overlap_std": 0.0,
  "freq_corr_hw_vs_ref_std": 2.976378686672875e-06,
  "tvd_hw_vs_mps_std": 6.846531968815596e-05,
  "tvd_ref_vs_mps_std": 1.790384460800496e-05,
  "tvd_hw_vs_ref_std": 0.00010458250331676908,
  "fidelity_hw_vs_mps_std": 1.4641968166913013e-06,
  "hellinger_hw_vs_mps_std": 1.0446761720109932e-05,
  "marginal_L1_hw_vs_mps_std": 0.0002236067977499877,
  "marginal_max_abs_hw_vs_mps_std": 6.846531968816863e-05,
  "n_seeds": 5,
  "seeds": [
    0,
    1,
    2,
    3,
    4
  ],
  "per_seed": [
    {
      "seed": 0,
      "marginal_L1_hw_vs_ref": 0.01887499999999999,
      "marginal_max_abs_hw_vs_ref": 0.006000000000000005,
      "topk_overlap": 1.0,
      "freq_corr_hw_vs_ref": 0.9998266907867964,
      "tvd_hw_vs_mps": 0.0167372100522022,
      "tvd_ref_vs_mps": 0.013811324425307686,
      "tvd_hw_vs_ref": 0.015625000000000003,
      "fidelity_hw_vs_mps": 0.9975412851672073,
      "hellinger_hw_vs_mps": 0.035072981148328096,
      "marginal_L1_hw_vs_mps": 0.024351596002319762,
      "marginal_max_abs_hw_vs_mps": 0.007170956407323015
    },
    {
      "seed": 1,
      "marginal_L1_hw_vs_ref": 0.01887499999999999,
      "marginal_max_abs_hw_vs_ref": 0.006000000000000005,
      "topk_overlap": 1.0,
      "freq_corr_hw_vs_ref": 0.9998270047539358,
      "tvd_hw_vs_mps": 0.0167372100522022,
      "tvd_ref_vs_mps": 0.013771290211705589,
      "tvd_hw_vs_ref": 0.01550000000000001,
      "fidelity_hw_vs_mps": 0.9975412851672073,
      "hellinger_hw_vs_mps": 0.035072981148328096,
      "marginal_L1_hw_vs_mps": 0.024351596002319762,
      "marginal_max_abs_hw_vs_mps": 0.007170956407323015
    },
    {
      "seed": 2,
      "marginal_L1_hw_vs_ref": 0.0195,
      "marginal_max_abs_hw_vs_ref": 0.0061249999999999916,
      "topk_overlap": 1.0,
      "freq_corr_hw_vs_ref": 0.9998205546021274,
      "tvd_hw_vs_mps": 0.01686221005220222,
      "tvd_ref_vs_mps": 0.013771290211705596,
      "tvd_hw_vs_ref": 0.015750000000000024,
      "fidelity_hw_vs_mps": 0.9975387019630135,
      "hellinger_hw_vs_mps": 0.035091412059644486,
      "marginal_L1_hw_vs_mps": 0.02472659600231979,
      "marginal_max_abs_hw_vs_mps": 0.0072959564073230565
    },
    {
      "seed": 3,
      "marginal_L1_hw_vs_ref": 0.019499999999999944,
      "marginal_max_abs_hw_vs_ref": 0.006249999999999978,
      "topk_overlap": 1.0,
      "freq_corr_hw_vs_ref": 0.9998270029361842,
      "tvd_hw_vs_mps": 0.016737210052202207,
      "tvd_ref_vs_mps": 0.013771290211705596,
      "tvd_hw_vs_ref": 0.015499999999999996,
      "fidelity_hw_vs_mps": 0.997541230732208,
      "hellinger_hw_vs_mps": 0.03507336963641876,
      "marginal_L1_hw_vs_mps": 0.02460159600231975,
      "marginal_max_abs_hw_vs_mps": 0.007170956407323015
    },
    {
      "seed": 4,
      "marginal_L1_hw_vs_ref": 0.019624999999999986,
      "marginal_max_abs_hw_vs_ref": 0.006249999999999978,
      "topk_overlap": 1.0,
      "freq_corr_hw_vs_ref": 0.9998227694640047,
      "tvd_hw_vs_mps": 0.01686221005220222,
      "tvd_ref_vs_mps": 0.013771290211705596,
      "tvd_hw_vs_ref": 0.015625000000000038,
      "fidelity_hw_vs_mps": 0.9975384930164132,
      "hellinger_hw_vs_mps": 0.03509290245125327,
      "marginal_L1_hw_vs_mps": 0.024851596002319776,
      "marginal_max_abs_hw_vs_mps": 0.0072959564073230565
    }
  ],
  "error_bar_method": "seeds",
  "backend": "Aer ideal (referencia)",
  "variant": "reuse_unitary",
  "N_sites": 8,
  "b_max": 3
}