{
  "shots": 8000,
  "marginal_L1_hw_vs_ref": 2.3617999999999997,
  "marginal_max_abs_hw_vs_ref": 0.427025,
  "site_marginals_hw": [
    0.3011,
    0.3748,
    0.3818,
    0.3946,
    0.4321,
    0.4664,
    0.4859,
    0.4888
  ],
  "site_marginals_ref": [
    0.0404,
    0.0176,
    0.0,
    0.0035,
    0.4779,
    0.051,
    0.0588,
    0.4061
  ],
  "topk_k": 10,
  "topk_overlap": 0.5,
  "freq_corr_hw_vs_ref": 0.4780188566441326,
  "tvd_hw_vs_mps": 0.8643491397864261,
  "tvd_ref_vs_mps": 0.013779297054426012,
  "tvd_hw_vs_ref": 0.8669,
  "fidelity_hw_vs_mps": 0.12393451794417953,
  "hellinger_hw_vs_mps": 0.8049575626049691,
  "mc_noise_scale": 0.08944271909999159,
  "marginal_L1_hw_vs_mps": 2.3657552488626696,
  "marginal_max_abs_hw_vs_mps": 0.42674839544049015,
  "site_marginals_mps": [
    0.0399,
    0.0197,
    0.0,
    0.0055,
    0.4823,
    0.0478,
    0.0591,
    0.4058
  ],
  "seed": 0,
  "seconds": 3.9991687450001336,
  "marginal_L1_hw_vs_ref_std": 0.00018957188610131546,
  "marginal_max_abs_hw_vs_ref_std": 0.00010458250331674792,
  "topk_overlap_std": 0.0,
  "freq_corr_hw_vs_ref_std": 0.0018992837388208692,
  "tvd_hw_vs_mps_std": 6.846531968810782e-05,
  "tvd_ref_vs_mps_std": 1.790384460800496e-05,
  "tvd_hw_vs_ref_std": 5.5901699437501e-05,
  "fidelity_hw_vs_mps_std": 0.00012060897302535527,
  "hellinger_hw_vs_mps_std": 0.0001063953018923601,
  "marginal_L1_hw_vs_mps_std": 0.00018957188610131546,
  "marginal_max_abs_hw_vs_mps_std": 8.838834764830871e-05,
  "n_seeds": 5,
  "seeds": [
    0,
    1,
    2,
    3,
    4
  ],
  "per_seed": [
    {
      "seed": 0,
      "marginal_L1_hw_vs_ref": 2.361625,
      "marginal_max_abs_hw_vs_ref": 0.427125,
      "topk_overlap": 0.5,
      "freq_corr_hw_vs_ref": 0.4766801288238041,
      "tvd_hw_vs_mps": 0.8643991397864261,
      "tvd_ref_vs_mps": 0.013811324425307686,
      "tvd_hw_vs_ref": 0.8668750000000001,
      "fidelity_hw_vs_mps": 0.1238477516289485,
      "hellinger_hw_vs_mps": 0.8050341032056922,
      "marginal_L1_hw_vs_mps": 2.3655552488626697,
      "marginal_max_abs_hw_vs_mps": 0.4267483954404901
    },
    {
      "seed": 1,
      "marginal_L1_hw_vs_ref": 2.361625,
      "marginal_max_abs_hw_vs_ref": 0.427125,
      "topk_overlap": 0.5,
      "freq_corr_hw_vs_ref": 0.4766340773649852,
      "tvd_hw_vs_mps": 0.8643991397864261,
      "tvd_ref_vs_mps": 0.013771290211705589,
      "tvd_hw_vs_ref": 0.8668750000000001,
      "fidelity_hw_vs_mps": 0.12384773459077487,
      "hellinger_hw_vs_mps": 0.8050341182407367,
      "marginal_L1_hw_vs_mps": 2.36580524886267,
      "marginal_max_abs_hw_vs_mps": 0.4268733954404901
    },
    {
      "seed": 2,
      "marginal_L1_hw_vs_ref": 2.362,
      "marginal_max_abs_hw_vs_ref": 0.427,
      "topk_overlap": 0.5,
      "freq_corr_hw_vs_ref": 0.47658195325317715,
      "tvd_hw_vs_mps": 0.8643991397864261,
      "tvd_ref_vs_mps": 0.013771290211705596,
      "tvd_hw_vs_ref": 0.8670000000000001,
      "fidelity_hw_vs_mps": 0.12384386968481516,
      "hellinger_hw_vs_mps": 0.8050375287802707,
      "marginal_L1_hw_vs_mps": 2.3659302488626697,
      "marginal_max_abs_hw_vs_mps": 0.4267483954404901
    },
    {
      "seed": 3,
      "marginal_L1_hw_vs_ref": 2.36175,
      "marginal_max_abs_hw_vs_ref": 0.426875,
      "topk_overlap": 0.5,
      "freq_corr_hw_vs_ref": 0.48010647720920596,
      "tvd_hw_vs_mps": 0.8642741397864262,
      "tvd_ref_vs_mps": 0.013771290211705596,
      "tvd_hw_vs_ref": 0.8668750000000001,
      "fidelity_hw_vs_mps": 0.1240687351745033,
      "hellinger_hw_vs_mps": 0.8048391633727504,
      "marginal_L1_hw_vs_mps": 2.3655552488626697,
      "marginal_max_abs_hw_vs_mps": 0.4266233954404901
    },
    {
      "seed": 4,
      "marginal_L1_hw_vs_ref": 2.362,
      "marginal_max_abs_hw_vs_ref": 0.427,
      "topk_overlap": 0.5,
      "freq_corr_hw_vs_ref": 0.4800916465694901,
      "tvd_hw_vs_mps": 0.8642741397864262,
      "tvd_ref_vs_mps": 0.013771290211705596,
      "tvd_hw_vs_ref": 0.8668750000000002,
      "fidelity_hw_vs_mps": 0.12406449864185584,
      "hellinger_hw_vs_mps": 0.8048428994253957,
      "marginal_L1_hw_vs_mps": 2.3659302488626697,
      "marginal_max_abs_hw_vs_mps": 0.4267483954404901
    }
  ],
  "error_bar_method": "seeds",
  "backend": "fake:torino (133q, ruido de dispositivo real)",
  "variant": "reuse_unitary",
  "N_sites": 8,
  "b_max": 3,
  "executed_depth": 5405,
  "executed_2q_gates": 1456
}