{
  "shots": 8000,
  "marginal_L1_hw_vs_ref": 1.9638750000000003,
  "marginal_max_abs_hw_vs_ref": 0.265675,
  "site_marginals_hw": [
    0.1255,
    0.1596,
    0.4702,
    0.0984,
    0.099,
    0.2026,
    0.3951,
    0.359,
    0.1752,
    0.252,
    0.2886,
    0.6179,
    0.5072,
    0.3721
  ],
  "site_marginals_ref": [
    0.0432,
    0.0188,
    0.4979,
    0.0,
    0.0048,
    0.0099,
    0.4908,
    0.5024,
    0.034,
    0.0469,
    0.0601,
    0.4758,
    0.4019,
    0.1032
  ],
  "topk_k": 10,
  "topk_overlap": 0.8,
  "freq_corr_hw_vs_ref": 0.8284440378362907,
  "tvd_hw_vs_mps": 0.7100496329484912,
  "tvd_ref_vs_mps": 0.039635725061879096,
  "tvd_hw_vs_ref": 0.7135,
  "fidelity_hw_vs_mps": 0.31412701560289974,
  "hellinger_hw_vs_mps": 0.6629703224371534,
  "mc_noise_scale": 0.7155417527999327,
  "marginal_L1_hw_vs_mps": 1.9587844304283664,
  "marginal_max_abs_hw_vs_mps": 0.2652457983096262,
  "site_marginals_mps": [
    0.0412,
    0.0168,
    0.5005,
    0.0,
    0.0055,
    0.0124,
    0.4857,
    0.4996,
    0.0336,
    0.0459,
    0.0594,
    0.478,
    0.4008,
    0.1069
  ],
  "seed": 0,
  "seconds": 73.05159502600009,
  "marginal_L1_hw_vs_ref_std": 0.023142898478799082,
  "marginal_max_abs_hw_vs_ref_std": 0.005458365139856431,
  "topk_overlap_std": 0.0,
  "freq_corr_hw_vs_ref_std": 0.0026765108721692943,
  "tvd_hw_vs_mps_std": 6.84417120352433e-05,
  "tvd_ref_vs_mps_std": 0.0018949342285277558,
  "tvd_hw_vs_ref_std": 0.004962358310319845,
  "fidelity_hw_vs_mps_std": 5.1696167396270566e-05,
  "hellinger_hw_vs_mps_std": 3.478150054119459e-05,
  "marginal_L1_hw_vs_mps_std": 0.0003579455265816988,
  "marginal_max_abs_hw_vs_mps_std": 0.0,
  "n_seeds": 5,
  "seeds": [
    0,
    1,
    2,
    3,
    4
  ],
  "per_seed": [
    {
      "seed": 0,
      "marginal_L1_hw_vs_ref": 1.9663750000000002,
      "marginal_max_abs_hw_vs_ref": 0.268875,
      "topk_overlap": 0.8,
      "freq_corr_hw_vs_ref": 0.8261807857287093,
      "tvd_hw_vs_mps": 0.7100995294155826,
      "tvd_ref_vs_mps": 0.03851374898835412,
      "tvd_hw_vs_ref": 0.7193750000000001,
      "fidelity_hw_vs_mps": 0.3140959742645999,
      "hellinger_hw_vs_mps": 0.6629912071724754,
      "marginal_L1_hw_vs_mps": 1.9592594304283661,
      "marginal_max_abs_hw_vs_mps": 0.2652457983096262
    },
    {
      "seed": 1,
      "marginal_L1_hw_vs_ref": 1.938625,
      "marginal_max_abs_hw_vs_ref": 0.25837499999999997,
      "topk_overlap": 0.8,
      "freq_corr_hw_vs_ref": 0.8264750390223513,
      "tvd_hw_vs_mps": 0.7100996588317182,
      "tvd_ref_vs_mps": 0.03935073287873185,
      "tvd_hw_vs_ref": 0.705625,
      "fidelity_hw_vs_mps": 0.3140915247410629,
      "hellinger_hw_vs_mps": 0.6629942009196501,
      "marginal_L1_hw_vs_mps": 1.9588844304283661,
      "marginal_max_abs_hw_vs_mps": 0.2652457983096262
    },
    {
      "seed": 2,
      "marginal_L1_hw_vs_ref": 1.944375,
      "marginal_max_abs_hw_vs_ref": 0.266875,
      "topk_overlap": 0.8,
      "freq_corr_hw_vs_ref": 0.8303426863628495,
      "tvd_hw_vs_mps": 0.7099746588317183,
      "tvd_ref_vs_mps": 0.03749344763880644,
      "tvd_hw_vs_ref": 0.7147499999999999,
      "fidelity_hw_vs_mps": 0.3141634365825391,
      "hellinger_hw_vs_mps": 0.6629458178330149,
      "marginal_L1_hw_vs_mps": 1.9587594304283664,
      "marginal_max_abs_hw_vs_mps": 0.2652457983096262
    },
    {
      "seed": 3,
      "marginal_L1_hw_vs_ref": 1.9743750000000002,
      "marginal_max_abs_hw_vs_ref": 0.262125,
      "topk_overlap": 0.8,
      "freq_corr_hw_vs_ref": 0.8270293802342454,
      "tvd_hw_vs_mps": 0.7099746588317183,
      "tvd_ref_vs_mps": 0.04244357756227385,
      "tvd_hw_vs_ref": 0.714125,
      "fidelity_hw_vs_mps": 0.3141998941254699,
      "hellinger_hw_vs_mps": 0.6629212895592326,
      "marginal_L1_hw_vs_mps": 1.9582594304283667,
      "marginal_max_abs_hw_vs_mps": 0.2652457983096262
    },
    {
      "seed": 4,
      "marginal_L1_hw_vs_ref": 1.995625,
      "marginal_max_abs_hw_vs_ref": 0.27212499999999995,
      "topk_overlap": 0.8,
      "freq_corr_hw_vs_ref": 0.8321922978332983,
      "tvd_hw_vs_mps": 0.7100996588317183,
      "tvd_ref_vs_mps": 0.040377118241229214,
      "tvd_hw_vs_ref": 0.7136250000000001,
      "fidelity_hw_vs_mps": 0.31408424830082693,
      "hellinger_hw_vs_mps": 0.662999096701394,
      "marginal_L1_hw_vs_mps": 1.9587594304283662,
      "marginal_max_abs_hw_vs_mps": 0.2652457983096262
    }
  ],
  "error_bar_method": "seeds",
  "backend": "fake:torino (133q, ruido de dispositivo real)",
  "variant": "no_reuse_unitary",
  "N_sites": 14,
  "b_max": 2,
  "executed_depth": 1885,
  "executed_2q_gates": 535
}