{
  "shots": 8000,
  "marginal_L1_hw_vs_ref": 0.053549999999999966,
  "marginal_max_abs_hw_vs_ref": 0.011224999999999962,
  "site_marginals_hw": [
    0.0411,
    0.0184,
    0.5085,
    0.0,
    0.0036,
    0.0151,
    0.4964,
    0.5056,
    0.0315,
    0.0439,
    0.06,
    0.4708,
    0.3945,
    0.103
  ],
  "site_marginals_ref": [
    0.0416,
    0.0156,
    0.4978,
    0.0,
    0.0066,
    0.0126,
    0.4878,
    0.4942,
    0.0329,
    0.0442,
    0.0604,
    0.4775,
    0.4,
    0.103
  ],
  "topk_k": 10,
  "topk_overlap": 0.9,
  "freq_corr_hw_vs_ref": 0.9983968497404112,
  "tvd_hw_vs_mps": 0.039317630027343495,
  "tvd_ref_vs_mps": 0.03732749109310411,
  "tvd_hw_vs_ref": 0.053849999999999995,
  "fidelity_hw_vs_mps": 0.9817061344692813,
  "hellinger_hw_vs_mps": 0.0958600694952105,
  "mc_noise_scale": 0.7155417527999327,
  "marginal_L1_hw_vs_mps": 0.052396424903277915,
  "marginal_max_abs_hw_vs_mps": 0.010453908471790485,
  "site_marginals_mps": [
    0.0412,
    0.0168,
    0.5005,
    0.0,
    0.0055,
    0.0124,
    0.4857,
    0.4996,
    0.0336,
    0.0459,
    0.0594,
    0.478,
    0.4008,
    0.1069
  ],
  "seed": 0,
  "seconds": 0.13325781300000017,
  "marginal_L1_hw_vs_ref_std": 0.0006590713163231749,
  "marginal_max_abs_hw_vs_ref_std": 0.0001629800601300653,
  "topk_overlap_std": 0.0,
  "freq_corr_hw_vs_ref_std": 5.522010054904495e-06,
  "tvd_hw_vs_mps_std": 5.590169943749323e-05,
  "tvd_ref_vs_mps_std": 0.00012858786542546983,
  "tvd_hw_vs_ref_std": 5.590169943749169e-05,
  "fidelity_hw_vs_mps_std": 4.465212629744438e-06,
  "hellinger_hw_vs_mps_std": 1.1752982060829056e-05,
  "marginal_L1_hw_vs_mps_std": 0.00047925723781699474,
  "marginal_max_abs_hw_vs_mps_std": 0.00014252192813740333,
  "n_seeds": 5,
  "seeds": [
    0,
    1,
    2,
    3,
    4
  ],
  "per_seed": [
    {
      "seed": 0,
      "marginal_L1_hw_vs_ref": 0.05387499999999987,
      "marginal_max_abs_hw_vs_ref": 0.011374999999999968,
      "topk_overlap": 0.9,
      "freq_corr_hw_vs_ref": 0.9984009898508948,
      "tvd_hw_vs_mps": 0.0392926300273435,
      "tvd_ref_vs_mps": 0.03716072426623235,
      "tvd_hw_vs_ref": 0.05375,
      "fidelity_hw_vs_mps": 0.9817111457438686,
      "hellinger_hw_vs_mps": 0.0958468787170053,
      "marginal_L1_hw_vs_mps": 0.0529964249032779,
      "marginal_max_abs_hw_vs_mps": 0.010628908471790488
    },
    {
      "seed": 1,
      "marginal_L1_hw_vs_ref": 0.05424999999999998,
      "marginal_max_abs_hw_vs_ref": 0.011374999999999968,
      "topk_overlap": 0.9,
      "freq_corr_hw_vs_ref": 0.9984043987847839,
      "tvd_hw_vs_mps": 0.03929263002734351,
      "tvd_ref_vs_mps": 0.03728572426623235,
      "tvd_hw_vs_ref": 0.053875000000000006,
      "fidelity_hw_vs_mps": 0.9817022417138235,
      "hellinger_hw_vs_mps": 0.09587031586053865,
      "marginal_L1_hw_vs_mps": 0.0526214249032779,
      "marginal_max_abs_hw_vs_mps": 0.010503908471790502
    },
    {
      "seed": 2,
      "marginal_L1_hw_vs_ref": 0.05387499999999995,
      "marginal_max_abs_hw_vs_ref": 0.011249999999999927,
      "topk_overlap": 0.9,
      "freq_corr_hw_vs_ref": 0.9983937541239652,
      "tvd_hw_vs_mps": 0.0394176300273435,
      "tvd_ref_vs_mps": 0.03728572426623235,
      "tvd_hw_vs_ref": 0.05387499999999999,
      "fidelity_hw_vs_mps": 0.981700661052364,
      "hellinger_hw_vs_mps": 0.09587447588204405,
      "marginal_L1_hw_vs_mps": 0.052496424903277925,
      "marginal_max_abs_hw_vs_mps": 0.010503908471790502
    },
    {
      "seed": 3,
      "marginal_L1_hw_vs_ref": 0.05312499999999999,
      "marginal_max_abs_hw_vs_ref": 0.011124999999999996,
      "topk_overlap": 0.9,
      "freq_corr_hw_vs_ref": 0.9983917361168618,
      "tvd_hw_vs_mps": 0.0392926300273435,
      "tvd_ref_vs_mps": 0.03741072426623234,
      "tvd_hw_vs_ref": 0.05387499999999999,
      "fidelity_hw_vs_mps": 0.9817084622796542,
      "hellinger_hw_vs_mps": 0.095853942710238,
      "marginal_L1_hw_vs_mps": 0.052121424903277924,
      "marginal_max_abs_hw_vs_mps": 0.01037890847179046
    },
    {
      "seed": 4,
      "marginal_L1_hw_vs_ref": 0.052625000000000005,
      "marginal_max_abs_hw_vs_ref": 0.010999999999999954,
      "topk_overlap": 0.9,
      "freq_corr_hw_vs_ref": 0.9983933698255497,
      "tvd_hw_vs_mps": 0.0392926300273435,
      "tvd_ref_vs_mps": 0.03749455840059116,
      "tvd_hw_vs_ref": 0.05387499999999998,
      "fidelity_hw_vs_mps": 0.9817081615566963,
      "hellinger_hw_vs_mps": 0.09585473430622651,
      "marginal_L1_hw_vs_mps": 0.051746424903277966,
      "marginal_max_abs_hw_vs_mps": 0.010253908471790474
    }
  ],
  "error_bar_method": "seeds",
  "backend": "Aer ideal (referencia)",
  "variant": "reuse_isometry",
  "N_sites": 14,
  "b_max": 2
}