{
  "shots": 8000,
  "marginal_L1_hw_vs_ref": 1.1317000000000002,
  "marginal_max_abs_hw_vs_ref": 0.17477499999999999,
  "site_marginals_hw": [
    0.0835,
    0.0425,
    0.4895,
    0.0402,
    0.0494,
    0.0919,
    0.4134,
    0.3784,
    0.1003,
    0.1682,
    0.1906,
    0.599,
    0.4841,
    0.2776
  ],
  "site_marginals_ref": [
    0.0416,
    0.0156,
    0.4978,
    0.0,
    0.0066,
    0.0126,
    0.4878,
    0.4942,
    0.0329,
    0.0442,
    0.0604,
    0.4775,
    0.4,
    0.103
  ],
  "topk_k": 10,
  "topk_overlap": 0.8,
  "freq_corr_hw_vs_ref": 0.9430472082828084,
  "tvd_hw_vs_mps": 0.4834578037803226,
  "tvd_ref_vs_mps": 0.03732749109310411,
  "tvd_hw_vs_ref": 0.4825000000000001,
  "fidelity_hw_vs_mps": 0.6062821867766626,
  "hellinger_hw_vs_mps": 0.4704877847585028,
  "mc_noise_scale": 0.7155417527999327,
  "marginal_L1_hw_vs_mps": 1.1320594304283662,
  "marginal_max_abs_hw_vs_mps": 0.1708707983096262,
  "site_marginals_mps": [
    0.0412,
    0.0168,
    0.5005,
    0.0,
    0.0055,
    0.0124,
    0.4857,
    0.4996,
    0.0336,
    0.0459,
    0.0594,
    0.478,
    0.4008,
    0.1069
  ],
  "seed": 0,
  "seconds": 3.42277865799997,
  "marginal_L1_hw_vs_ref_std": 0.0005491470659121682,
  "marginal_max_abs_hw_vs_ref_std": 0.00016298006013004828,
  "topk_overlap_std": 0.0,
  "freq_corr_hw_vs_ref_std": 5.586520986987634e-05,
  "tvd_hw_vs_mps_std": 6.846531968811795e-05,
  "tvd_ref_vs_mps_std": 0.00012858786542546983,
  "tvd_hw_vs_ref_std": 8.838834764832833e-05,
  "fidelity_hw_vs_mps_std": 5.2627330978184234e-05,
  "hellinger_hw_vs_mps_std": 3.591428548154666e-05,
  "marginal_L1_hw_vs_mps_std": 0.00038119876704942253,
  "marginal_max_abs_hw_vs_mps_std": 0.00012499999999998623,
  "n_seeds": 5,
  "seeds": [
    0,
    1,
    2,
    3,
    4
  ],
  "per_seed": [
    {
      "seed": 0,
      "marginal_L1_hw_vs_ref": 1.1313750000000002,
      "marginal_max_abs_hw_vs_ref": 0.17462500000000003,
      "topk_overlap": 0.8,
      "freq_corr_hw_vs_ref": 0.9430937111196556,
      "tvd_hw_vs_mps": 0.4833828037803226,
      "tvd_ref_vs_mps": 0.03716072426623235,
      "tvd_hw_vs_ref": 0.4823750000000001,
      "fidelity_hw_vs_mps": 0.6063177011881777,
      "hellinger_hw_vs_mps": 0.4704635490777684,
      "marginal_L1_hw_vs_mps": 1.1315094304283664,
      "marginal_max_abs_hw_vs_mps": 0.17074579830962622
    },
    {
      "seed": 1,
      "marginal_L1_hw_vs_ref": 1.131,
      "marginal_max_abs_hw_vs_ref": 0.17462500000000003,
      "topk_overlap": 0.8,
      "freq_corr_hw_vs_ref": 0.943096823121389,
      "tvd_hw_vs_mps": 0.48350780378032254,
      "tvd_ref_vs_mps": 0.03728572426623235,
      "tvd_hw_vs_ref": 0.4825000000000001,
      "fidelity_hw_vs_mps": 0.6062203130166628,
      "hellinger_hw_vs_mps": 0.4705300085491887,
      "marginal_L1_hw_vs_mps": 1.1318844304283662,
      "marginal_max_abs_hw_vs_mps": 0.17074579830962622
    },
    {
      "seed": 2,
      "marginal_L1_hw_vs_ref": 1.131625,
      "marginal_max_abs_hw_vs_ref": 0.17475000000000002,
      "topk_overlap": 0.8,
      "freq_corr_hw_vs_ref": 0.943064011005564,
      "tvd_hw_vs_mps": 0.48350780378032254,
      "tvd_ref_vs_mps": 0.03728572426623235,
      "tvd_hw_vs_ref": 0.4825000000000001,
      "fidelity_hw_vs_mps": 0.6062551248824649,
      "hellinger_hw_vs_mps": 0.47050625275962266,
      "marginal_L1_hw_vs_mps": 1.1322594304283664,
      "marginal_max_abs_hw_vs_mps": 0.1708707983096262
    },
    {
      "seed": 3,
      "marginal_L1_hw_vs_ref": 1.13225,
      "marginal_max_abs_hw_vs_ref": 0.174875,
      "topk_overlap": 0.8,
      "freq_corr_hw_vs_ref": 0.9430152603357356,
      "tvd_hw_vs_mps": 0.4835078037803226,
      "tvd_ref_vs_mps": 0.03741072426623234,
      "tvd_hw_vs_ref": 0.48262500000000014,
      "fidelity_hw_vs_mps": 0.606265138698529,
      "hellinger_hw_vs_mps": 0.47049941918614807,
      "marginal_L1_hw_vs_mps": 1.1325094304283663,
      "marginal_max_abs_hw_vs_mps": 0.1709957983096262
    },
    {
      "seed": 4,
      "marginal_L1_hw_vs_ref": 1.13225,
      "marginal_max_abs_hw_vs_ref": 0.175,
      "topk_overlap": 0.8,
      "freq_corr_hw_vs_ref": 0.9429662358316979,
      "tvd_hw_vs_mps": 0.4833828037803226,
      "tvd_ref_vs_mps": 0.03749455840059116,
      "tvd_hw_vs_ref": 0.4825000000000001,
      "fidelity_hw_vs_mps": 0.6063526560974778,
      "hellinger_hw_vs_mps": 0.47043969421978615,
      "marginal_L1_hw_vs_mps": 1.1321344304283665,
      "marginal_max_abs_hw_vs_mps": 0.1709957983096262
    }
  ],
  "error_bar_method": "seeds",
  "backend": "fake:torino (133q, ruido de dispositivo real)",
  "variant": "reuse_isometry",
  "N_sites": 14,
  "b_max": 2,
  "executed_depth": 1760,
  "executed_2q_gates": 449
}