{
  "shots": 8000,
  "marginal_L1_hw_vs_ref": 0.04795000000000001,
  "marginal_max_abs_hw_vs_ref": 0.008500000000000006,
  "site_marginals_hw": [
    0.0382,
    0.0158,
    0.502,
    0.0,
    0.0052,
    0.0127,
    0.4918,
    0.5071,
    0.0352,
    0.0445,
    0.0582,
    0.4714,
    0.4002,
    0.1068
  ],
  "site_marginals_ref": [
    0.0432,
    0.0188,
    0.4979,
    0.0,
    0.0048,
    0.0099,
    0.4908,
    0.5024,
    0.034,
    0.0469,
    0.0601,
    0.4758,
    0.4019,
    0.1032
  ],
  "topk_k": 10,
  "topk_overlap": 0.9199999999999999,
  "freq_corr_hw_vs_ref": 0.9986199442462727,
  "tvd_hw_vs_mps": 0.041199085345167176,
  "tvd_ref_vs_mps": 0.039635725061879096,
  "tvd_hw_vs_ref": 0.05270000000000001,
  "fidelity_hw_vs_mps": 0.9816191819309698,
  "hellinger_hw_vs_mps": 0.09608000799550669,
  "mc_noise_scale": 0.7155417527999327,
  "marginal_L1_hw_vs_mps": 0.037197847725586944,
  "marginal_max_abs_hw_vs_mps": 0.007287827308026984,
  "site_marginals_mps": [
    0.0412,
    0.0168,
    0.5005,
    0.0,
    0.0055,
    0.0124,
    0.4857,
    0.4996,
    0.0336,
    0.0459,
    0.0594,
    0.478,
    0.4008,
    0.1069
  ],
  "seed": 0,
  "seconds": 0.06498830999998972,
  "marginal_L1_hw_vs_ref_std": 0.01049947915374854,
  "marginal_max_abs_hw_vs_ref_std": 0.0025814845535079307,
  "topk_overlap_std": 0.04472135954999579,
  "freq_corr_hw_vs_ref_std": 0.0005776948193819932,
  "tvd_hw_vs_mps_std": 0.0036884256737333876,
  "tvd_ref_vs_mps_std": 0.0018949342285277558,
  "tvd_hw_vs_ref_std": 0.005149787616979951,
  "fidelity_hw_vs_mps_std": 0.0005502165084033074,
  "hellinger_hw_vs_mps_std": 0.001456309920152461,
  "marginal_L1_hw_vs_mps_std": 0.008581143614963033,
  "marginal_max_abs_hw_vs_mps_std": 0.0011267995512775984,
  "n_seeds": 5,
  "seeds": [
    0,
    1,
    2,
    3,
    4
  ],
  "per_seed": [
    {
      "seed": 0,
      "marginal_L1_hw_vs_ref": 0.03625000000000002,
      "marginal_max_abs_hw_vs_ref": 0.0049999999999999975,
      "topk_overlap": 0.9,
      "freq_corr_hw_vs_ref": 0.9992340282623767,
      "tvd_hw_vs_mps": 0.04044628993361695,
      "tvd_ref_vs_mps": 0.03851374898835412,
      "tvd_hw_vs_ref": 0.04662500000000001,
      "fidelity_hw_vs_mps": 0.9815740128675017,
      "hellinger_hw_vs_mps": 0.09620721776023919,
      "marginal_L1_hw_vs_mps": 0.031052378477766943,
      "marginal_max_abs_hw_vs_mps": 0.007535680202674699
    },
    {
      "seed": 1,
      "marginal_L1_hw_vs_ref": 0.037375000000000005,
      "marginal_max_abs_hw_vs_ref": 0.007374999999999965,
      "topk_overlap": 0.9,
      "freq_corr_hw_vs_ref": 0.9983570363079848,
      "tvd_hw_vs_mps": 0.04209167297896996,
      "tvd_ref_vs_mps": 0.03935073287873185,
      "tvd_hw_vs_ref": 0.05525000000000003,
      "fidelity_hw_vs_mps": 0.9815161637970474,
      "hellinger_hw_vs_mps": 0.09635882905175029,
      "marginal_L1_hw_vs_mps": 0.03297543720417288,
      "marginal_max_abs_hw_vs_mps": 0.006105380061872001
    },
    {
      "seed": 2,
      "marginal_L1_hw_vs_ref": 0.058250000000000066,
      "marginal_max_abs_hw_vs_ref": 0.01150000000000001,
      "topk_overlap": 0.9,
      "freq_corr_hw_vs_ref": 0.9978418247333758,
      "tvd_hw_vs_mps": 0.04698032277680431,
      "tvd_ref_vs_mps": 0.03749344763880644,
      "tvd_hw_vs_ref": 0.06000000000000001,
      "fidelity_hw_vs_mps": 0.9811616272857796,
      "hellinger_hw_vs_mps": 0.09728293642014929,
      "marginal_L1_hw_vs_mps": 0.04595914346600288,
      "marginal_max_abs_hw_vs_mps": 0.00854025933200725
    },
    {
      "seed": 3,
      "marginal_L1_hw_vs_ref": 0.051250000000000025,
      "marginal_max_abs_hw_vs_ref": 0.008125000000000049,
      "topk_overlap": 0.9,
      "freq_corr_hw_vs_ref": 0.9991433313795185,
      "tvd_hw_vs_mps": 0.03926388019458132,
      "tvd_ref_vs_mps": 0.04244357756227385,
      "tvd_hw_vs_ref": 0.049750000000000016,
      "fidelity_hw_vs_mps": 0.9812874340686567,
      "hellinger_hw_vs_mps": 0.09695600733814824,
      "marginal_L1_hw_vs_mps": 0.02903181142335555,
      "marginal_max_abs_hw_vs_mps": 0.006128908471790484
    },
    {
      "seed": 4,
      "marginal_L1_hw_vs_ref": 0.05662499999999999,
      "marginal_max_abs_hw_vs_ref": 0.01050000000000001,
      "topk_overlap": 1.0,
      "freq_corr_hw_vs_ref": 0.9985235005481077,
      "tvd_hw_vs_mps": 0.03721326084186334,
      "tvd_ref_vs_mps": 0.040377118241229214,
      "tvd_hw_vs_ref": 0.05187499999999999,
      "fidelity_hw_vs_mps": 0.9825566716358638,
      "hellinger_hw_vs_mps": 0.09359504940724647,
      "marginal_L1_hw_vs_mps": 0.04697046805663646,
      "marginal_max_abs_hw_vs_mps": 0.008128908471790486
    }
  ],
  "error_bar_method": "seeds",
  "backend": "Aer ideal (referencia)",
  "variant": "no_reuse_unitary",
  "N_sites": 14,
  "b_max": 2
}