{
  "shots": 8000,
  "marginal_L1_hw_vs_ref": 1.559675,
  "marginal_max_abs_hw_vs_ref": 0.234225,
  "site_marginals_hw": [
    0.0799,
    0.0428,
    0.4819,
    0.0614,
    0.1455,
    0.1229,
    0.3969,
    0.3658,
    0.1661,
    0.2088,
    0.2416,
    0.6178,
    0.4864,
    0.3406
  ],
  "site_marginals_ref": [
    0.0432,
    0.0188,
    0.4979,
    0.0,
    0.0048,
    0.0099,
    0.4908,
    0.5024,
    0.034,
    0.0469,
    0.0601,
    0.4758,
    0.4019,
    0.1032
  ],
  "topk_k": 10,
  "topk_overlap": 0.8,
  "freq_corr_hw_vs_ref": 0.8704923906328006,
  "tvd_hw_vs_mps": 0.6186043188882542,
  "tvd_ref_vs_mps": 0.039635725061879096,
  "tvd_hw_vs_ref": 0.623075,
  "fidelity_hw_vs_mps": 0.4307315777649012,
  "hellinger_hw_vs_mps": 0.5862581017155588,
  "mc_noise_scale": 0.7155417527999327,
  "marginal_L1_hw_vs_mps": 1.5545844304283665,
  "marginal_max_abs_hw_vs_mps": 0.2337957983096262,
  "site_marginals_mps": [
    0.0412,
    0.0168,
    0.5005,
    0.0,
    0.0055,
    0.0124,
    0.4857,
    0.4996,
    0.0336,
    0.0459,
    0.0594,
    0.478,
    0.4008,
    0.1069
  ],
  "seed": 0,
  "seconds": 72.14190356299991,
  "marginal_L1_hw_vs_ref_std": 0.023299108083787243,
  "marginal_max_abs_hw_vs_ref_std": 0.005502414242857398,
  "topk_overlap_std": 0.0,
  "freq_corr_hw_vs_ref_std": 0.002555682384305939,
  "tvd_hw_vs_mps_std": 1.4686870114880517e-16,
  "tvd_ref_vs_mps_std": 0.0018949342285277558,
  "tvd_hw_vs_ref_std": 0.0021948092172213566,
  "fidelity_hw_vs_mps_std": 2.854233268041744e-05,
  "hellinger_hw_vs_mps_std": 1.8545459640045646e-05,
  "marginal_L1_hw_vs_mps_std": 0.00024366985862018018,
  "marginal_max_abs_hw_vs_mps_std": 6.846531968813823e-05,
  "n_seeds": 5,
  "seeds": [
    0,
    1,
    2,
    3,
    4
  ],
  "per_seed": [
    {
      "seed": 0,
      "marginal_L1_hw_vs_ref": 1.5616249999999998,
      "marginal_max_abs_hw_vs_ref": 0.237375,
      "topk_overlap": 0.8,
      "freq_corr_hw_vs_ref": 0.8685915968056829,
      "tvd_hw_vs_mps": 0.618604318888254,
      "tvd_ref_vs_mps": 0.03851374898835412,
      "tvd_hw_vs_ref": 0.625875,
      "fidelity_hw_vs_mps": 0.43068285266251605,
      "hellinger_hw_vs_mps": 0.5862897609901236,
      "marginal_L1_hw_vs_mps": 1.5545094304283666,
      "marginal_max_abs_hw_vs_mps": 0.23374579830962622
    },
    {
      "seed": 1,
      "marginal_L1_hw_vs_ref": 1.5339999999999998,
      "marginal_max_abs_hw_vs_ref": 0.226875,
      "topk_overlap": 0.8,
      "freq_corr_hw_vs_ref": 0.867689385052721,
      "tvd_hw_vs_mps": 0.6186043188882542,
      "tvd_ref_vs_mps": 0.03935073287873185,
      "tvd_hw_vs_ref": 0.6198750000000001,
      "fidelity_hw_vs_mps": 0.4307345196893335,
      "hellinger_hw_vs_mps": 0.5862561901825465,
      "marginal_L1_hw_vs_mps": 1.5542594304283666,
      "marginal_max_abs_hw_vs_mps": 0.23374579830962622
    },
    {
      "seed": 2,
      "marginal_L1_hw_vs_ref": 1.5405000000000002,
      "marginal_max_abs_hw_vs_ref": 0.2355,
      "topk_overlap": 0.8,
      "freq_corr_hw_vs_ref": 0.8741212896821451,
      "tvd_hw_vs_mps": 0.6186043188882543,
      "tvd_ref_vs_mps": 0.03749344763880644,
      "tvd_hw_vs_ref": 0.624,
      "fidelity_hw_vs_mps": 0.4307361330280627,
      "hellinger_hw_vs_mps": 0.5862551419122758,
      "marginal_L1_hw_vs_mps": 1.5548844304283664,
      "marginal_max_abs_hw_vs_mps": 0.2338707983096262
    },
    {
      "seed": 3,
      "marginal_L1_hw_vs_ref": 1.5706250000000004,
      "marginal_max_abs_hw_vs_ref": 0.23062500000000002,
      "topk_overlap": 0.8,
      "freq_corr_hw_vs_ref": 0.8703554601170704,
      "tvd_hw_vs_mps": 0.6186043188882543,
      "tvd_ref_vs_mps": 0.04244357756227385,
      "tvd_hw_vs_ref": 0.6225,
      "fidelity_hw_vs_mps": 0.430750571908101,
      "hellinger_hw_vs_mps": 0.5862457602232118,
      "marginal_L1_hw_vs_mps": 1.5545094304283664,
      "marginal_max_abs_hw_vs_mps": 0.23374579830962622
    },
    {
      "seed": 4,
      "marginal_L1_hw_vs_ref": 1.5916249999999998,
      "marginal_max_abs_hw_vs_ref": 0.24075,
      "topk_overlap": 0.8,
      "freq_corr_hw_vs_ref": 0.8717042215063836,
      "tvd_hw_vs_mps": 0.6186043188882543,
      "tvd_ref_vs_mps": 0.040377118241229214,
      "tvd_hw_vs_ref": 0.623125,
      "fidelity_hw_vs_mps": 0.4307538115364927,
      "hellinger_hw_vs_mps": 0.5862436552696364,
      "marginal_L1_hw_vs_mps": 1.5547594304283665,
      "marginal_max_abs_hw_vs_mps": 0.2338707983096262
    }
  ],
  "error_bar_method": "seeds",
  "backend": "fake:torino (133q, ruido de dispositivo real)",
  "variant": "no_reuse_isometry",
  "N_sites": 14,
  "b_max": 2,
  "executed_depth": 1626,
  "executed_2q_gates": 459
}