{
  "shots": 8000,
  "marginal_L1_hw_vs_ref": 1.36285,
  "marginal_max_abs_hw_vs_ref": 0.21065,
  "site_marginals_hw": [
    0.101,
    0.1049,
    0.4781,
    0.0362,
    0.0726,
    0.1116,
    0.409,
    0.3828,
    0.1294,
    0.1816,
    0.2052,
    0.6014,
    0.4896,
    0.3136
  ],
  "site_marginals_ref": [
    0.0416,
    0.0156,
    0.4978,
    0.0,
    0.0066,
    0.0126,
    0.4878,
    0.4942,
    0.0329,
    0.0442,
    0.0604,
    0.4775,
    0.4,
    0.103
  ],
  "topk_k": 10,
  "topk_overlap": 0.9,
  "freq_corr_hw_vs_ref": 0.9365115975739291,
  "tvd_hw_vs_mps": 0.5378589380464265,
  "tvd_ref_vs_mps": 0.03732749109310411,
  "tvd_hw_vs_ref": 0.5385500000000001,
  "fidelity_hw_vs_mps": 0.5312882909282883,
  "hellinger_hw_vs_mps": 0.5206771992380154,
  "mc_noise_scale": 0.7155417527999327,
  "marginal_L1_hw_vs_mps": 1.3632094304283662,
  "marginal_max_abs_hw_vs_mps": 0.20674579830962622,
  "site_marginals_mps": [
    0.0412,
    0.0168,
    0.5005,
    0.0,
    0.0055,
    0.0124,
    0.4857,
    0.4996,
    0.0336,
    0.0459,
    0.0594,
    0.478,
    0.4008,
    0.1069
  ],
  "seed": 0,
  "seconds": 3.430220850000296,
  "marginal_L1_hw_vs_ref_std": 0.0003791437722024516,
  "marginal_max_abs_hw_vs_ref_std": 0.00013693063937627646,
  "topk_overlap_std": 0.0,
  "freq_corr_hw_vs_ref_std": 6.303975349506703e-05,
  "tvd_hw_vs_mps_std": 5.684057556319892e-05,
  "tvd_ref_vs_mps_std": 0.00012858786542546983,
  "tvd_hw_vs_ref_std": 6.84653196881585e-05,
  "fidelity_hw_vs_mps_std": 7.122454245220226e-05,
  "hellinger_hw_vs_mps_std": 4.691830146047166e-05,
  "marginal_L1_hw_vs_mps_std": 0.0002592055169165385,
  "marginal_max_abs_hw_vs_mps_std": 8.838834764830871e-05,
  "n_seeds": 5,
  "seeds": [
    0,
    1,
    2,
    3,
    4
  ],
  "per_seed": [
    {
      "seed": 0,
      "marginal_L1_hw_vs_ref": 1.3626250000000002,
      "marginal_max_abs_hw_vs_ref": 0.210625,
      "topk_overlap": 0.9,
      "freq_corr_hw_vs_ref": 0.9364562366501906,
      "tvd_hw_vs_mps": 0.5378824270731581,
      "tvd_ref_vs_mps": 0.03716072426623235,
      "tvd_hw_vs_ref": 0.5385,
      "fidelity_hw_vs_mps": 0.5312418939748611,
      "hellinger_hw_vs_mps": 0.520707762428139,
      "marginal_L1_hw_vs_mps": 1.3627594304283663,
      "marginal_max_abs_hw_vs_mps": 0.2067457983096262
    },
    {
      "seed": 1,
      "marginal_L1_hw_vs_ref": 1.3625,
      "marginal_max_abs_hw_vs_ref": 0.210625,
      "topk_overlap": 0.9,
      "freq_corr_hw_vs_ref": 0.9364410708711818,
      "tvd_hw_vs_mps": 0.5378824270731581,
      "tvd_ref_vs_mps": 0.03728572426623235,
      "tvd_hw_vs_ref": 0.5385000000000001,
      "fidelity_hw_vs_mps": 0.5312591964907307,
      "hellinger_hw_vs_mps": 0.5206963649105355,
      "marginal_L1_hw_vs_mps": 1.3633844304283662,
      "marginal_max_abs_hw_vs_mps": 0.2067457983096262
    },
    {
      "seed": 2,
      "marginal_L1_hw_vs_ref": 1.362625,
      "marginal_max_abs_hw_vs_ref": 0.21050000000000002,
      "topk_overlap": 0.9,
      "freq_corr_hw_vs_ref": 0.9365227335605872,
      "tvd_hw_vs_mps": 0.5377574270731581,
      "tvd_ref_vs_mps": 0.03728572426623235,
      "tvd_hw_vs_ref": 0.5385000000000001,
      "fidelity_hw_vs_mps": 0.5314139864207272,
      "hellinger_hw_vs_mps": 0.5205943988054432,
      "marginal_L1_hw_vs_mps": 1.3632594304283663,
      "marginal_max_abs_hw_vs_mps": 0.2066207983096262
    },
    {
      "seed": 3,
      "marginal_L1_hw_vs_ref": 1.363125,
      "marginal_max_abs_hw_vs_ref": 0.210625,
      "topk_overlap": 0.9,
      "freq_corr_hw_vs_ref": 0.9365929443636275,
      "tvd_hw_vs_mps": 0.537882427073158,
      "tvd_ref_vs_mps": 0.03741072426623234,
      "tvd_hw_vs_ref": 0.538625,
      "fidelity_hw_vs_mps": 0.53127398228956,
      "hellinger_hw_vs_mps": 0.5206866251547966,
      "marginal_L1_hw_vs_mps": 1.3633844304283662,
      "marginal_max_abs_hw_vs_mps": 0.2067457983096262
    },
    {
      "seed": 4,
      "marginal_L1_hw_vs_ref": 1.3633749999999998,
      "marginal_max_abs_hw_vs_ref": 0.21087499999999998,
      "topk_overlap": 0.9,
      "freq_corr_hw_vs_ref": 0.936545002424059,
      "tvd_hw_vs_mps": 0.5378899819394996,
      "tvd_ref_vs_mps": 0.03749455840059116,
      "tvd_hw_vs_ref": 0.5386250000000001,
      "fidelity_hw_vs_mps": 0.531252395465563,
      "hellinger_hw_vs_mps": 0.5207008448911626,
      "marginal_L1_hw_vs_mps": 1.363259430428366,
      "marginal_max_abs_hw_vs_mps": 0.20687079830962618
    }
  ],
  "error_bar_method": "seeds",
  "backend": "fake:torino (133q, ruido de dispositivo real)",
  "variant": "reuse_unitary",
  "N_sites": 14,
  "b_max": 2,
  "executed_depth": 1708,
  "executed_2q_gates": 382
}