{
  "shots": 8000,
  "marginal_L1_hw_vs_ref": 2.2837400833333334,
  "marginal_max_abs_hw_vs_ref": 0.42092283333333336,
  "site_marginals_hw": [
    0.2801,
    0.364,
    0.3572,
    0.3745,
    0.432,
    0.4685,
    0.4772,
    0.4876
  ],
  "site_marginals_ref": [
    0.0404,
    0.0176,
    0.0,
    0.0035,
    0.4779,
    0.051,
    0.0588,
    0.4061
  ],
  "topk_k": 10,
  "topk_overlap": 0.6059999999999999,
  "freq_corr_hw_vs_ref": 0.540716455800149,
  "tvd_hw_vs_mps": 0.8406805912892873,
  "tvd_ref_vs_mps": 0.019704381864962033,
  "tvd_hw_vs_ref": 0.8434018333333334,
  "fidelity_hw_vs_mps": 0.148322967450855,
  "hellinger_hw_vs_mps": 0.7841558359314829,
  "mc_noise_scale": 0.08944271909999159,
  "marginal_L1_hw_vs_mps": 2.2878112488626696,
  "marginal_max_abs_hw_vs_mps": 0.4222798697073281,
  "site_marginals_mps": [
    0.0399,
    0.0197,
    0.0,
    0.0055,
    0.4823,
    0.0478,
    0.0591,
    0.4058
  ],
  "seed": 0,
  "transpile_seed": 2.0,
  "executed_depth": 5409.8,
  "executed_2q_gates": 1458.4,
  "seconds": 5.6548974130000715,
  "marginal_L1_hw_vs_ref_std": 0.020553597899720864,
  "marginal_max_abs_hw_vs_ref_std": 0.005148053421590722,
  "topk_overlap_std": 0.05529749111149226,
  "freq_corr_hw_vs_ref_std": 0.042897284848252004,
  "tvd_hw_vs_mps_std": 0.004044345365307152,
  "tvd_ref_vs_mps_std": 0.004112851875098293,
  "tvd_hw_vs_ref_std": 0.004260329424255218,
  "fidelity_hw_vs_mps_std": 0.004340299890596195,
  "hellinger_hw_vs_mps_std": 0.003593576232911376,
  "marginal_L1_hw_vs_mps_std": 0.017319680298208236,
  "marginal_max_abs_hw_vs_mps_std": 0.004698693998013638,
  "transpile_seed_std": 1.5811388300841898,
  "executed_depth_std": 4.3817804600413295,
  "executed_2q_gates_std": 2.1908902300206647,
  "n_seeds": 5,
  "seeds": [
    0,
    1,
    2,
    3,
    4
  ],
  "per_seed": [
    {
      "seed": 0,
      "marginal_L1_hw_vs_ref": 2.27775,
      "marginal_max_abs_hw_vs_ref": 0.4185,
      "topk_overlap": 0.6,
      "freq_corr_hw_vs_ref": 0.5608963004309249,
      "tvd_hw_vs_mps": 0.8392741397864263,
      "tvd_ref_vs_mps": 0.013811324425307686,
      "tvd_hw_vs_ref": 0.8417500000000001,
      "fidelity_hw_vs_mps": 0.1499310235561522,
      "hellinger_hw_vs_mps": 0.7828095067286558,
      "marginal_L1_hw_vs_mps": 2.2816802488626697,
      "marginal_max_abs_hw_vs_mps": 0.4206919544429381,
      "transpile_seed": 0,
      "executed_depth": 5405,
      "executed_2q_gates": 1456
    },
    {
      "seed": 1,
      "marginal_L1_hw_vs_ref": 2.277875,
      "marginal_max_abs_hw_vs_ref": 0.4185,
      "topk_overlap": 0.6,
      "freq_corr_hw_vs_ref": 0.5608584456899075,
      "tvd_hw_vs_mps": 0.8392741397864263,
      "tvd_ref_vs_mps": 0.013771290211705589,
      "tvd_hw_vs_ref": 0.84175,
      "fidelity_hw_vs_mps": 0.14993106678338883,
      "hellinger_hw_vs_mps": 0.7828094710756938,
      "marginal_L1_hw_vs_mps": 2.2820552488626697,
      "marginal_max_abs_hw_vs_mps": 0.4206919544429381,
      "transpile_seed": 1,
      "executed_depth": 5405,
      "executed_2q_gates": 1456
    },
    {
      "seed": 2,
      "marginal_L1_hw_vs_ref": 2.287625,
      "marginal_max_abs_hw_vs_ref": 0.417875,
      "topk_overlap": 0.6,
      "freq_corr_hw_vs_ref": 0.5435402168285022,
      "tvd_hw_vs_mps": 0.8414997703843607,
      "tvd_ref_vs_mps": 0.013771290211705596,
      "tvd_hw_vs_ref": 0.843625,
      "fidelity_hw_vs_mps": 0.1476297455207751,
      "hellinger_hw_vs_mps": 0.7847125814304512,
      "marginal_L1_hw_vs_mps": 2.29155524886267,
      "marginal_max_abs_hw_vs_mps": 0.4196919544429381,
      "transpile_seed": 2,
      "executed_depth": 5413,
      "executed_2q_gates": 1460
    },
    {
      "seed": 3,
      "marginal_L1_hw_vs_ref": 2.287625,
      "marginal_max_abs_hw_vs_ref": 0.41775,
      "topk_overlap": 0.6,
      "freq_corr_hw_vs_ref": 0.5435352156578015,
      "tvd_hw_vs_mps": 0.8414997703843606,
      "tvd_ref_vs_mps": 0.013771290211705596,
      "tvd_hw_vs_ref": 0.843625,
      "fidelity_hw_vs_mps": 0.14762967124339071,
      "hellinger_hw_vs_mps": 0.784712643018876,
      "marginal_L1_hw_vs_mps": 2.2914302488626697,
      "marginal_max_abs_hw_vs_mps": 0.4196919544429381,
      "transpile_seed": 3,
      "executed_depth": 5413,
      "executed_2q_gates": 1460
    },
    {
      "seed": 4,
      "marginal_L1_hw_vs_ref": 2.28775,
      "marginal_max_abs_hw_vs_ref": 0.417875,
      "topk_overlap": 0.6,
      "freq_corr_hw_vs_ref": 0.5434603031116749,
      "tvd_hw_vs_mps": 0.8416247703843608,
      "tvd_ref_vs_mps": 0.013771290211705596,
      "tvd_hw_vs_ref": 0.84375,
      "fidelity_hw_vs_mps": 0.14750969441599254,
      "hellinger_hw_vs_mps": 0.7848121378771707,
      "marginal_L1_hw_vs_mps": 2.2916802488626695,
      "marginal_max_abs_hw_vs_mps": 0.4196919544429381,
      "transpile_seed": 4,
      "executed_depth": 5413,
      "executed_2q_gates": 1460
    }
  ],
  "fidelity_hw_vs_mps_std_seed": 0.0014816296737955232,
  "fidelity_hw_vs_mps_std_bootstrap": 0.004079580450247048,
  "fidelity_hw_vs_mps_std_total": 0.004340299890596195,
  "freq_corr_hw_vs_ref_std_seed": 0.012523385473896217,
  "freq_corr_hw_vs_ref_std_bootstrap": 0.04102854937265363,
  "freq_corr_hw_vs_ref_std_total": 0.042897284848252004,
  "hellinger_hw_vs_mps_std_seed": 0.0012258612896744845,
  "hellinger_hw_vs_mps_std_bootstrap": 0.003378025198281257,
  "hellinger_hw_vs_mps_std_total": 0.003593576232911376,
  "marginal_L1_hw_vs_mps_std_seed": 0.006097442731554269,
  "marginal_L1_hw_vs_mps_std_bootstrap": 0.01621087652681244,
  "marginal_L1_hw_vs_mps_std_total": 0.017319680298208236,
  "marginal_L1_hw_vs_ref_std_seed": 0.006203562368432287,
  "marginal_L1_hw_vs_ref_std_bootstrap": 0.019595055513174253,
  "marginal_L1_hw_vs_ref_std_total": 0.020553597899720864,
  "marginal_max_abs_hw_vs_mps_std_seed": 0.00042209427530062553,
  "marginal_max_abs_hw_vs_mps_std_bootstrap": 0.0046796967540352254,
  "marginal_max_abs_hw_vs_mps_std_total": 0.004698693998013638,
  "marginal_max_abs_hw_vs_ref_std_seed": 0.0005004474907242815,
  "marginal_max_abs_hw_vs_ref_std_bootstrap": 0.005123671178030428,
  "marginal_max_abs_hw_vs_ref_std_total": 0.005148053421590722,
  "topk_overlap_std_seed": 0.018904731917932325,
  "topk_overlap_std_bootstrap": 0.05196560049048482,
  "topk_overlap_std_total": 0.05529749111149226,
  "tvd_hw_vs_mps_std_seed": 0.0013406152702174102,
  "tvd_hw_vs_mps_std_bootstrap": 0.003815688683729497,
  "tvd_hw_vs_mps_std_total": 0.004044345365307152,
  "tvd_hw_vs_ref_std_seed": 0.001146569256097359,
  "tvd_hw_vs_ref_std_bootstrap": 0.004103143397950789,
  "tvd_hw_vs_ref_std_total": 0.004260329424255218,
  "tvd_ref_vs_mps_std_seed": 0.0003236843911556797,
  "tvd_ref_vs_mps_std_bootstrap": 0.004100094994194857,
  "tvd_ref_vs_mps_std_total": 0.004112851875098293,
  "n_boots": 300,
  "per_seed_bootstrap": [
    {
      "seed": 0,
      "transpile_seed": 0,
      "marginal_L1_hw_vs_ref": 2.277010416666667,
      "marginal_max_abs_hw_vs_ref": 0.42129833333333333,
      "topk_overlap": 0.6236666666666666,
      "freq_corr_hw_vs_ref": 0.5527654457473856,
      "tvd_hw_vs_mps": 0.8392319973010025,
      "tvd_ref_vs_mps": 0.019648521056871225,
      "tvd_hw_vs_ref": 0.8420662500000001,
      "fidelity_hw_vs_mps": 0.14976412631658526,
      "hellinger_hw_vs_mps": 0.7829635255885622,
      "marginal_L1_hw_vs_mps": 2.28132649886267,
      "marginal_max_abs_hw_vs_mps": 0.4227866141752922,
      "marginal_L1_hw_vs_ref_std": 0.019075158452194034,
      "marginal_max_abs_hw_vs_ref_std": 0.004597132819059703,
      "topk_overlap_std": 0.05306545042667127,
      "freq_corr_hw_vs_ref_std": 0.04167626039003073,
      "tvd_hw_vs_mps_std": 0.004069749966003841,
      "tvd_ref_vs_mps_std": 0.004000695862557948,
      "tvd_hw_vs_ref_std": 0.004197322130166005,
      "fidelity_hw_vs_mps_std": 0.004166192147972091,
      "hellinger_hw_vs_mps_std": 0.003439618872411793,
      "marginal_L1_hw_vs_mps_std": 0.015697599448609875,
      "marginal_max_abs_hw_vs_mps_std": 0.00432637291859111,