{
  "shots": 8000,
  "marginal_L1_hw_vs_ref": 0.02984483333333333,
  "marginal_max_abs_hw_vs_ref": 0.011451,
  "site_marginals_hw": [
    0.0378,
    0.0175,
    0.0,
    0.0054,
    0.479,
    0.0478,
    0.0588,
    0.405
  ],
  "site_marginals_ref": [
    0.0408,
    0.0199,
    0.0,
    0.0062,
    0.4864,
    0.0448,
    0.0589,
    0.4046
  ],
  "topk_k": 10,
  "topk_overlap": 0.9114666666666669,
  "freq_corr_hw_vs_ref": 0.999098001666396,
  "tvd_hw_vs_mps": 0.019301571666378373,
  "tvd_ref_vs_mps": 0.020555012162908434,
  "tvd_hw_vs_ref": 0.0281825,
  "fidelity_hw_vs_mps": 0.9965121574631685,
  "hellinger_hw_vs_mps": 0.04166095223464428,
  "mc_noise_scale": 0.08944271909999159,
  "marginal_L1_hw_vs_mps": 0.02121373496341998,
  "marginal_max_abs_hw_vs_mps": 0.008050192331681414,
  "site_marginals_mps": [
    0.0399,
    0.0197,
    0.0,
    0.0055,
    0.4823,
    0.0478,
    0.0591,
    0.4058
  ],
  "seed": 0,
  "transpile_seed": 2.0,
  "seconds": 0.15721864800070762,
  "marginal_L1_hw_vs_ref_std": 0.010248243268598755,
  "marginal_max_abs_hw_vs_ref_std": 0.005349726359289314,
  "topk_overlap_std": 0.05882485924677758,
  "freq_corr_hw_vs_ref_std": 0.0005874664715107598,
  "tvd_hw_vs_mps_std": 0.00428640633885327,
  "tvd_ref_vs_mps_std": 0.004429310079035799,
  "tvd_hw_vs_ref_std": 0.006107810020743035,
  "fidelity_hw_vs_mps_std": 0.0005276484124706973,
  "hellinger_hw_vs_mps_std": 0.003164580245129164,
  "marginal_L1_hw_vs_mps_std": 0.007089399603766556,
  "marginal_max_abs_hw_vs_mps_std": 0.00363894554978017,
  "transpile_seed_std": 1.5811388300841898,
  "n_seeds": 5,
  "seeds": [
    0,
    1,
    2,
    3,
    4
  ],
  "per_seed": [
    {
      "seed": 0,
      "marginal_L1_hw_vs_ref": 0.01712500000000004,
      "marginal_max_abs_hw_vs_ref": 0.00737500000000002,
      "topk_overlap": 1.0,
      "freq_corr_hw_vs_ref": 0.9995196339917777,
      "tvd_hw_vs_mps": 0.010166364551719348,
      "tvd_ref_vs_mps": 0.013682781453949865,
      "tvd_hw_vs_ref": 0.01837499999999998,
      "fidelity_hw_vs_mps": 0.9976569628648478,
      "hellinger_hw_vs_mps": 0.03423748823382175,
      "marginal_L1_hw_vs_mps": 0.00903666395197638,
      "marginal_max_abs_hw_vs_mps": 0.003295956407323053,
      "transpile_seed": 0
    },
    {
      "seed": 1,
      "marginal_L1_hw_vs_ref": 0.01624999999999996,
      "marginal_max_abs_hw_vs_ref": 0.008374999999999966,
      "topk_overlap": 0.9,
      "freq_corr_hw_vs_ref": 0.9994926885564052,
      "tvd_hw_vs_mps": 0.015955570342550303,
      "tvd_ref_vs_mps": 0.017755951664239048,
      "tvd_hw_vs_ref": 0.019999999999999983,
      "fidelity_hw_vs_mps": 0.998020003447217,
      "hellinger_hw_vs_mps": 0.03147203219420836,
      "marginal_L1_hw_vs_mps": 0.01897427029140691,
      "marginal_max_abs_hw_vs_mps": 0.00707904359267697,
      "transpile_seed": 1
    },
    {
      "seed": 2,
      "marginal_L1_hw_vs_ref": 0.020124999999999973,
      "marginal_max_abs_hw_vs_ref": 0.007374999999999965,
      "topk_overlap": 0.9,
      "freq_corr_hw_vs_ref": 0.9996361148297832,
      "tvd_hw_vs_mps": 0.014904266413089713,
      "tvd_ref_vs_mps": 0.011151936382391026,
      "tvd_hw_vs_ref": 0.019624999999999997,
      "fidelity_hw_vs_mps": 0.9982876005364406,
      "hellinger_hw_vs_mps": 0.02926715881217265,
      "marginal_L1_hw_vs_mps": 0.016701219021082778,
      "marginal_max_abs_hw_vs_mps": 0.005454043592676983,
      "transpile_seed": 2
    },
    {
      "seed": 3,
      "marginal_L1_hw_vs_ref": 0.009125000000000062,
      "marginal_max_abs_hw_vs_ref": 0.0032500000000000306,
      "topk_overlap": 0.9,
      "freq_corr_hw_vs_ref": 0.9997882607304157,
      "tvd_hw_vs_mps": 0.01254280681351661,
      "tvd_ref_vs_mps": 0.016184011564986236,
      "tvd_hw_vs_ref": 0.01537500000000003,
      "fidelity_hw_vs_mps": 0.9977365452707908,
      "hellinger_hw_vs_mps": 0.03365068340773319,
      "marginal_L1_hw_vs_mps": 0.01267850368694765,
      "marginal_max_abs_hw_vs_mps": 0.0035396743433758204,
      "transpile_seed": 3
    },
    {
      "seed": 4,
      "marginal_L1_hw_vs_ref": 0.029375000000000012,
      "marginal_max_abs_hw_vs_ref": 0.008875000000000022,
      "topk_overlap": 0.9,
      "freq_corr_hw_vs_ref": 0.9995327991937355,
      "tvd_hw_vs_mps": 0.009835654362473422,
      "tvd_ref_vs_mps": 0.014347905339729409,
      "tvd_hw_vs_ref": 0.021124999999999984,
      "fidelity_hw_vs_mps": 0.9982065640838861,
      "hellinger_hw_vs_mps": 0.02995196772395054,
      "marginal_L1_hw_vs_mps": 0.00997427029140693,
      "marginal_max_abs_hw_vs_mps": 0.0029540435926769804,
      "transpile_seed": 4
    }
  ],
  "fidelity_hw_vs_mps_std_seed": 0.00013650230891089024,
  "fidelity_hw_vs_mps_std_bootstrap": 0.0005096861454315224,
  "fidelity_hw_vs_mps_std_total": 0.0005276484124706973,
  "freq_corr_hw_vs_ref_std_seed": 0.0001357971730208555,
  "freq_corr_hw_vs_ref_std_bootstrap": 0.0005715557566404578,
  "freq_corr_hw_vs_ref_std_total": 0.0005874664715107598,
  "hellinger_hw_vs_mps_std_seed": 0.000835121053247464,
  "hellinger_hw_vs_mps_std_bootstrap": 0.003052399212797141,
  "hellinger_hw_vs_mps_std_total": 0.003164580245129164,
  "marginal_L1_hw_vs_mps_std_seed": 0.0021483906784261183,
  "marginal_L1_hw_vs_mps_std_bootstrap": 0.0067560346531628426,
  "marginal_L1_hw_vs_mps_std_total": 0.007089399603766556,
  "marginal_L1_hw_vs_ref_std_seed": 0.0038097912348936183,
  "marginal_L1_hw_vs_ref_std_bootstrap": 0.009513778473293745,
  "marginal_L1_hw_vs_ref_std_total": 0.010248243268598755,
  "marginal_max_abs_hw_vs_mps_std_seed": 0.0009480821517204427,
  "marginal_max_abs_hw_vs_mps_std_bootstrap": 0.0035132698370398535,
  "marginal_max_abs_hw_vs_mps_std_total": 0.00363894554978017,
  "marginal_max_abs_hw_vs_ref_std_seed": 0.0010578889569037428,
  "marginal_max_abs_hw_vs_ref_std_bootstrap": 0.005244086486141892,
  "marginal_max_abs_hw_vs_ref_std_total": 0.005349726359289314,
  "topk_overlap_std_seed": 0.019351428313635573,
  "topk_overlap_std_bootstrap": 0.055550754158925846,
  "topk_overlap_std_total": 0.05882485924677758,
  "tvd_hw_vs_mps_std_seed": 0.0016388666152723657,
  "tvd_hw_vs_mps_std_bootstrap": 0.003960731689865799,
  "tvd_hw_vs_mps_std_total": 0.00428640633885327,
  "tvd_hw_vs_ref_std_seed": 0.0018634906947566008,
  "tvd_hw_vs_ref_std_bootstrap": 0.005816592273835652,
  "tvd_hw_vs_ref_std_total": 0.006107810020743035,
  "tvd_ref_vs_mps_std_seed": 0.0017126480573014537,
  "tvd_ref_vs_mps_std_bootstrap": 0.004084804084416984,
  "tvd_ref_vs_mps_std_total": 0.004429310079035799,
  "n_boots": 300,
  "per_seed_bootstrap": [
    {
      "seed": 0,
      "transpile_seed": 0,
      "marginal_L1_hw_vs_ref": 0.029222083333333333,
      "marginal_max_abs_hw_vs_ref": 0.01136375,
      "topk_overlap": 0.9136666666666667,
      "freq_corr_hw_vs_ref": 0.9990102402636465,
      "tvd_hw_vs_mps": 0.017541407828569156,
      "tvd_ref_vs_mps": 0.01977287851659015,
      "tvd_hw_vs_ref": 0.02702041666666667,
      "fidelity_hw_vs_mps": 0.9963596443686439,
      "hellinger_hw_vs_mps": 0.04261696880525921,
      "marginal_L1_hw_vs_mps": 0.01892199907546387,
      "marginal_max_abs_hw_vs_mps": 0.007204993763692649,
      "marginal_L1_hw_vs_ref_std": 0.008794975300981339,
      "marginal_max_abs_hw_vs_ref_std": 0.005246199103887061,
      "topk_overlap_std": 0.057656770920672305,
      "freq_corr_hw_vs_ref_std": 0.0006800115668178604,
      "tvd_hw_vs_mps_std": 0.0036909064208960436,
      "tvd_ref_vs_mps_std": 0.004341712678008584,
      "tvd_hw_vs_ref_std": 0.006233217420221121,
      "fidelity_hw_vs_mps_std": 0.00040768692520947483,
      "hellinger_hw_vs_mps_std": 0.002381398036745089,
      "marginal_L1_hw_vs_mps_std": 0.005929095696568209,
      "marginal_max_abs_hw_vs_mps_std": 0.0033429752316282333,
      "n_boots": 300,
      "bootstrap_resamples": 300
    },
    {
      "seed": 1,
      "transpile_seed": 1,
      "marginal_L1_hw_vs_ref": 0.0284325,
      "marginal_max_abs_hw_vs_ref": 0.011637499999999997,
      "topk_overlap": 0.922,