{
  "shots": 8000,
  "marginal_L1_hw_vs_ref": 2.4473268333333333,
  "marginal_max_abs_hw_vs_ref": 0.43183266666666664,
  "site_marginals_hw": [
    0.3389,
    0.397,
    0.4058,
    0.4185,
    0.437,
    0.477,
    0.4836,
    0.497
  ],
  "site_marginals_ref": [
    0.0408,
    0.0199,
    0.0,
    0.0062,
    0.4864,
    0.0448,
    0.0589,
    0.4046
  ],
  "topk_k": 10,
  "topk_overlap": 0.4981333333333334,
  "freq_corr_hw_vs_ref": 0.5057671515923914,
  "tvd_hw_vs_mps": 0.8776242304728223,
  "tvd_ref_vs_mps": 0.020428223430449446,
  "tvd_hw_vs_ref": 0.8774085833333334,
  "fidelity_hw_vs_mps": 0.10850251741211485,
  "hellinger_hw_vs_mps": 0.8189346962043169,
  "mc_noise_scale": 0.08944271909999159,
  "marginal_L1_hw_vs_mps": 2.4472399155293365,
  "marginal_max_abs_hw_vs_mps": 0.4303993202033067,
  "site_marginals_mps": [
    0.0399,
    0.0197,
    0.0,
    0.0055,
    0.4823,
    0.0478,
    0.0591,
    0.4058
  ],
  "seed": 0,
  "transpile_seed": 2.0,
  "executed_depth": 6040.6,
  "executed_2q_gates": 1773.6,
  "seconds": 7.734835967001345,
  "marginal_L1_hw_vs_ref_std": 0.03450888263447025,
  "marginal_max_abs_hw_vs_ref_std": 0.006228910523941085,
  "topk_overlap_std": 0.09013226211985399,
  "freq_corr_hw_vs_ref_std": 0.09149682073485192,
  "tvd_hw_vs_mps_std": 0.0044476641749459965,
  "tvd_ref_vs_mps_std": 0.004419748420043793,
  "tvd_hw_vs_ref_std": 0.004161641017476728,
  "fidelity_hw_vs_mps_std": 0.004585228043295607,
  "hellinger_hw_vs_mps_std": 0.004252703402855249,
  "marginal_L1_hw_vs_mps_std": 0.03103652555216362,
  "marginal_max_abs_hw_vs_mps_std": 0.0065458776180874,
  "transpile_seed_std": 1.5811388300841898,
  "executed_depth_std": 26.17823523463719,
  "executed_2q_gates_std": 2.8809720581775866,
  "n_seeds": 5,
  "seeds": [
    0,
    1,
    2,
    3,
    4
  ],
  "per_seed": [
    {
      "seed": 0,
      "marginal_L1_hw_vs_ref": 2.492,
      "marginal_max_abs_hw_vs_ref": 0.43224999999999997,
      "topk_overlap": 0.5,
      "freq_corr_hw_vs_ref": 0.5196702770637084,
      "tvd_hw_vs_mps": 0.8792565584663675,
      "tvd_ref_vs_mps": 0.013682781453949865,
      "tvd_hw_vs_ref": 0.8783749999999999,
      "fidelity_hw_vs_mps": 0.10960619294014083,
      "hellinger_hw_vs_mps": 0.8178824730713337,
      "marginal_L1_hw_vs_mps": 2.4851802488626697,
      "marginal_max_abs_hw_vs_mps": 0.42919195444293806,
      "transpile_seed": 0,
      "executed_depth": 6008,
      "executed_2q_gates": 1778
    },
    {
      "seed": 1,
      "marginal_L1_hw_vs_ref": 2.4545,
      "marginal_max_abs_hw_vs_ref": 0.429875,
      "topk_overlap": 0.5,
      "freq_corr_hw_vs_ref": 0.5546582040843324,
      "tvd_hw_vs_mps": 0.8798747703843608,
      "tvd_ref_vs_mps": 0.017755951664239048,
      "tvd_hw_vs_ref": 0.8775,
      "fidelity_hw_vs_mps": 0.10775260155878691,
      "hellinger_hw_vs_mps": 0.819599344829973,
      "marginal_L1_hw_vs_mps": 2.46493024886267,
      "marginal_max_abs_hw_vs_mps": 0.4329419544429381,
      "transpile_seed": 1,
      "executed_depth": 6039,
      "executed_2q_gates": 1775
    },
    {
      "seed": 2,
      "marginal_L1_hw_vs_ref": 2.423375,
      "marginal_max_abs_hw_vs_ref": 0.43024999999999997,
      "topk_overlap": 0.5,
      "freq_corr_hw_vs_ref": 0.3958938123078593,
      "tvd_hw_vs_mps": 0.8779997703843607,
      "tvd_ref_vs_mps": 0.011151936382391026,
      "tvd_hw_vs_ref": 0.87825,
      "fidelity_hw_vs_mps": 0.10512302979696833,
      "hellinger_hw_vs_mps": 0.8220542448999836,
      "marginal_L1_hw_vs_mps": 2.4240552488626697,
      "marginal_max_abs_hw_vs_mps": 0.4283733954404901,
      "transpile_seed": 2,
      "executed_depth": 6063,
      "executed_2q_gates": 1771
    },
    {
      "seed": 3,
      "marginal_L1_hw_vs_ref": 2.41825,
      "marginal_max_abs_hw_vs_ref": 0.435125,
      "topk_overlap": 0.6,
      "freq_corr_hw_vs_ref": 0.5498876121821995,
      "tvd_hw_vs_mps": 0.8773747703843606,
      "tvd_ref_vs_mps": 0.016184011564986236,
      "tvd_hw_vs_ref": 0.8757499999999999,
      "fidelity_hw_vs_mps": 0.109369050315844,
      "hellinger_hw_vs_mps": 0.818101510398436,
      "marginal_L1_hw_vs_mps": 2.4230552488626693,
      "marginal_max_abs_hw_vs_mps": 0.43269195444293806,
      "transpile_seed": 3,
      "executed_depth": 6070,
      "executed_2q_gates": 1772
    },
    {
      "seed": 4,
      "marginal_L1_hw_vs_ref": 2.448375,
      "marginal_max_abs_hw_vs_ref": 0.424125,
      "topk_overlap": 0.5,
      "freq_corr_hw_vs_ref": 0.5898157567187007,
      "tvd_hw_vs_mps": 0.8722565584663673,
      "tvd_ref_vs_mps": 0.014347905339729409,
      "tvd_hw_vs_ref": 0.8734999999999999,
      "fidelity_hw_vs_mps": 0.1128784792852599,
      "hellinger_hw_vs_mps": 0.8148779500660336,
      "marginal_L1_hw_vs_mps": 2.43768024886267,
      "marginal_max_abs_hw_vs_mps": 0.4207483954404901,
      "transpile_seed": 4,
      "executed_depth": 6023,
      "executed_2q_gates": 1772
    }
  ],
  "fidelity_hw_vs_mps_std_seed": 0.0028325852625668926,
  "fidelity_hw_vs_mps_std_bootstrap": 0.0036056590159516343,
  "fidelity_hw_vs_mps_std_total": 0.004585228043295607,
  "freq_corr_hw_vs_ref_std_seed": 0.0714259299877898,
  "freq_corr_hw_vs_ref_std_bootstrap": 0.057183955179446785,
  "freq_corr_hw_vs_ref_std_total": 0.09149682073485192,
  "hellinger_hw_vs_mps_std_seed": 0.0026259965388930667,
  "hellinger_hw_vs_mps_std_bootstrap": 0.0033450901946551832,
  "hellinger_hw_vs_mps_std_total": 0.004252703402855249,
  "marginal_L1_hw_vs_mps_std_seed": 0.026623473973938185,
  "marginal_L1_hw_vs_mps_std_bootstrap": 0.015951694327222467,
  "marginal_L1_hw_vs_mps_std_total": 0.03103652555216362,
  "marginal_L1_hw_vs_ref_std_seed": 0.028595088096498886,
  "marginal_L1_hw_vs_ref_std_bootstrap": 0.019317968770890752,
  "marginal_L1_hw_vs_ref_std_total": 0.03450888263447025,
  "marginal_max_abs_hw_vs_mps_std_seed": 0.004416179836019529,
  "marginal_max_abs_hw_vs_mps_std_bootstrap": 0.004831756352188312,
  "marginal_max_abs_hw_vs_mps_std_total": 0.0065458776180874,
  "marginal_max_abs_hw_vs_ref_std_seed": 0.00323781601846748,
  "marginal_max_abs_hw_vs_ref_std_bootstrap": 0.005321266178816786,
  "marginal_max_abs_hw_vs_ref_std_total": 0.006228910523941085,
  "topk_overlap_std_seed": 0.030272466404675787,
  "topk_overlap_std_bootstrap": 0.08489642190705002,
  "topk_overlap_std_total": 0.09013226211985399,
  "tvd_hw_vs_mps_std_seed": 0.002962696887384744,
  "tvd_hw_vs_mps_std_bootstrap": 0.0033172494278511525,
  "tvd_hw_vs_mps_std_total": 0.0044476641749459965,
  "tvd_hw_vs_ref_std_seed": 0.0017668930819928644,
  "tvd_hw_vs_ref_std_bootstrap": 0.003767936410709514,
  "tvd_hw_vs_ref_std_total": 0.004161641017476728,
  "tvd_ref_vs_mps_std_seed": 0.0017611419603823176,
  "tvd_ref_vs_mps_std_bootstrap": 0.0040537088069890195,
  "tvd_ref_vs_mps_std_total": 0.004419748420043793,
  "n_boots": 300,
  "per_seed_bootstrap": [
    {
      "seed": 0,
      "transpile_seed": 0,
      "marginal_L1_hw_vs_ref": 2.49067,
      "marginal_max_abs_hw_vs_ref": 0.43311208333333334,
      "topk_overlap": 0.4676666666666666,
      "freq_corr_hw_vs_ref": 0.5169424688076816,
      "tvd_hw_vs_mps": 0.8797536834095301,
      "tvd_ref_vs_mps": 0.019581052066348616,
      "tvd_hw_vs_ref": 0.8789337500000001,
      "fidelity_hw_vs_mps": 0.10906084402528236,
      "hellinger_hw_vs_mps": 0.8184065370450985,
      "marginal_L1_hw_vs_mps": 2.484904415529336,
      "marginal_max_abs_hw_vs_mps": 0.43058170175232713,
      "marginal_L1_hw_vs_ref_std": 0.019231693180145403,
      "marginal_max_abs_hw_vs_ref_std": 0.00556917109019182,
      "topk_overlap_std": 0.0804744847630715,
      "freq_corr_hw_vs_ref_std": 0.061469492902511594,
      "tvd_hw_vs_mps_std": 0.0032076012270276857,
      "tvd_ref_vs_mps_std": 0.0042586548941308785,
      "tvd_hw_vs_ref_std": 0.0038375151155019193,
      "fidelity_hw_vs_mps_std": 0.0035474274810358766,
      "hellinger_hw_vs_mps_std": 0.0032839832718136066,
      "marginal_L1_hw_vs_mps_std": 0.016513687673385857,