{
  "shots": 8000,
  "marginal_L1_hw_vs_ref": 0.028984916666666666,
  "marginal_max_abs_hw_vs_ref": 0.01088025,
  "site_marginals_hw": [
    0.0398,
    0.0209,
    0.0,
    0.0042,
    0.4751,
    0.0534,
    0.0619,
    0.4121
  ],
  "site_marginals_ref": [
    0.0404,
    0.0176,
    0.0,
    0.0035,
    0.4779,
    0.051,
    0.0588,
    0.4061
  ],
  "topk_k": 10,
  "topk_overlap": 0.9330666666666669,
  "freq_corr_hw_vs_ref": 0.9993165909013915,
  "tvd_hw_vs_mps": 0.022434906053200053,
  "tvd_ref_vs_mps": 0.0195756879869455,
  "tvd_hw_vs_ref": 0.02524641666666667,
  "fidelity_hw_vs_mps": 0.9959912996000341,
  "hellinger_hw_vs_mps": 0.044679598082448486,
  "mc_noise_scale": 0.08944271909999159,
  "marginal_L1_hw_vs_mps": 0.028016386862931973,
  "marginal_max_abs_hw_vs_mps": 0.010268563690742102,
  "site_marginals_mps": [
    0.0399,
    0.0197,
    0.0,
    0.0055,
    0.4823,
    0.0478,
    0.0591,
    0.4058
  ],
  "seed": 0,
  "transpile_seed": 2.0,
  "seconds": 0.3142484330001025,
  "marginal_L1_hw_vs_ref_std": 0.009740614629694748,
  "marginal_max_abs_hw_vs_ref_std": 0.004920909427766538,
  "topk_overlap_std": 0.055733383807245386,
  "freq_corr_hw_vs_ref_std": 0.00043457446555196744,
  "tvd_hw_vs_mps_std": 0.004329361706917465,
  "tvd_ref_vs_mps_std": 0.004026069770920231,
  "tvd_hw_vs_ref_std": 0.005341435168542762,
  "fidelity_hw_vs_mps_std": 0.0005710707754301657,
  "hellinger_hw_vs_mps_std": 0.0031901451534487924,
  "marginal_L1_hw_vs_mps_std": 0.008467400915679038,
  "marginal_max_abs_hw_vs_mps_std": 0.0038764343112380217,
  "transpile_seed_std": 1.5811388300841898,
  "n_seeds": 5,
  "seeds": [
    0,
    1,
    2,
    3,
    4
  ],
  "per_seed": [
    {
      "seed": 0,
      "marginal_L1_hw_vs_ref": 0.01887499999999999,
      "marginal_max_abs_hw_vs_ref": 0.006000000000000005,
      "topk_overlap": 1.0,
      "freq_corr_hw_vs_ref": 0.9998266907867964,
      "tvd_hw_vs_mps": 0.0167372100522022,
      "tvd_ref_vs_mps": 0.013811324425307686,
      "tvd_hw_vs_ref": 0.015625000000000003,
      "fidelity_hw_vs_mps": 0.9975412851672073,
      "hellinger_hw_vs_mps": 0.035072981148328096,
      "marginal_L1_hw_vs_mps": 0.024351596002319762,
      "marginal_max_abs_hw_vs_mps": 0.007170956407323015,
      "transpile_seed": 0
    },
    {
      "seed": 1,
      "marginal_L1_hw_vs_ref": 0.01887499999999999,
      "marginal_max_abs_hw_vs_ref": 0.006000000000000005,
      "topk_overlap": 1.0,
      "freq_corr_hw_vs_ref": 0.9998270047539358,
      "tvd_hw_vs_mps": 0.0167372100522022,
      "tvd_ref_vs_mps": 0.013771290211705589,
      "tvd_hw_vs_ref": 0.01550000000000001,
      "fidelity_hw_vs_mps": 0.9975412851672073,
      "hellinger_hw_vs_mps": 0.035072981148328096,
      "marginal_L1_hw_vs_mps": 0.024351596002319762,
      "marginal_max_abs_hw_vs_mps": 0.007170956407323015,
      "transpile_seed": 1
    },
    {
      "seed": 2,
      "marginal_L1_hw_vs_ref": 0.0195,
      "marginal_max_abs_hw_vs_ref": 0.0061249999999999916,
      "topk_overlap": 1.0,
      "freq_corr_hw_vs_ref": 0.9998205546021275,
      "tvd_hw_vs_mps": 0.01686221005220222,
      "tvd_ref_vs_mps": 0.013771290211705596,
      "tvd_hw_vs_ref": 0.015750000000000024,
      "fidelity_hw_vs_mps": 0.9975387019630135,
      "hellinger_hw_vs_mps": 0.035091412059644486,
      "marginal_L1_hw_vs_mps": 0.02472659600231979,
      "marginal_max_abs_hw_vs_mps": 0.0072959564073230565,
      "transpile_seed": 2
    },
    {
      "seed": 3,
      "marginal_L1_hw_vs_ref": 0.019499999999999944,
      "marginal_max_abs_hw_vs_ref": 0.006249999999999978,
      "topk_overlap": 1.0,
      "freq_corr_hw_vs_ref": 0.9998270029361844,
      "tvd_hw_vs_mps": 0.016737210052202207,
      "tvd_ref_vs_mps": 0.013771290211705596,
      "tvd_hw_vs_ref": 0.015499999999999996,
      "fidelity_hw_vs_mps": 0.997541230732208,
      "hellinger_hw_vs_mps": 0.03507336963641876,
      "marginal_L1_hw_vs_mps": 0.02460159600231975,
      "marginal_max_abs_hw_vs_mps": 0.007170956407323015,
      "transpile_seed": 3
    },
    {
      "seed": 4,
      "marginal_L1_hw_vs_ref": 0.019624999999999986,
      "marginal_max_abs_hw_vs_ref": 0.006249999999999978,
      "topk_overlap": 1.0,
      "freq_corr_hw_vs_ref": 0.9998227694640045,
      "tvd_hw_vs_mps": 0.01686221005220222,
      "tvd_ref_vs_mps": 0.013771290211705596,
      "tvd_hw_vs_ref": 0.015625000000000038,
      "fidelity_hw_vs_mps": 0.9975384930164132,
      "hellinger_hw_vs_mps": 0.03509290245125327,
      "marginal_L1_hw_vs_mps": 0.024851596002319776,
      "marginal_max_abs_hw_vs_mps": 0.0072959564073230565,
      "transpile_seed": 4
    }
  ],
  "fidelity_hw_vs_mps_std_seed": 3.1000733323629754e-05,
  "fidelity_hw_vs_mps_std_bootstrap": 0.0005702287129598157,
  "fidelity_hw_vs_mps_std_total": 0.0005710707754301657,
  "freq_corr_hw_vs_ref_std_seed": 1.0951096696327036e-05,
  "freq_corr_hw_vs_ref_std_bootstrap": 0.00043443646208729514,
  "freq_corr_hw_vs_ref_std_total": 0.00043457446555196744,
  "hellinger_hw_vs_mps_std_seed": 0.0001715395583906136,
  "hellinger_hw_vs_mps_std_bootstrap": 0.0031855298271998606,
  "hellinger_hw_vs_mps_std_total": 0.0031901451534487924,
  "marginal_L1_hw_vs_mps_std_seed": 0.0005005874726541313,
  "marginal_L1_hw_vs_mps_std_bootstrap": 0.008452590753672152,
  "marginal_L1_hw_vs_mps_std_total": 0.008467400915679038,
  "marginal_L1_hw_vs_ref_std_seed": 0.0003269676547033709,
  "marginal_L1_hw_vs_ref_std_bootstrap": 0.009735125346753432,
  "marginal_L1_hw_vs_ref_std_total": 0.009740614629694748,
  "marginal_max_abs_hw_vs_mps_std_seed": 0.00011462400209715184,
  "marginal_max_abs_hw_vs_mps_std_bootstrap": 0.0038747392567096213,
  "marginal_max_abs_hw_vs_mps_std_total": 0.0038764343112380217,
  "marginal_max_abs_hw_vs_ref_std_seed": 8.370884146187241e-05,
  "marginal_max_abs_hw_vs_ref_std_bootstrap": 0.0049201973970708435,
  "marginal_max_abs_hw_vs_ref_std_total": 0.004920909427766538,
  "topk_overlap_std_seed": 0.0036316509866573077,
  "topk_overlap_std_bootstrap": 0.05561493667816977,
  "topk_overlap_std_total": 0.055733383807245386,
  "tvd_hw_vs_mps_std_seed": 0.0003010325718800675,
  "tvd_hw_vs_mps_std_bootstrap": 0.004318883209811372,
  "tvd_hw_vs_mps_std_total": 0.004329361706917465,
  "tvd_hw_vs_ref_std_seed": 0.00019386546738510232,
  "tvd_hw_vs_ref_std_bootstrap": 0.005337915870478009,
  "tvd_hw_vs_ref_std_total": 0.005341435168542762,
  "tvd_ref_vs_mps_std_seed": 0.00034134543126913244,
  "tvd_ref_vs_mps_std_bootstrap": 0.004011573394177074,
  "tvd_ref_vs_mps_std_total": 0.004026069770920231,
  "n_boots": 300,
  "per_seed_bootstrap": [
    {
      "seed": 0,
      "transpile_seed": 0,
      "marginal_L1_hw_vs_ref": 0.02943416666666667,
      "marginal_max_abs_hw_vs_ref": 0.010786666666666668,
      "topk_overlap": 0.9373333333333335,
      "freq_corr_hw_vs_ref": 0.99931896031893,
      "tvd_hw_vs_mps": 0.022683577764121807,
      "tvd_ref_vs_mps": 0.019401802973385746,
      "tvd_hw_vs_ref": 0.025455833333333337,
      "fidelity_hw_vs_mps": 0.9960138956501416,
      "hellinger_hw_vs_mps": 0.044556896437506134,
      "marginal_L1_hw_vs_mps": 0.028391017026839976,
      "marginal_max_abs_hw_vs_mps": 0.010266501005743165,
      "marginal_L1_hw_vs_ref_std": 0.009643875062769626,
      "marginal_max_abs_hw_vs_ref_std": 0.004651393475051828,
      "topk_overlap_std": 0.05306229905332948,
      "freq_corr_hw_vs_ref_std": 0.00042516630380428857,
      "tvd_hw_vs_mps_std": 0.004068915408599993,
      "tvd_ref_vs_mps_std": 0.004164168033772947,
      "tvd_hw_vs_ref_std": 0.005142871740381593,
      "fidelity_hw_vs_mps_std": 0.0005619589697792194,
      "hellinger_hw_vs_mps_std": 0.0031300949072858497,
      "marginal_L1_hw_vs_mps_std": 0.008490786777083974,
      "marginal_max_abs_hw_vs_mps_std": 0.003701023576670208,
      "n_boots": 300,
      "bootstrap_resamples": 300
    },
    {
      "seed": 1,
      "transpile_seed": 1,
      "marginal_L1_hw_vs_ref": 0.028875416666666667,
      "marginal_max_abs_hw_vs_ref": 0.0108575,