{
  "shots": 8000,
  "marginal_L1_hw_vs_ref": 0.8352425833333333,
  "marginal_max_abs_hw_vs_ref": 0.2493615,
  "site_marginals_hw": [
    0.0554,
    0.0386,
    0.0305,
    0.12,
    0.4148,
    0.298,
    0.3084,
    0.5092
  ],
  "site_marginals_ref": [
    0.0404,
    0.0176,
    0.0,
    0.0035,
    0.4779,
    0.051,
    0.0588,
    0.4061
  ],
  "topk_k": 10,
  "topk_overlap": 0.7000000000000001,
  "freq_corr_hw_vs_ref": 0.9079611034442129,
  "tvd_hw_vs_mps": 0.4576211903045791,
  "tvd_ref_vs_mps": 0.019667960363274756,
  "tvd_hw_vs_ref": 0.4576477499999999,
  "fidelity_hw_vs_mps": 0.6201481001582275,
  "hellinger_hw_vs_mps": 0.46097038881078845,
  "mc_noise_scale": 0.08944271909999159,
  "marginal_L1_hw_vs_mps": 0.8395119155293363,
  "marginal_max_abs_hw_vs_mps": 0.250297427707732,
  "site_marginals_mps": [
    0.0399,
    0.0197,
    0.0,
    0.0055,
    0.4823,
    0.0478,
    0.0591,
    0.4058
  ],
  "seed": 0,
  "transpile_seed": 2.0,
  "executed_depth": 2356.4,
  "executed_2q_gates": 607.2,
  "seconds": 4.991667480000615,
  "marginal_L1_hw_vs_ref_std": 0.01853135404861427,
  "marginal_max_abs_hw_vs_ref_std": 0.00525519597434058,
  "topk_overlap_std": 1.1120780351495294e-16,
  "freq_corr_hw_vs_ref_std": 0.008179104956626377,
  "tvd_hw_vs_mps_std": 0.005958954377028787,
  "tvd_ref_vs_mps_std": 0.00398266703865571,
  "tvd_hw_vs_ref_std": 0.006697124971402523,
  "fidelity_hw_vs_mps_std": 0.007626299148035327,
  "hellinger_hw_vs_mps_std": 0.005253597805731051,
  "marginal_L1_hw_vs_mps_std": 0.015221414743200953,
  "marginal_max_abs_hw_vs_mps_std": 0.004791162602795375,
  "transpile_seed_std": 1.5811388300841898,
  "executed_depth_std": 2.5099800796022262,
  "executed_2q_gates_std": 1.0954451150103324,
  "n_seeds": 5,
  "seeds": [
    0,
    1,
    2,
    3,
    4
  ],
  "per_seed": [
    {
      "seed": 0,
      "marginal_L1_hw_vs_ref": 0.8458749999999999,
      "marginal_max_abs_hw_vs_ref": 0.249625,
      "topk_overlap": 0.7,
      "freq_corr_hw_vs_ref": 0.9054862011425917,
      "tvd_hw_vs_mps": 0.4552705585686636,
      "tvd_ref_vs_mps": 0.013811324425307686,
      "tvd_hw_vs_ref": 0.4545,
      "fidelity_hw_vs_mps": 0.6251956037109129,
      "hellinger_hw_vs_mps": 0.4575006928810518,
      "marginal_L1_hw_vs_mps": 0.8498052488626697,
      "marginal_max_abs_hw_vs_mps": 0.25019195444293807,
      "transpile_seed": 0,
      "executed_depth": 2357,
      "executed_2q_gates": 606
    },
    {
      "seed": 1,
      "marginal_L1_hw_vs_ref": 0.8368749999999999,
      "marginal_max_abs_hw_vs_ref": 0.24924999999999997,
      "topk_overlap": 0.7,
      "freq_corr_hw_vs_ref": 0.9025795131365812,
      "tvd_hw_vs_mps": 0.45802655168898093,
      "tvd_ref_vs_mps": 0.013771290211705589,
      "tvd_hw_vs_ref": 0.45712499999999995,
      "fidelity_hw_vs_mps": 0.627548266754834,
      "hellinger_hw_vs_mps": 0.4558734023745808,
      "marginal_L1_hw_vs_mps": 0.8410552488626697,
      "marginal_max_abs_hw_vs_mps": 0.2500669544429381,
      "transpile_seed": 1,
      "executed_depth": 2360,
      "executed_2q_gates": 606
    },
    {
      "seed": 2,
      "marginal_L1_hw_vs_ref": 0.8301249999999999,
      "marginal_max_abs_hw_vs_ref": 0.24324999999999997,
      "topk_overlap": 0.7,
      "freq_corr_hw_vs_ref": 0.9099447602216094,
      "tvd_hw_vs_mps": 0.45426191878715544,
      "tvd_ref_vs_mps": 0.013771290211705596,
      "tvd_hw_vs_ref": 0.45375,
      "fidelity_hw_vs_mps": 0.6219615369769658,
      "hellinger_hw_vs_mps": 0.45973320414916125,
      "marginal_L1_hw_vs_mps": 0.8340552488626697,
      "marginal_max_abs_hw_vs_mps": 0.24594195444293812,
      "transpile_seed": 2,
      "executed_depth": 2353,
      "executed_2q_gates": 608
    },
    {
      "seed": 3,
      "marginal_L1_hw_vs_ref": 0.83175,
      "marginal_max_abs_hw_vs_ref": 0.248,
      "topk_overlap": 0.7,
      "freq_corr_hw_vs_ref": 0.9115093939450033,
      "tvd_hw_vs_mps": 0.4589062427586854,
      "tvd_ref_vs_mps": 0.013771290211705596,
      "tvd_hw_vs_ref": 0.45849999999999996,
      "fidelity_hw_vs_mps": 0.6156743295928631,
      "hellinger_hw_vs_mps": 0.4640590736915893,
      "marginal_L1_hw_vs_mps": 0.8355552488626696,
      "marginal_max_abs_hw_vs_mps": 0.2477483954404901,
      "transpile_seed": 3,
      "executed_depth": 2356,
      "executed_2q_gates": 608
    },
    {
      "seed": 4,
      "marginal_L1_hw_vs_ref": 0.831375,
      "marginal_max_abs_hw_vs_ref": 0.248,
      "topk_overlap": 0.7,
      "freq_corr_hw_vs_ref": 0.911632470212713,
      "tvd_hw_vs_mps": 0.4589062427586854,
      "tvd_ref_vs_mps": 0.013771290211705596,
      "tvd_hw_vs_ref": 0.45849999999999996,
      "fidelity_hw_vs_mps": 0.6157009337084796,
      "hellinger_hw_vs_mps": 0.46404080767284017,
      "marginal_L1_hw_vs_mps": 0.8353052488626698,
      "marginal_max_abs_hw_vs_mps": 0.2477483954404901,
      "transpile_seed": 4,
      "executed_depth": 2356,
      "executed_2q_gates": 608
    }
  ],
  "fidelity_hw_vs_mps_std_seed": 0.005285559544790135,
  "fidelity_hw_vs_mps_std_bootstrap": 0.005497572099918494,
  "fidelity_hw_vs_mps_std_total": 0.007626299148035327,
  "freq_corr_hw_vs_ref_std_seed": 0.004405360626900825,
  "freq_corr_hw_vs_ref_std_bootstrap": 0.0068913391759847465,
  "freq_corr_hw_vs_ref_std_total": 0.008179104956626377,
  "hellinger_hw_vs_mps_std_seed": 0.0036409002304829525,
  "hellinger_hw_vs_mps_std_bootstrap": 0.003787365234044809,
  "hellinger_hw_vs_mps_std_total": 0.005253597805731051,
  "marginal_L1_hw_vs_mps_std_seed": 0.006713483336312343,
  "marginal_L1_hw_vs_mps_std_bootstrap": 0.01366091535284484,
  "marginal_L1_hw_vs_mps_std_total": 0.015221414743200953,
  "marginal_L1_hw_vs_ref_std_seed": 0.006742064898621341,
  "marginal_L1_hw_vs_ref_std_bootstrap": 0.017261391710342203,
  "marginal_L1_hw_vs_ref_std_total": 0.01853135404861427,
  "marginal_max_abs_hw_vs_mps_std_seed": 0.0019908193194457594,
  "marginal_max_abs_hw_vs_mps_std_bootstrap": 0.004357967132017688,
  "marginal_max_abs_hw_vs_mps_std_total": 0.004791162602795375,
  "marginal_max_abs_hw_vs_ref_std_seed": 0.0020228588131102577,
  "marginal_max_abs_hw_vs_ref_std_bootstrap": 0.004850270812124577,
  "marginal_max_abs_hw_vs_ref_std_total": 0.00525519597434058,
  "topk_overlap_std_seed": 0.0,
  "topk_overlap_std_bootstrap": 1.1120780351495294e-16,
  "topk_overlap_std_total": 1.1120780351495294e-16,
  "tvd_hw_vs_mps_std_seed": 0.002196497378941438,
  "tvd_hw_vs_mps_std_bootstrap": 0.005539362466188138,
  "tvd_hw_vs_mps_std_total": 0.005958954377028787,
  "tvd_hw_vs_ref_std_seed": 0.002392305021516345,
  "tvd_hw_vs_ref_std_bootstrap": 0.006255266546407989,
  "tvd_hw_vs_ref_std_total": 0.006697124971402523,
  "tvd_ref_vs_mps_std_seed": 0.00013250112809955823,
  "tvd_ref_vs_mps_std_bootstrap": 0.003980462308808738,
  "tvd_ref_vs_mps_std_total": 0.00398266703865571,
  "n_boots": 300,
  "per_seed_bootstrap": [
    {
      "seed": 0,
      "transpile_seed": 0,
      "marginal_L1_hw_vs_ref": 0.8452983333333333,
      "marginal_max_abs_hw_vs_ref": 0.2513616666666667,
      "topk_overlap": 0.7000000000000001,
      "freq_corr_hw_vs_ref": 0.9048883437722539,
      "tvd_hw_vs_mps": 0.45604143280980186,
      "tvd_ref_vs_mps": 0.01981655237354753,
      "tvd_hw_vs_ref": 0.4557245833333333,
      "fidelity_hw_vs_mps": 0.6239337236422099,
      "hellinger_hw_vs_mps": 0.4583655391669233,
      "marginal_L1_hw_vs_mps": 0.8501469155293362,
      "marginal_max_abs_hw_vs_mps": 0.25246170769516163,
      "marginal_L1_hw_vs_ref_std": 0.017116389680885257,
      "marginal_max_abs_hw_vs_ref_std": 0.004823226420065681,
      "topk_overlap_std": 1.1120780351495294e-16,
      "freq_corr_hw_vs_ref_std": 0.0066531875084602015,
      "tvd_hw_vs_mps_std": 0.005275162303112401,
      "tvd_ref_vs_mps_std": 0.003805164279017903,
      "tvd_hw_vs_ref_std": 0.006073445222107635,
      "fidelity_hw_vs_mps_std": 0.005311372063847038,
      "hellinger_hw_vs_mps_std": 0.0036678856512484623,
      "marginal_L1_hw_vs_mps_std": 0.01353927665213688,