{
  "shots": 8000,
  "marginal_L1_hw_vs_ref": 0.04962499999999992,
  "marginal_max_abs_hw_vs_ref": 0.012375000000000025,
  "site_marginals_hw": [
    0.4969,
    0.5014,
    0.484,
    0.5015,
    0.5041,
    0.4929,
    0.4438,
    0.4938
  ],
  "site_marginals_ref": [
    0.5036,
    0.5059,
    0.4959,
    0.5139,
    0.5058,
    0.4815,
    0.4429,
    0.494
  ],
  "topk_k": 10,
  "topk_overlap": 0.9,
  "freq_corr_hw_vs_ref": 0.9899735163142456,
  "tvd_hw_vs_mps": 0.04762789661284504,
  "tvd_ref_vs_mps": 0.05000218091321312,
  "tvd_hw_vs_ref": 0.0685,
  "fidelity_hw_vs_mps": 0.9917251607127952,
  "hellinger_hw_vs_mps": 0.06438955164577412,
  "mc_noise_scale": 0.08944271909999159,
  "marginal_L1_hw_vs_mps": 0.03300416878107176,
  "marginal_max_abs_hw_vs_mps": 0.008483951645619159,
  "site_marginals_mps": [
    0.4993,
    0.4973,
    0.4832,
    0.4977,
    0.4991,
    0.4844,
    0.4462,
    0.4997
  ],
  "backend": "Aer ideal (referencia)",
  "variant": "no_reuse_unitary",
  "seconds": 0.04814574000010907
}