{
  "shots": 1024,
  "marginal_L1_hw_vs_ref": 0.1207343749999999,
  "marginal_max_abs_hw_vs_ref": 0.03939062500000001,
  "site_marginals_hw": [
    0.5078,
    0.4775,
    0.4678,
    0.4932,
    0.4912,
    0.5,
    0.4941,
    0.5117
  ],
  "site_marginals_ref": [
    0.4988,
    0.4961,
    0.4888,
    0.5009,
    0.4941,
    0.4899,
    0.4548,
    0.4998
  ],
  "topk_k": 10,
  "topk_overlap": 0.7,
  "freq_corr_hw_vs_ref": 0.8108797102396443,
  "tvd_hw_vs_mps": 0.42350457625604376,
  "tvd_ref_vs_mps": 0.04876422242781195,
  "tvd_hw_vs_ref": 0.4269765625,
  "fidelity_hw_vs_mps": 0.6980986083291689,
  "hellinger_hw_vs_mps": 0.4055576962673172,
  "mc_noise_scale": 0.25,
  "marginal_L1_hw_vs_mps": 0.13169810951016653,
  "marginal_max_abs_hw_vs_mps": 0.04793797898759278,
  "site_marginals_mps": [
    0.4993,
    0.4973,
    0.4832,
    0.4977,
    0.4991,
    0.4844,
    0.4462,
    0.4997
  ],
  "backend": "fake:torino (133q, ruido de dispositivo real)",
  "variant": "no_reuse_unitary",
  "seconds": 3.5479002930005663,
  "executed_depth": 1070,
  "executed_2q_gates": 296
}