{
  "shots": 1024,
  "marginal_L1_hw_vs_ref": 0.11569531250000004,
  "marginal_max_abs_hw_vs_ref": 0.0502578125,
  "site_marginals_hw": [
    0.499,
    0.4902,
    0.4971,
    0.5146,
    0.4873,
    0.4746,
    0.4893,
    0.5117
  ],
  "site_marginals_ref": [
    0.492,
    0.4938,
    0.4874,
    0.4991,
    0.4961,
    0.4854,
    0.439,
    0.5016
  ],
  "topk_k": 10,
  "topk_overlap": 0.9,
  "freq_corr_hw_vs_ref": 0.9268403944551841,
  "tvd_hw_vs_mps": 0.34152310500438543,
  "tvd_ref_vs_mps": 0.046217579854141946,
  "tvd_hw_vs_ref": 0.3414296875,
  "fidelity_hw_vs_mps": 0.7740917557720897,
  "hellinger_hw_vs_mps": 0.3466628855206484,
  "mc_noise_scale": 0.25,
  "marginal_L1_hw_vs_mps": 0.1147005925103935,
  "marginal_max_abs_hw_vs_mps": 0.04305516648759278,
  "site_marginals_mps": [
    0.4993,
    0.4973,
    0.4832,
    0.4977,
    0.4991,
    0.4844,
    0.4462,
    0.4997
  ],
  "backend": "fake:torino (133q, ruido de dispositivo real)",
  "variant": "no_reuse_isometry",
  "seconds": 3.473870947999785,
  "executed_depth": 754,
  "executed_2q_gates": 216
}