{
  "shots": 8000,
  "marginal_L1_hw_vs_ref": 0.044375000000000164,
  "marginal_max_abs_hw_vs_ref": 0.012375000000000025,
  "site_marginals_hw": [
    0.5029,
    0.4899,
    0.4799,
    0.4998,
    0.4949,
    0.4862,
    0.4494,
    0.4981
  ],
  "site_marginals_ref": [
    0.5064,
    0.4988,
    0.481,
    0.502,
    0.4998,
    0.4739,
    0.442,
    0.5021
  ],
  "topk_k": 10,
  "topk_overlap": 0.9,
  "freq_corr_hw_vs_ref": 0.9937906410649264,
  "tvd_hw_vs_mps": 0.048285097880291894,
  "tvd_ref_vs_mps": 0.04116076350060482,
  "tvd_hw_vs_ref": 0.06075000000000001,
  "fidelity_hw_vs_mps": 0.9913234007591902,
  "hellinger_hw_vs_mps": 0.0659374786458804,
  "mc_noise_scale": 0.08944271909999159,
  "marginal_L1_hw_vs_mps": 0.027273893527602067,
  "marginal_max_abs_hw_vs_mps": 0.007415573907410267,
  "site_marginals_mps": [
    0.4993,
    0.4973,
    0.4832,
    0.4977,
    0.4991,
    0.4844,
    0.4462,
    0.4997
  ],
  "backend": "Aer ideal (referencia)",
  "variant": "reuse_unitary",
  "seconds": 0.08658569299950614
}