{
  "shots": 8000,
  "marginal_L1_hw_vs_ref": 1.083375,
  "marginal_max_abs_hw_vs_ref": 0.21675,
  "site_marginals_hw": [
    0.0862,
    0.0624,
    0.4859,
    0.0838,
    0.0615,
    0.4431,
    0.4378,
    0.1848,
    0.179,
    0.2448,
    0.4692,
    0.3242
  ],
  "site_marginals_ref": [
    0.0436,
    0.0164,
    0.4988,
    0.0,
    0.0046,
    0.4896,
    0.5028,
    0.0331,
    0.0465,
    0.0599,
    0.4069,
    0.104
  ],
  "topk_k": 10,
  "topk_overlap": 0.9800000000000001,
  "freq_corr_hw_vs_ref": 0.8759478835692894,
  "tvd_hw_vs_mps": 0.5645906097352312,
  "tvd_ref_vs_mps": 0.03514958793135298,
  "tvd_hw_vs_ref": 0.5679000000000001,
  "fidelity_hw_vs_mps": 0.5154284070907689,
  "hellinger_hw_vs_mps": 0.5310993969226268,
  "mc_noise_scale": 0.35777087639996635,
  "marginal_L1_hw_vs_mps": 1.0837710569961063,
  "marginal_max_abs_hw_vs_mps": 0.21633608498237256,
  "site_marginals_mps": [
    0.0427,
    0.0189,
    0.5013,
    0.0,
    0.0057,
    0.4809,
    0.4955,
    0.0346,
    0.0475,
    0.0589,
    0.4062,
    0.1079
  ],
  "seed": 0,
  "seconds": 83.49213679299999,
  "marginal_L1_hw_vs_ref_std": 0.02063541403752297,
  "marginal_max_abs_hw_vs_ref_std": 0.005467946369524864,
  "topk_overlap_std": 0.04472135954999578,
  "freq_corr_hw_vs_ref_std": 0.0038742248112978196,
  "tvd_hw_vs_mps_std": 0.00019764235376048438,
  "tvd_ref_vs_mps_std": 0.0013864357009526662,
  "tvd_hw_vs_ref_std": 0.003408857946585592,
  "fidelity_hw_vs_mps_std": 0.0001861529980337567,
  "hellinger_hw_vs_mps_std": 0.00012205328851230589,
  "marginal_L1_hw_vs_mps_std": 0.0004238956239453235,
  "marginal_max_abs_hw_vs_mps_std": 5.5901699437488585e-05,
  "n_seeds": 5,
  "seeds": [
    0,
    1,
    2,
    3,
    4
  ],
  "per_seed": [
    {
      "seed": 0,
      "marginal_L1_hw_vs_ref": 1.10525,
      "marginal_max_abs_hw_vs_ref": 0.22025,
      "topk_overlap": 1.0,
      "freq_corr_hw_vs_ref": 0.8718542755446679,
      "tvd_hw_vs_mps": 0.5648406097352311,
      "tvd_ref_vs_mps": 0.03595078854453454,
      "tvd_hw_vs_ref": 0.57375,
      "fidelity_hw_vs_mps": 0.5151788215071119,
      "hellinger_hw_vs_mps": 0.5312630377180299,
      "marginal_L1_hw_vs_mps": 1.0843960569961062,
      "marginal_max_abs_hw_vs_mps": 0.21636108498237255
    },
    {
      "seed": 1,
      "marginal_L1_hw_vs_ref": 1.050375,
      "marginal_max_abs_hw_vs_ref": 0.20949999999999996,
      "topk_overlap": 0.9,
      "freq_corr_hw_vs_ref": 0.8757649268735737,
      "tvd_hw_vs_mps": 0.564715609735231,
      "tvd_ref_vs_mps": 0.03658196045206652,
      "tvd_hw_vs_ref": 0.56675,
      "fidelity_hw_vs_mps": 0.5153336395496305,
      "hellinger_hw_vs_mps": 0.531161534024641,
      "marginal_L1_hw_vs_mps": 1.083896056996106,
      "marginal_max_abs_hw_vs_mps": 0.21636108498237255
    },
    {
      "seed": 2,
      "marginal_L1_hw_vs_ref": 1.0818750000000001,
      "marginal_max_abs_hw_vs_ref": 0.21775,
      "topk_overlap": 1.0,
      "freq_corr_hw_vs_ref": 0.8798698121821606,
      "tvd_hw_vs_mps": 0.5645906097352311,
      "tvd_ref_vs_mps": 0.033370482246232895,
      "tvd_hw_vs_ref": 0.5675,
      "fidelity_hw_vs_mps": 0.5154374688281784,
      "hellinger_hw_vs_mps": 0.5310934578819637,
      "marginal_L1_hw_vs_mps": 1.083771056996106,
      "marginal_max_abs_hw_vs_mps": 0.21636108498237255
    },
    {
      "seed": 3,
      "marginal_L1_hw_vs_ref": 1.0845,
      "marginal_max_abs_hw_vs_ref": 0.21312499999999998,
      "topk_overlap": 1.0,
      "freq_corr_hw_vs_ref": 0.8723967324791693,
      "tvd_hw_vs_mps": 0.5644656097352312,
      "tvd_ref_vs_mps": 0.03399318388322981,
      "tvd_hw_vs_ref": 0.566625,
      "fidelity_hw_vs_mps": 0.5155217371334437,
      "hellinger_hw_vs_mps": 0.5310382056068041,
      "marginal_L1_hw_vs_mps": 1.0835210569961062,
      "marginal_max_abs_hw_vs_mps": 0.21636108498237255
    },
    {
      "seed": 4,
      "marginal_L1_hw_vs_ref": 1.094875,
      "marginal_max_abs_hw_vs_ref": 0.223125,
      "topk_overlap": 1.0,
      "freq_corr_hw_vs_ref": 0.8798536707668758,
      "tvd_hw_vs_mps": 0.5643406097352311,
      "tvd_ref_vs_mps": 0.03585152453070111,
      "tvd_hw_vs_ref": 0.5648750000000001,
      "fidelity_hw_vs_mps": 0.5156703684354801,
      "hellinger_hw_vs_mps": 0.530940749381695,
      "marginal_L1_hw_vs_mps": 1.0832710569961062,
      "marginal_max_abs_hw_vs_mps": 0.21623608498237257
    }
  ],
  "error_bar_method": "seeds",
  "backend": "fake:torino (133q, ruido de dispositivo real)",
  "variant": "no_reuse_isometry",
  "N_sites": 12,
  "b_max": 2,
  "executed_depth": 1321,
  "executed_2q_gates": 379
}