{
  "shots": 8000,
  "marginal_L1_hw_vs_ref": 0.03829999999999998,
  "marginal_max_abs_hw_vs_ref": 0.008649999999999982,
  "site_marginals_hw": [
    0.0438,
    0.02,
    0.4961,
    0.0,
    0.0051,
    0.4842,
    0.5,
    0.0338,
    0.0464,
    0.0578,
    0.406,
    0.1074
  ],
  "site_marginals_ref": [
    0.0436,
    0.0164,
    0.4988,
    0.0,
    0.0046,
    0.4896,
    0.5028,
    0.0331,
    0.0465,
    0.0599,
    0.4069,
    0.104
  ],
  "topk_k": 10,
  "topk_overlap": 0.9800000000000001,
  "freq_corr_hw_vs_ref": 0.9989893390098669,
  "tvd_hw_vs_mps": 0.03654816836221257,
  "tvd_ref_vs_mps": 0.03514958793135298,
  "tvd_hw_vs_ref": 0.046200000000000005,
  "fidelity_hw_vs_mps": 0.9850763435072553,
  "hellinger_hw_vs_mps": 0.08652627162350626,
  "mc_noise_scale": 0.35777087639996635,
  "marginal_L1_hw_vs_mps": 0.032841826433037014,
  "marginal_max_abs_hw_vs_mps": 0.007921344592672052,
  "site_marginals_mps": [
    0.0427,
    0.0189,
    0.5013,
    0.0,
    0.0057,
    0.4809,
    0.4955,
    0.0346,
    0.0475,
    0.0589,
    0.4062,
    0.1079
  ],
  "seed": 0,
  "seconds": 0.07044774200005577,
  "marginal_L1_hw_vs_ref_std": 0.016999908087986803,
  "marginal_max_abs_hw_vs_ref_std": 0.002553184286337354,
  "topk_overlap_std": 0.04472135954999578,
  "freq_corr_hw_vs_ref_std": 0.00034426137169274934,
  "tvd_hw_vs_mps_std": 0.0029277527139604325,
  "tvd_ref_vs_mps_std": 0.0013864357009526662,
  "tvd_hw_vs_ref_std": 0.00438178046004133,
  "fidelity_hw_vs_mps_std": 0.0006829813974940065,
  "hellinger_hw_vs_mps_std": 0.0019778192589822714,
  "marginal_L1_hw_vs_mps_std": 0.010386691416735214,
  "marginal_max_abs_hw_vs_mps_std": 0.0035560156260803586,
  "n_seeds": 5,
  "seeds": [
    0,
    1,
    2,
    3,
    4
  ],
  "per_seed": [
    {
      "seed": 0,
      "marginal_L1_hw_vs_ref": 0.022124999999999995,
      "marginal_max_abs_hw_vs_ref": 0.005374999999999963,
      "topk_overlap": 1.0,
      "freq_corr_hw_vs_ref": 0.9988541829603718,
      "tvd_hw_vs_mps": 0.0369275716464121,
      "tvd_ref_vs_mps": 0.03595078854453454,
      "tvd_hw_vs_ref": 0.0505,
      "fidelity_hw_vs_mps": 0.9852185826260019,
      "hellinger_hw_vs_mps": 0.0861291106914129,
      "marginal_L1_hw_vs_mps": 0.019523088320864704,
      "marginal_max_abs_hw_vs_mps": 0.005142429370803281
    },
    {
      "seed": 1,
      "marginal_L1_hw_vs_ref": 0.05462499999999996,
      "marginal_max_abs_hw_vs_ref": 0.011499999999999955,
      "topk_overlap": 0.9,
      "freq_corr_hw_vs_ref": 0.9986275941184712,
      "tvd_hw_vs_mps": 0.035614787998989976,
      "tvd_ref_vs_mps": 0.03658196045206652,
      "tvd_hw_vs_ref": 0.04975000000000001,
      "fidelity_hw_vs_mps": 0.9856471997333659,
      "hellinger_hw_vs_mps": 0.08486658330683182,
      "marginal_L1_hw_vs_mps": 0.030138257497507214,
      "marginal_max_abs_hw_vs_mps": 0.00923257062919669
    },
    {
      "seed": 2,
      "marginal_L1_hw_vs_ref": 0.031374999999999945,
      "marginal_max_abs_hw_vs_ref": 0.010124999999999995,
      "topk_overlap": 1.0,
      "freq_corr_hw_vs_ref": 0.9990218080711449,
      "tvd_hw_vs_mps": 0.04115416618145,
      "tvd_ref_vs_mps": 0.033370482246232895,
      "tvd_hw_vs_ref": 0.04675,
      "fidelity_hw_vs_mps": 0.9840723178458557,
      "hellinger_hw_vs_mps": 0.08941927949961521,
      "marginal_L1_hw_vs_mps": 0.04210322872214277,
      "marginal_max_abs_hw_vs_mps": 0.013094835580623354
    },
    {
      "seed": 3,
      "marginal_L1_hw_vs_ref": 0.02500000000000003,
      "marginal_max_abs_hw_vs_ref": 0.006625000000000006,
      "topk_overlap": 1.0,
      "freq_corr_hw_vs_ref": 0.9995502145902229,
      "tvd_hw_vs_mps": 0.03590908735431462,
      "tvd_ref_vs_mps": 0.03399318388322981,
      "tvd_hw_vs_ref": 0.03975,
      "fidelity_hw_vs_mps": 0.9847373719791528,
      "hellinger_hw_vs_mps": 0.0875251783320058,
      "marginal_L1_hw_vs_mps": 0.02790943105966726,
      "marginal_max_abs_hw_vs_mps": 0.0041309436913684605
    },
    {
      "seed": 4,
      "marginal_L1_hw_vs_ref": 0.05837499999999994,
      "marginal_max_abs_hw_vs_ref": 0.009624999999999995,
      "topk_overlap": 1.0,
      "freq_corr_hw_vs_ref": 0.998892895309123,
      "tvd_hw_vs_mps": 0.033135228629896166,
      "tvd_ref_vs_mps": 0.03585152453070111,
      "tvd_hw_vs_ref": 0.04425000000000001,
      "fidelity_hw_vs_mps": 0.9857062453519004,
      "hellinger_hw_vs_mps": 0.0846912062876656,
      "marginal_L1_hw_vs_mps": 0.04453512656500311,
      "marginal_max_abs_hw_vs_mps": 0.008005943691368478
    }
  ],
  "error_bar_method": "seeds",
  "backend": "Aer ideal (referencia)",
  "variant": "no_reuse_isometry",
  "N_sites": 12,
  "b_max": 2
}