{
  "model": {
    "num_sites": 14,
    "num_parameters": 2792,
    "bond_dims": [
      2,
      4,
      4,
      4,
      8,
      16,
      16,
      16,
      16,
      16,
      8,
      4,
      2
    ],
    "sanity": {
      "log_norm": -1.582067810090848e-15,
      "tensors_finite": true,
      "issues": []
    }
  },
  "dataset": {
    "n_test_total": 22544,
    "n_test_scored": 22544,
    "n_dropped_nan": 0,
    "n_normal": 9711,
    "n_attack": 12833,
    "attack_rate": 0.5692423704755145,
    "per_family_counts": {
      "dos": 7458,
      "normal": 9711,
      "probe": 2421,
      "r2l": 2754,
      "u2r": 200
    }
  },
  "thresholds": {
    "p94.5": 6.320453466119435,
    "p99": 8.825252693132343
  },
  "threshold_policy": "percentile of val-normal NLL; val-normal is the encoder's held-out split (val_normal_*), shared with the trainer",
  "global_metrics": {
    "auc_roc": 0.9558445214922914,
    "auc_pr": 0.9506690526058393
  },
  "metrics_per_threshold": {
    "p94.5": {
      "threshold": 6.320453466119435,
      "tp": 10190,
      "fp": 493,
      "fn": 2643,
      "tn": 9218,
      "precision": 0.953851914256295,
      "recall": 0.794046598612951,
      "f1": 0.8666439870726315,
      "fpr": 0.05076717124909896
    },
    "p99": {
      "threshold": 8.825252693132343,
      "tp": 7974,
      "fp": 152,
      "fn": 4859,
      "tn": 9559,
      "precision": 0.9812946098941668,
      "recall": 0.6213667887477596,
      "f1": 0.7609141657521827,
      "fpr": 0.015652353001750594
    }
  },
  "per_family": {
    "evaluated_at": [
      "p94.5",
      "p99"
    ],
    "families": {
      "dos": {
        "n_samples": 7458,
        "auc_roc": 0.9838088317403809,
        "auc_pr": 0.9575333627122967,
        "auc_pr_baseline": 0.4343875589725668,
        "recall_at_threshold": {
          "p94.5": 0.9072137302225798,
          "p99": 0.827835880933226
        }
      },
      "probe": {
        "n_samples": 2421,
        "auc_roc": 0.9687754927823008,
        "auc_pr": 0.8220201793294606,
        "auc_pr_baseline": 0.19955489614243324,
        "recall_at_threshold": {
          "p94.5": 0.8682362660057827,
          "p99": 0.6720363486162743
        }
      },
      "r2l": {
        "n_samples": 2754,
        "auc_roc": 0.8713270675761161,
        "auc_pr": 0.6111441575957901,
        "auc_pr_baseline": 0.22093862815884477,
        "recall_at_threshold": {
          "p94.5": 0.429920116194626,
          "p99": 0.05664488017429194
        }
      },
      "u2r": {
        "n_samples": 200,
        "auc_roc": 0.9203313253012049,
        "auc_pr": 0.16730749311175577,
        "auc_pr_baseline": 0.020179598425991322,
        "recall_at_threshold": {
          "p94.5": 0.69,
          "p99": 0.085
        }
      }
    }
  },
  "per_difficulty": {
    "evaluated_at": "p99",
    "buckets": {
      "difficulty_0_to_15": {
        "n_samples": 3255,
        "recall_at_threshold": 0.33394777265745007
      },
      "difficulty_15_to_19": {
        "n_samples": 4699,
        "recall_at_threshold": 0.5020217067461162
      },
      "difficulty_19_to_21": {
        "n_samples": 4879,
        "recall_at_threshold": 0.9280590284894445
      }
    }
  },
  "distribution_shift": {
    "train_normal": {
      "n": 45793,
      "percentiles": {
        "p50": 2.8237532011859754,
        "p90": 5.317992901970619,
        "p95": 6.507989508730177,
        "p99": 8.80140599274549
      }
    },
    "val_normal": {
      "n": 8081,
      "percentiles": {
        "p50": 2.8237532011859754,
        "p90": 5.317992901970619,
        "p95": 6.507989508730177,
        "p99": 8.825252693132343
      }
    },
    "test_normal": {
      "n": 9711,
      "percentiles": {
        "p50": 2.6615634261163694,
        "p90": 5.053047735986803,
        "p95": 6.320453466119435,
        "p99": 15.403664775271437
      }
    },
    "realised_fpr_on_test_normal": {
      "p94.5": 0.05076717124909896,
      "p99": 0.015652353001750594
    }
  },
  "plots": [
    "evaluate_graphs/eval_nll_histograms.png",
    "evaluate_graphs/eval_roc_pr.png",
    "evaluate_graphs/eval_threshold_sweep.png",
    "evaluate_graphs/eval_confusion.png"
  ],
  "tables": [
    "evaluate_tables/global_metrics.csv",
    "evaluate_tables/metrics_per_threshold.csv",
    "evaluate_tables/per_family.csv",
    "evaluate_tables/per_difficulty.csv",
    "evaluate_tables/distribution_shift.csv",
    "evaluate_tables/realised_fpr.csv",
    "evaluate_tables/threshold_sweep.csv",
    "evaluate_tables/test_scores.csv"
  ]
}