{
  "shots": 8000,
  "marginal_L1_hw_vs_ref": 0.7771174166666668,
  "marginal_max_abs_hw_vs_ref": 0.16829033333333335,
  "site_marginals_hw": [
    0.0516,
    0.0412,
    0.4882,
    0.0695,
    0.0496,
    0.4452,
    0.4426,
    0.1336,
    0.1491,
    0.145,
    0.462,
    0.2829
  ],
  "site_marginals_ref": [
    0.0436,
    0.0164,
    0.4988,
    0.0,
    0.0046,
    0.4896,
    0.5028,
    0.0331,
    0.0465,
    0.0599,
    0.4069,
    0.104
  ],
  "topk_k": 10,
  "topk_overlap": 0.9303333333333335,
  "freq_corr_hw_vs_ref": 0.9453155013162613,
  "tvd_hw_vs_mps": 0.4381013401218299,
  "tvd_ref_vs_mps": 0.04916696074383533,
  "tvd_hw_vs_ref": 0.4442959166666668,
  "fidelity_hw_vs_mps": 0.667444839595383,
  "hellinger_hw_vs_mps": 0.427798922874981,
  "mc_noise_scale": 0.35777087639996635,
  "marginal_L1_hw_vs_mps": 0.7768096754800455,
  "marginal_max_abs_hw_vs_mps": 0.16796675164903924,
  "site_marginals_mps": [
    0.0427,
    0.0189,
    0.5013,
    0.0,
    0.0057,
    0.4809,
    0.4955,
    0.0346,
    0.0475,
    0.0589,
    0.4062,
    0.1079
  ],
  "seed": 0,
  "transpile_seed": 2.0,
  "executed_depth": 1342.6,
  "executed_2q_gates": 374.0,
  "seconds": 85.55929753199962,
  "marginal_L1_hw_vs_ref_std": 0.03683343176403599,
  "marginal_max_abs_hw_vs_ref_std": 0.012490580660694426,
  "topk_overlap_std": 0.06706244420883216,
  "freq_corr_hw_vs_ref_std": 0.0074578256286471955,
  "tvd_hw_vs_mps_std": 0.00861418581586814,
  "tvd_ref_vs_mps_std": 0.00420500619567692,
  "tvd_hw_vs_ref_std": 0.008397937059541085,
  "fidelity_hw_vs_mps_std": 0.007738549996396711,
  "hellinger_hw_vs_mps_std": 0.005541346157845687,
  "marginal_L1_hw_vs_mps_std": 0.021387279333427454,
  "marginal_max_abs_hw_vs_mps_std": 0.007920478361872919,
  "transpile_seed_std": 1.5811388300841898,
  "executed_depth_std": 11.823705003085962,
  "executed_2q_gates_std": 4.301162633521313,
  "n_seeds": 5,
  "seeds": [
    0,
    1,
    2,
    3,
    4
  ],
  "per_seed": [
    {
      "seed": 0,
      "marginal_L1_hw_vs_ref": 0.784625,
      "marginal_max_abs_hw_vs_ref": 0.178875,
      "topk_overlap": 1.0,
      "freq_corr_hw_vs_ref": 0.9387399202009463,
      "tvd_hw_vs_mps": 0.42394717502016954,
      "tvd_ref_vs_mps": 0.03595078854453454,
      "tvd_hw_vs_ref": 0.435,
      "fidelity_hw_vs_mps": 0.682556373889628,
      "hellinger_hw_vs_mps": 0.41692960986415856,
      "marginal_L1_hw_vs_mps": 0.7637710569961061,
      "marginal_max_abs_hw_vs_mps": 0.17498608498237256,
      "transpile_seed": 0,
      "executed_depth": 1354,
      "executed_2q_gates": 377
    },
    {
      "seed": 1,
      "marginal_L1_hw_vs_ref": 0.729875,
      "marginal_max_abs_hw_vs_ref": 0.15949999999999998,
      "topk_overlap": 0.9,
      "freq_corr_hw_vs_ref": 0.9494825814813734,
      "tvd_hw_vs_mps": 0.435950074280271,
      "tvd_ref_vs_mps": 0.03658196045206652,
      "tvd_hw_vs_ref": 0.43537500000000007,
      "fidelity_hw_vs_mps": 0.6729755924032497,
      "hellinger_hw_vs_mps": 0.42385033219335366,
      "marginal_L1_hw_vs_mps": 0.7633960569961061,
      "marginal_max_abs_hw_vs_mps": 0.16636108498237256,
      "transpile_seed": 1,
      "executed_depth": 1338,
      "executed_2q_gates": 372
    },
    {
      "seed": 2,
      "marginal_L1_hw_vs_ref": 0.7787499999999999,
      "marginal_max_abs_hw_vs_ref": 0.169875,
      "topk_overlap": 1.0,
      "freq_corr_hw_vs_ref": 0.9463666312158161,
      "tvd_hw_vs_mps": 0.43867458306860746,
      "tvd_ref_vs_mps": 0.033370482246232895,
      "tvd_hw_vs_ref": 0.444,
      "fidelity_hw_vs_mps": 0.6712796254122371,
      "hellinger_hw_vs_mps": 0.4250687474369276,
      "marginal_L1_hw_vs_mps": 0.7806460569961062,
      "marginal_max_abs_hw_vs_mps": 0.16848608498237255,
      "transpile_seed": 2,
      "executed_depth": 1341,
      "executed_2q_gates": 371
    },
    {
      "seed": 3,
      "marginal_L1_hw_vs_ref": 0.790875,
      "marginal_max_abs_hw_vs_ref": 0.1555,
      "topk_overlap": 1.0,
      "freq_corr_hw_vs_ref": 0.9512917972338294,
      "tvd_hw_vs_mps": 0.4332677825384756,
      "tvd_ref_vs_mps": 0.03399318388322981,
      "tvd_hw_vs_ref": 0.4342500000000001,
      "fidelity_hw_vs_mps": 0.6729723958287671,
      "hellinger_hw_vs_mps": 0.42385263052126154,
      "marginal_L1_hw_vs_mps": 0.7898960569961061,
      "marginal_max_abs_hw_vs_mps": 0.15873608498237257,
      "transpile_seed": 3,
      "executed_depth": 1326,
      "executed_2q_gates": 370
    },
    {
      "seed": 4,
      "marginal_L1_hw_vs_ref": 0.80075,
      "marginal_max_abs_hw_vs_ref": 0.17887499999999998,
      "topk_overlap": 0.9,
      "freq_corr_hw_vs_ref": 0.9467647762124298,
      "tvd_hw_vs_mps": 0.44126114574046976,
      "tvd_ref_vs_mps": 0.03585152453070111,
      "tvd_hw_vs_ref": 0.4428750000000001,
      "fidelity_hw_vs_mps": 0.6673516673425046,
      "hellinger_hw_vs_mps": 0.42788322149567737,
      "marginal_L1_hw_vs_mps": 0.7891460569961061,
      "marginal_max_abs_hw_vs_mps": 0.17198608498237256,
      "transpile_seed": 4,
      "executed_depth": 1354,
      "executed_2q_gates": 380
    }
  ],
  "fidelity_hw_vs_mps_std_seed": 0.005718933414832015,
  "fidelity_hw_vs_mps_std_bootstrap": 0.0052133440940963565,
  "fidelity_hw_vs_mps_std_total": 0.007738549996396711,
  "freq_corr_hw_vs_ref_std_seed": 0.005244747392986547,
  "freq_corr_hw_vs_ref_std_bootstrap": 0.0053020550629984745,
  "freq_corr_hw_vs_ref_std_total": 0.0074578256286471955,
  "hellinger_hw_vs_mps_std_seed": 0.00409849736268717,
  "hellinger_hw_vs_mps_std_bootstrap": 0.003729455269756894,
  "hellinger_hw_vs_mps_std_total": 0.005541346157845687,
  "marginal_L1_hw_vs_mps_std_seed": 0.01206045015760447,
  "marginal_L1_hw_vs_mps_std_bootstrap": 0.017662425067979524,
  "marginal_L1_hw_vs_mps_std_total": 0.021387279333427454,
  "marginal_L1_hw_vs_ref_std_seed": 0.027161745543224175,
  "marginal_L1_hw_vs_ref_std_bootstrap": 0.024878530393916697,
  "marginal_L1_hw_vs_ref_std_total": 0.03683343176403599,
  "marginal_max_abs_hw_vs_mps_std_seed": 0.0061428132876399305,
  "marginal_max_abs_hw_vs_mps_std_bootstrap": 0.004999982239377598,
  "marginal_max_abs_hw_vs_mps_std_total": 0.007920478361872919,
  "marginal_max_abs_hw_vs_ref_std_seed": 0.01094620803507873,
  "marginal_max_abs_hw_vs_ref_std_bootstrap": 0.006016239265030225,
  "marginal_max_abs_hw_vs_ref_std_total": 0.012490580660694426,
  "topk_overlap_std_seed": 0.04253560599988881,
  "topk_overlap_std_bootstrap": 0.051846828692649546,
  "topk_overlap_std_total": 0.06706244420883216,
  "tvd_hw_vs_mps_std_seed": 0.006596300804444717,
  "tvd_hw_vs_mps_std_bootstrap": 0.005540127522682655,
  "tvd_hw_vs_mps_std_total": 0.00861418581586814,
  "tvd_hw_vs_ref_std_seed": 0.005460735169713914,
  "tvd_hw_vs_ref_std_bootstrap": 0.006380103311253128,
  "tvd_hw_vs_ref_std_total": 0.008397937059541085,
  "tvd_ref_vs_mps_std_seed": 0.0011017878815319225,
  "tvd_ref_vs_mps_std_bootstrap": 0.00405809568268057,
  "tvd_ref_vs_mps_std_total": 0.00420500619567692,
  "n_boots": 300,
  "per_seed_bootstrap": [
    {
      "seed": 0,
      "transpile_seed": 0,
      "marginal_L1_hw_vs_ref": 0.7859070833333334,
      "marginal_max_abs_hw_vs_ref": 0.17902958333333333,
      "topk_overlap": 0.9610000000000001,
      "freq_corr_hw_vs_ref": 0.9370657372237482,
      "tvd_hw_vs_mps": 0.42783138394356984,
      "tvd_ref_vs_mps": 0.049580472596317794,
      "tvd_hw_vs_ref": 0.44028,
      "fidelity_hw_vs_mps": 0.676608428709765,
      "hellinger_hw_vs_mps": 0.42122456482942344,
      "marginal_L1_hw_vs_mps": 0.7639779760170794,
      "marginal_max_abs_hw_vs_mps": 0.17490650164903923,
      "marginal_L1_hw_vs_ref_std": 0.025111639566452865,
      "marginal_max_abs_hw_vs_ref_std": 0.006030052059131969,
      "topk_overlap_std": 0.050206929660687044,
      "freq_corr_hw_vs_ref_std": 0.005881342010402942,
      "tvd_hw_vs_mps_std": 0.005468510854191384,
      "tvd_ref_vs_mps_std": 0.003970034499303479,
      "tvd_hw_vs_ref_std": 0.006386235590449388,