{
  "shots": 8000,
  "marginal_L1_hw_vs_ref": 0.057236833333333334,
  "marginal_max_abs_hw_vs_ref": 0.014558333333333335,
  "site_marginals_hw": [
    0.0438,
    0.02,
    0.4961,
    0.0,
    0.0051,
    0.4842,
    0.5,
    0.0338,
    0.0464,
    0.0578,
    0.406,
    0.1074
  ],
  "site_marginals_ref": [
    0.0436,
    0.0164,
    0.4988,
    0.0,
    0.0046,
    0.4896,
    0.5028,
    0.0331,
    0.0465,
    0.0599,
    0.4069,
    0.104
  ],
  "topk_k": 10,
  "topk_overlap": 0.9807333333333335,
  "freq_corr_hw_vs_ref": 0.997564872440163,
  "tvd_hw_vs_mps": 0.049912829840177635,
  "tvd_ref_vs_mps": 0.04908587590853125,
  "tvd_hw_vs_ref": 0.06617866666666668,
  "fidelity_hw_vs_mps": 0.9776004995539177,
  "hellinger_hw_vs_mps": 0.10608489417252354,
  "mc_noise_scale": 0.35777087639996635,
  "marginal_L1_hw_vs_mps": 0.04258923972533829,
  "marginal_max_abs_hw_vs_mps": 0.011411815067149268,
  "site_marginals_mps": [
    0.0427,
    0.0189,
    0.5013,
    0.0,
    0.0057,
    0.4809,
    0.4955,
    0.0346,
    0.0475,
    0.0589,
    0.4062,
    0.1079
  ],
  "seed": 0,
  "transpile_seed": 2.0,
  "seconds": 0.1720629410001493,
  "marginal_L1_hw_vs_ref_std": 0.017750838165867,
  "marginal_max_abs_hw_vs_ref_std": 0.005217874288811766,
  "topk_overlap_std": 0.04093988804694232,
  "freq_corr_hw_vs_ref_std": 0.0009171556257590201,
  "tvd_hw_vs_mps_std": 0.004367503887077949,
  "tvd_ref_vs_mps_std": 0.004063613776928422,
  "tvd_hw_vs_ref_std": 0.005992458683507444,
  "fidelity_hw_vs_mps_std": 0.0013245622540397955,
  "hellinger_hw_vs_mps_std": 0.0031501475654142196,
  "marginal_L1_hw_vs_mps_std": 0.013571934137754692,
  "marginal_max_abs_hw_vs_mps_std": 0.00446907277218466,
  "transpile_seed_std": 1.5811388300841898,
  "n_seeds": 5,
  "seeds": [
    0,
    1,
    2,
    3,
    4
  ],
  "per_seed": [
    {
      "seed": 0,
      "marginal_L1_hw_vs_ref": 0.022124999999999995,
      "marginal_max_abs_hw_vs_ref": 0.005374999999999963,
      "topk_overlap": 1.0,
      "freq_corr_hw_vs_ref": 0.9988541829603721,
      "tvd_hw_vs_mps": 0.0369275716464121,
      "tvd_ref_vs_mps": 0.03595078854453454,
      "tvd_hw_vs_ref": 0.0505,
      "fidelity_hw_vs_mps": 0.9852185826260019,
      "hellinger_hw_vs_mps": 0.0861291106914129,
      "marginal_L1_hw_vs_mps": 0.019523088320864704,
      "marginal_max_abs_hw_vs_mps": 0.005142429370803281,
      "transpile_seed": 0
    },
    {
      "seed": 1,
      "marginal_L1_hw_vs_ref": 0.05462499999999996,
      "marginal_max_abs_hw_vs_ref": 0.011499999999999955,
      "topk_overlap": 0.9,
      "freq_corr_hw_vs_ref": 0.9986275941184712,
      "tvd_hw_vs_mps": 0.035614787998989976,
      "tvd_ref_vs_mps": 0.03658196045206652,
      "tvd_hw_vs_ref": 0.04975000000000001,
      "fidelity_hw_vs_mps": 0.9856471997333659,
      "hellinger_hw_vs_mps": 0.08486658330683182,
      "marginal_L1_hw_vs_mps": 0.030138257497507214,
      "marginal_max_abs_hw_vs_mps": 0.00923257062919669,
      "transpile_seed": 1
    },
    {
      "seed": 2,
      "marginal_L1_hw_vs_ref": 0.031374999999999945,
      "marginal_max_abs_hw_vs_ref": 0.010124999999999995,
      "topk_overlap": 1.0,
      "freq_corr_hw_vs_ref": 0.999021808071145,
      "tvd_hw_vs_mps": 0.04115416618145,
      "tvd_ref_vs_mps": 0.033370482246232895,
      "tvd_hw_vs_ref": 0.04675,
      "fidelity_hw_vs_mps": 0.9840723178458557,
      "hellinger_hw_vs_mps": 0.08941927949961521,
      "marginal_L1_hw_vs_mps": 0.04210322872214277,
      "marginal_max_abs_hw_vs_mps": 0.013094835580623354,
      "transpile_seed": 2
    },
    {
      "seed": 3,
      "marginal_L1_hw_vs_ref": 0.02500000000000003,
      "marginal_max_abs_hw_vs_ref": 0.006625000000000006,
      "topk_overlap": 1.0,
      "freq_corr_hw_vs_ref": 0.9995502145902229,
      "tvd_hw_vs_mps": 0.03590908735431462,
      "tvd_ref_vs_mps": 0.03399318388322981,
      "tvd_hw_vs_ref": 0.03975,
      "fidelity_hw_vs_mps": 0.9847373719791528,
      "hellinger_hw_vs_mps": 0.0875251783320058,
      "marginal_L1_hw_vs_mps": 0.02790943105966726,
      "marginal_max_abs_hw_vs_mps": 0.0041309436913684605,
      "transpile_seed": 3
    },
    {
      "seed": 4,
      "marginal_L1_hw_vs_ref": 0.05837499999999994,
      "marginal_max_abs_hw_vs_ref": 0.009624999999999995,
      "topk_overlap": 1.0,
      "freq_corr_hw_vs_ref": 0.998892895309123,
      "tvd_hw_vs_mps": 0.033135228629896166,
      "tvd_ref_vs_mps": 0.03585152453070111,
      "tvd_hw_vs_ref": 0.04425000000000001,
      "fidelity_hw_vs_mps": 0.9857062453519004,
      "hellinger_hw_vs_mps": 0.0846912062876656,
      "marginal_L1_hw_vs_mps": 0.04453512656500311,
      "marginal_max_abs_hw_vs_mps": 0.008005943691368478,
      "transpile_seed": 4
    }
  ],
  "fidelity_hw_vs_mps_std_seed": 0.0006730093480623167,
  "fidelity_hw_vs_mps_std_bootstrap": 0.0011408433644667084,
  "fidelity_hw_vs_mps_std_total": 0.0013245622540397955,
  "freq_corr_hw_vs_ref_std_seed": 0.0003704661212972829,
  "freq_corr_hw_vs_ref_std_bootstrap": 0.0008390049432705188,
  "freq_corr_hw_vs_ref_std_total": 0.0009171556257590201,
  "hellinger_hw_vs_mps_std_seed": 0.0015955121122017764,
  "hellinger_hw_vs_mps_std_bootstrap": 0.0027162052175236247,
  "hellinger_hw_vs_mps_std_total": 0.0031501475654142196,
  "marginal_L1_hw_vs_mps_std_seed": 0.006417276806143869,
  "marginal_L1_hw_vs_mps_std_bootstrap": 0.011958927821208686,
  "marginal_L1_hw_vs_mps_std_total": 0.013571934137754692,
  "marginal_L1_hw_vs_ref_std_seed": 0.00906248219634267,
  "marginal_L1_hw_vs_ref_std_bootstrap": 0.01526314751392296,
  "marginal_L1_hw_vs_ref_std_total": 0.017750838165867,
  "marginal_max_abs_hw_vs_mps_std_seed": 0.0020358586509653985,
  "marginal_max_abs_hw_vs_mps_std_bootstrap": 0.003978428206763525,
  "marginal_max_abs_hw_vs_mps_std_total": 0.00446907277218466,
  "marginal_max_abs_hw_vs_ref_std_seed": 0.0019329962664144536,
  "marginal_max_abs_hw_vs_ref_std_bootstrap": 0.004846621248650515,
  "marginal_max_abs_hw_vs_ref_std_total": 0.005217874288811766,
  "topk_overlap_std_seed": 0.02273934426886088,
  "topk_overlap_std_bootstrap": 0.03404403994120549,
  "topk_overlap_std_total": 0.04093988804694232,
  "tvd_hw_vs_mps_std_seed": 0.0016676978713007788,
  "tvd_hw_vs_mps_std_bootstrap": 0.004036567107543221,
  "tvd_hw_vs_mps_std_total": 0.004367503887077949,
  "tvd_hw_vs_ref_std_seed": 0.0024098721547176193,
  "tvd_hw_vs_ref_std_bootstrap": 0.005486535999285927,
  "tvd_hw_vs_ref_std_total": 0.005992458683507444,
  "tvd_ref_vs_mps_std_seed": 0.0009529935617284717,
  "tvd_ref_vs_mps_std_bootstrap": 0.003950286090822608,
  "tvd_ref_vs_mps_std_total": 0.004063613776928422,
  "n_boots": 300,
  "per_seed_bootstrap": [
    {
      "seed": 0,
      "transpile_seed": 0,
      "marginal_L1_hw_vs_ref": 0.04790208333333333,
      "marginal_max_abs_hw_vs_ref": 0.012290833333333336,
      "topk_overlap": 0.9973333333333333,
      "freq_corr_hw_vs_ref": 0.9974302625327585,
      "tvd_hw_vs_mps": 0.05020161867151502,
      "tvd_ref_vs_mps": 0.04944200954010254,
      "tvd_hw_vs_ref": 0.06770583333333334,
      "fidelity_hw_vs_mps": 0.9779510159930829,
      "hellinger_hw_vs_mps": 0.10525668686819158,
      "marginal_L1_hw_vs_mps": 0.03413633368878535,
      "marginal_max_abs_hw_vs_mps": 0.009258902287217086,
      "marginal_L1_hw_vs_ref_std": 0.013476073721707617,
      "marginal_max_abs_hw_vs_ref_std": 0.004398818266994257,
      "topk_overlap_std": 0.01613764649311285,
      "freq_corr_hw_vs_ref_std": 0.000861816458362796,
      "tvd_hw_vs_mps_std": 0.00405917800337625,
      "tvd_ref_vs_mps_std": 0.003967754550463193,
      "tvd_hw_vs_ref_std": 0.006050298450768095,
      "fidelity_hw_vs_mps_std": 0.0011151413495382807,
      "hellinger_hw_vs_mps_std": 0.0026748787700075845,
      "marginal_L1_hw_vs_mps_std": 0.009138678875010143,
      "marginal_max_abs_hw_vs_mps_std": 0.0034171767161379043,
      "n_boots": 300,
      "bootstrap_resamples": 300
    },
    {
      "seed": 1,
      "transpile_seed": 1,