{
  "shots": 8000,
  "marginal_L1_hw_vs_ref": 0.8059427500000002,
  "marginal_max_abs_hw_vs_ref": 0.1662675833333333,
  "site_marginals_hw": [
    0.0966,
    0.1146,
    0.0801,
    0.1015,
    0.4172,
    0.2004,
    0.2285,
    0.5018
  ],
  "site_marginals_ref": [
    0.0458,
    0.019,
    0.0,
    0.0062,
    0.4848,
    0.0428,
    0.0601,
    0.4071
  ],
  "topk_k": 10,
  "topk_overlap": 0.7264666666666667,
  "freq_corr_hw_vs_ref": 0.9687633623157149,
  "tvd_hw_vs_mps": 0.4149174741376706,
  "tvd_ref_vs_mps": 0.021025021056006406,
  "tvd_hw_vs_ref": 0.41584716666666666,
  "fidelity_hw_vs_mps": 0.6729851197770694,
  "hellinger_hw_vs_mps": 0.4238332756394535,
  "mc_noise_scale": 0.08944271909999159,
  "marginal_L1_hw_vs_mps": 0.8072060030139715,
  "marginal_max_abs_hw_vs_mps": 0.16547752476665706,
  "site_marginals_mps": [
    0.042,
    0.0176,
    0.0,
    0.0058,
    0.4822,
    0.0456,
    0.0612,
    0.4077
  ],
  "seed": 0,
  "transpile_seed": 2.0,
  "executed_depth": 1077.6,
  "executed_2q_gates": 298.8,
  "seconds": 4.575993014001142,
  "marginal_L1_hw_vs_ref_std": 0.02224365280833751,
  "marginal_max_abs_hw_vs_ref_std": 0.005405695079748784,
  "topk_overlap_std": 0.04605274107999487,
  "freq_corr_hw_vs_ref_std": 0.006599195512118696,
  "tvd_hw_vs_mps_std": 0.00600749400457477,
  "tvd_ref_vs_mps_std": 0.00419879661560088,
  "tvd_hw_vs_ref_std": 0.008678405189300641,
  "fidelity_hw_vs_mps_std": 0.005533036589397936,
  "hellinger_hw_vs_mps_std": 0.0039785663099484786,
  "marginal_L1_hw_vs_mps_std": 0.016828871240959952,
  "marginal_max_abs_hw_vs_mps_std": 0.004853020780391947,
  "transpile_seed_std": 1.5811388300841898,
  "executed_depth_std": 1.3416407864998738,
  "executed_2q_gates_std": 3.1937438845342623,
  "n_seeds": 5,
  "seeds": [
    0,
    1,
    2,
    3,
    4
  ],
  "per_seed": [
    {
      "seed": 0,
      "marginal_L1_hw_vs_ref": 0.81,
      "marginal_max_abs_hw_vs_ref": 0.168375,
      "topk_overlap": 0.7,
      "freq_corr_hw_vs_ref": 0.9615328102049687,
      "tvd_hw_vs_mps": 0.41758727956668384,
      "tvd_ref_vs_mps": 0.015331702891812368,
      "tvd_hw_vs_ref": 0.421,
      "fidelity_hw_vs_mps": 0.6710807012195075,
      "hellinger_hw_vs_mps": 0.42521153025454056,
      "marginal_L1_hw_vs_mps": 0.808550086347305,
      "marginal_max_abs_hw_vs_mps": 0.16732795593568914,
      "transpile_seed": 0,
      "executed_depth": 1077,
      "executed_2q_gates": 294
    },
    {
      "seed": 1,
      "marginal_L1_hw_vs_ref": 0.7836249999999999,
      "marginal_max_abs_hw_vs_ref": 0.1635,
      "topk_overlap": 0.7,
      "freq_corr_hw_vs_ref": 0.9752184084226625,
      "tvd_hw_vs_mps": 0.4133368809603897,
      "tvd_ref_vs_mps": 0.017594572334880206,
      "tvd_hw_vs_ref": 0.40875000000000006,
      "fidelity_hw_vs_mps": 0.6744800416096868,
      "hellinger_hw_vs_mps": 0.42276785746253986,
      "marginal_L1_hw_vs_mps": 0.7916750863473048,
      "marginal_max_abs_hw_vs_mps": 0.16532795593568914,
      "transpile_seed": 1,
      "executed_depth": 1077,
      "executed_2q_gates": 301
    },
    {
      "seed": 2,
      "marginal_L1_hw_vs_ref": 0.805,
      "marginal_max_abs_hw_vs_ref": 0.16575,
      "topk_overlap": 0.7,
      "freq_corr_hw_vs_ref": 0.9659609784164617,
      "tvd_hw_vs_mps": 0.4138634201474406,
      "tvd_ref_vs_mps": 0.012839450665259981,
      "tvd_hw_vs_ref": 0.413375,
      "fidelity_hw_vs_mps": 0.6722184407990126,
      "hellinger_hw_vs_mps": 0.42439452671311817,
      "marginal_L1_hw_vs_mps": 0.8076750863473048,
      "marginal_max_abs_hw_vs_mps": 0.16420295593568912,
      "transpile_seed": 2,
      "executed_depth": 1077,
      "executed_2q_gates": 301
    },
    {
      "seed": 3,
      "marginal_L1_hw_vs_ref": 0.8089999999999999,
      "marginal_max_abs_hw_vs_ref": 0.16375,
      "topk_overlap": 0.8,
      "freq_corr_hw_vs_ref": 0.9722639134980207,
      "tvd_hw_vs_mps": 0.4157107190684056,
      "tvd_ref_vs_mps": 0.015103808588158258,
      "tvd_hw_vs_ref": 0.4094999999999999,
      "fidelity_hw_vs_mps": 0.676103774675715,
      "hellinger_hw_vs_mps": 0.4215977967819016,
      "marginal_L1_hw_vs_mps": 0.8155500863473049,
      "marginal_max_abs_hw_vs_mps": 0.16670295593568912,
      "transpile_seed": 3,
      "executed_depth": 1077,
      "executed_2q_gates": 301
    },
    {
      "seed": 4,
      "marginal_L1_hw_vs_ref": 0.8210000000000001,
      "marginal_max_abs_hw_vs_ref": 0.167375,
      "topk_overlap": 0.7,
      "freq_corr_hw_vs_ref": 0.9704706610816252,
      "tvd_hw_vs_mps": 0.41117190272534915,
      "tvd_ref_vs_mps": 0.016150405503082912,
      "tvd_hw_vs_ref": 0.42087499999999994,
      "fidelity_hw_vs_mps": 0.6745479774184749,
      "hellinger_hw_vs_mps": 0.42271893971658964,
      "marginal_L1_hw_vs_mps": 0.8120500863473048,
      "marginal_max_abs_hw_vs_mps": 0.16157795593568913,
      "transpile_seed": 4,
      "executed_depth": 1080,
      "executed_2q_gates": 297
    }
  ],
  "fidelity_hw_vs_mps_std_seed": 0.001943109492869887,
  "fidelity_hw_vs_mps_std_bootstrap": 0.0051806195959880385,
  "fidelity_hw_vs_mps_std_total": 0.005533036589397936,
  "freq_corr_hw_vs_ref_std_seed": 0.005398579029502007,
  "freq_corr_hw_vs_ref_std_bootstrap": 0.003795355829087532,
  "freq_corr_hw_vs_ref_std_total": 0.006599195512118696,
  "hellinger_hw_vs_mps_std_seed": 0.0013966562115331458,
  "hellinger_hw_vs_mps_std_bootstrap": 0.003725364587452205,
  "hellinger_hw_vs_mps_std_total": 0.0039785663099484786,
  "marginal_L1_hw_vs_mps_std_seed": 0.00932554005641228,
  "marginal_L1_hw_vs_mps_std_bootstrap": 0.014008754759116138,
  "marginal_L1_hw_vs_mps_std_total": 0.016828871240959952,
  "marginal_L1_hw_vs_ref_std_seed": 0.01344215219403643,
  "marginal_L1_hw_vs_ref_std_bootstrap": 0.0177225459415464,
  "marginal_L1_hw_vs_ref_std_total": 0.02224365280833751,
  "marginal_max_abs_hw_vs_mps_std_seed": 0.0019353973597372397,
  "marginal_max_abs_hw_vs_mps_std_bootstrap": 0.004450398606286653,
  "marginal_max_abs_hw_vs_mps_std_total": 0.004853020780391947,
  "marginal_max_abs_hw_vs_ref_std_seed": 0.001931364128235108,
  "marginal_max_abs_hw_vs_ref_std_bootstrap": 0.005048898087641189,
  "marginal_max_abs_hw_vs_ref_std_total": 0.005405695079748784,
  "topk_overlap_std_seed": 0.0241046330263153,
  "topk_overlap_std_bootstrap": 0.03924056100067527,
  "topk_overlap_std_total": 0.04605274107999487,
  "tvd_hw_vs_mps_std_seed": 0.002482955975275974,
  "tvd_hw_vs_mps_std_bootstrap": 0.005470366883477116,
  "tvd_hw_vs_mps_std_total": 0.00600749400457477,
  "tvd_hw_vs_ref_std_seed": 0.005846049557951775,
  "tvd_hw_vs_ref_std_bootstrap": 0.006413924009189084,
  "tvd_hw_vs_ref_std_total": 0.008678405189300641,
  "tvd_ref_vs_mps_std_seed": 0.001358406856282183,
  "tvd_ref_vs_mps_std_bootstrap": 0.003972986764637778,
  "tvd_ref_vs_mps_std_total": 0.00419879661560088,
  "n_boots": 300,
  "per_seed_bootstrap": [
    {
      "seed": 0,
      "transpile_seed": 0,
      "marginal_L1_hw_vs_ref": 0.8103212500000001,
      "marginal_max_abs_hw_vs_ref": 0.168525,
      "topk_overlap": 0.7163333333333335,
      "freq_corr_hw_vs_ref": 0.9610150065065204,
      "tvd_hw_vs_mps": 0.4181892234435896,
      "tvd_ref_vs_mps": 0.0208067716163011,
      "tvd_hw_vs_ref": 0.4218266666666667,
      "fidelity_hw_vs_mps": 0.6704815820046603,
      "hellinger_hw_vs_mps": 0.4256324038332368,
      "marginal_L1_hw_vs_mps": 0.8090380030139716,
      "marginal_max_abs_hw_vs_mps": 0.16728232687411457,
      "marginal_L1_hw_vs_ref_std": 0.01732944168222272,
      "marginal_max_abs_hw_vs_ref_std": 0.005136493963212039,
      "topk_overlap_std": 0.03702871825318565,
      "freq_corr_hw_vs_ref_std": 0.004566767198702545,
      "tvd_hw_vs_mps_std": 0.005414073983369128,
      "tvd_ref_vs_mps_std": 0.004558833878514631,
      "tvd_hw_vs_ref_std": 0.006390343798924313,
      "fidelity_hw_vs_mps_std": 0.005170804300492762,
      "hellinger_hw_vs_mps_std": 0.0037107215202679725,
      "marginal_L1_hw_vs_mps_std": 0.013592089208059774,