{
  "shots": 8000,
  "marginal_L1_hw_vs_ref": 0.5829304166666667,
  "marginal_max_abs_hw_vs_ref": 0.13450191666666667,
  "site_marginals_hw": [
    0.0889,
    0.1036,
    0.0312,
    0.0494,
    0.4389,
    0.1651,
    0.1956,
    0.4819
  ],
  "site_marginals_ref": [
    0.0426,
    0.0162,
    0.0,
    0.0039,
    0.4771,
    0.0485,
    0.06,
    0.4055
  ],
  "topk_k": 10,
  "topk_overlap": 0.7193333333333335,
  "freq_corr_hw_vs_ref": 0.9818596967071329,
  "tvd_hw_vs_mps": 0.3118101566909889,
  "tvd_ref_vs_mps": 0.019905761099713627,
  "tvd_hw_vs_ref": 0.31413066666666667,
  "fidelity_hw_vs_mps": 0.781226881670176,
  "hellinger_hw_vs_mps": 0.3407617189119668,
  "mc_noise_scale": 0.08944271909999159,
  "marginal_L1_hw_vs_mps": 0.5845327530139715,
  "marginal_max_abs_hw_vs_mps": 0.1332970686913139,
  "site_marginals_mps": [
    0.042,
    0.0176,
    0.0,
    0.0058,
    0.4822,
    0.0456,
    0.0612,
    0.4077
  ],
  "seed": 0,
  "transpile_seed": 2.0,
  "executed_depth": 976.4,
  "executed_2q_gates": 217.6,
  "seconds": 4.536699832000522,
  "marginal_L1_hw_vs_ref_std": 0.02123540513734684,
  "marginal_max_abs_hw_vs_ref_std": 0.005568177158082674,
  "topk_overlap_std": 0.04119968187615521,
  "freq_corr_hw_vs_ref_std": 0.003148979809916133,
  "tvd_hw_vs_mps_std": 0.00602553942281761,
  "tvd_ref_vs_mps_std": 0.0038688355878038457,
  "tvd_hw_vs_ref_std": 0.006461828625682184,
  "fidelity_hw_vs_mps_std": 0.004674426404175853,
  "hellinger_hw_vs_mps_std": 0.003879791058904095,
  "marginal_L1_hw_vs_mps_std": 0.018133003081654775,
  "marginal_max_abs_hw_vs_mps_std": 0.005054975321965275,
  "transpile_seed_std": 1.5811388300841898,
  "executed_depth_std": 4.774934554525329,
  "executed_2q_gates_std": 2.1908902300206643,
  "n_seeds": 5,
  "seeds": [
    0,
    1,
    2,
    3,
    4
  ],
  "per_seed": [
    {
      "seed": 0,
      "marginal_L1_hw_vs_ref": 0.5772499999999999,
      "marginal_max_abs_hw_vs_ref": 0.135625,
      "topk_overlap": 0.7,
      "freq_corr_hw_vs_ref": 0.9833136028060155,
      "tvd_hw_vs_mps": 0.3113036877753693,
      "tvd_ref_vs_mps": 0.014058310507007371,
      "tvd_hw_vs_ref": 0.313375,
      "fidelity_hw_vs_mps": 0.7821386893467738,
      "hellinger_hw_vs_mps": 0.3400205108345662,
      "marginal_L1_hw_vs_mps": 0.5791750863473049,
      "marginal_max_abs_hw_vs_mps": 0.13445295593568912,
      "transpile_seed": 0,
      "executed_depth": 973,
      "executed_2q_gates": 216
    },
    {
      "seed": 1,
      "marginal_L1_hw_vs_ref": 0.60375,
      "marginal_max_abs_hw_vs_ref": 0.129625,
      "topk_overlap": 0.8,
      "freq_corr_hw_vs_ref": 0.9786477834190318,
      "tvd_hw_vs_mps": 0.3145385735425494,
      "tvd_ref_vs_mps": 0.013982456020072639,
      "tvd_hw_vs_ref": 0.313875,
      "fidelity_hw_vs_mps": 0.7815608688295167,
      "hellinger_hw_vs_mps": 0.3405006417629968,
      "marginal_L1_hw_vs_mps": 0.6059250863473049,
      "marginal_max_abs_hw_vs_mps": 0.12857795593568913,
      "transpile_seed": 1,
      "executed_depth": 983,
      "executed_2q_gates": 220
    },
    {
      "seed": 2,
      "marginal_L1_hw_vs_ref": 0.5771249999999999,
      "marginal_max_abs_hw_vs_ref": 0.1355,
      "topk_overlap": 0.7,
      "freq_corr_hw_vs_ref": 0.9832809709144356,
      "tvd_hw_vs_mps": 0.3114286877753693,
      "tvd_ref_vs_mps": 0.013857456020072646,
      "tvd_hw_vs_ref": 0.313625,
      "fidelity_hw_vs_mps": 0.7821422572529341,
      "hellinger_hw_vs_mps": 0.34001754458402095,
      "marginal_L1_hw_vs_mps": 0.5790500863473048,
      "marginal_max_abs_hw_vs_mps": 0.13445295593568912,
      "transpile_seed": 2,
      "executed_depth": 973,
      "executed_2q_gates": 216
    },
    {
      "seed": 3,
      "marginal_L1_hw_vs_ref": 0.5785,
      "marginal_max_abs_hw_vs_ref": 0.136,
      "topk_overlap": 0.7,
      "freq_corr_hw_vs_ref": 0.9817352013315583,
      "tvd_hw_vs_mps": 0.30823251060163637,
      "tvd_ref_vs_mps": 0.01385745602007266,
      "tvd_hw_vs_ref": 0.310375,
      "fidelity_hw_vs_mps": 0.7817663472024114,
      "hellinger_hw_vs_mps": 0.34032996000443966,
      "marginal_L1_hw_vs_mps": 0.5803000863473048,
      "marginal_max_abs_hw_vs_mps": 0.13495295593568912,
      "transpile_seed": 3,
      "executed_depth": 980,
      "executed_2q_gates": 220
    },
    {
      "seed": 4,
      "marginal_L1_hw_vs_ref": 0.577,
      "marginal_max_abs_hw_vs_ref": 0.1355,
      "topk_overlap": 0.7,
      "freq_corr_hw_vs_ref": 0.9832856513573596,
      "tvd_hw_vs_mps": 0.3114286877753693,
      "tvd_ref_vs_mps": 0.013857456020072646,
      "tvd_hw_vs_ref": 0.313625,
      "fidelity_hw_vs_mps": 0.7821439958386935,
      "hellinger_hw_vs_mps": 0.34001609916885756,
      "marginal_L1_hw_vs_mps": 0.5789250863473049,
      "marginal_max_abs_hw_vs_mps": 0.13445295593568912,
      "transpile_seed": 4,
      "executed_depth": 973,
      "executed_2q_gates": 216
    }
  ],
  "fidelity_hw_vs_mps_std_seed": 0.00027188167070166545,
  "fidelity_hw_vs_mps_std_bootstrap": 0.004666512891356121,
  "fidelity_hw_vs_mps_std_total": 0.004674426404175853,
  "freq_corr_hw_vs_ref_std_seed": 0.001981232533642466,
  "freq_corr_hw_vs_ref_std_bootstrap": 0.002447609341969445,
  "freq_corr_hw_vs_ref_std_total": 0.003148979809916133,
  "hellinger_hw_vs_mps_std_seed": 0.00022590130017866234,
  "hellinger_hw_vs_mps_std_bootstrap": 0.0038732089103648607,
  "hellinger_hw_vs_mps_std_total": 0.003879791058904095,
  "marginal_L1_hw_vs_mps_std_seed": 0.011860470279901064,
  "marginal_L1_hw_vs_mps_std_bootstrap": 0.013716232919387346,
  "marginal_L1_hw_vs_mps_std_total": 0.018133003081654775,
  "marginal_L1_hw_vs_ref_std_seed": 0.012386582167617448,
  "marginal_L1_hw_vs_ref_std_bootstrap": 0.017248623526302558,
  "marginal_L1_hw_vs_ref_std_total": 0.02123540513734684,
  "marginal_max_abs_hw_vs_mps_std_seed": 0.002753926232113248,
  "marginal_max_abs_hw_vs_mps_std_bootstrap": 0.00423894630937412,
  "marginal_max_abs_hw_vs_mps_std_total": 0.005054975321965275,
  "marginal_max_abs_hw_vs_ref_std_seed": 0.002682957637389705,
  "marginal_max_abs_hw_vs_ref_std_bootstrap": 0.004879173616481165,
  "marginal_max_abs_hw_vs_ref_std_total": 0.005568177158082674,
  "topk_overlap_std_seed": 0.023164868035693762,
  "topk_overlap_std_bootstrap": 0.03407055437742811,
  "topk_overlap_std_total": 0.04119968187615521,
  "tvd_hw_vs_mps_std_seed": 0.0024167718604858617,
  "tvd_hw_vs_mps_std_bootstrap": 0.005519632153530966,
  "tvd_hw_vs_mps_std_total": 0.00602553942281761,
  "tvd_hw_vs_ref_std_seed": 0.001847860239649547,
  "tvd_hw_vs_ref_std_bootstrap": 0.006191982051202024,
  "tvd_hw_vs_ref_std_total": 0.006461828625682184,
  "tvd_ref_vs_mps_std_seed": 0.00026897354061571706,
  "tvd_ref_vs_mps_std_bootstrap": 0.0038594743217057648,
  "tvd_ref_vs_mps_std_total": 0.0038688355878038457,
  "n_boots": 300,
  "per_seed_bootstrap": [
    {
      "seed": 0,
      "transpile_seed": 0,
      "marginal_L1_hw_vs_ref": 0.5775633333333333,
      "marginal_max_abs_hw_vs_ref": 0.1358720833333333,
      "topk_overlap": 0.7090000000000002,
      "freq_corr_hw_vs_ref": 0.9831153730374554,
      "tvd_hw_vs_mps": 0.3118046278929794,
      "tvd_ref_vs_mps": 0.019908583913501143,
      "tvd_hw_vs_ref": 0.3145220833333333,
      "fidelity_hw_vs_mps": 0.781151106137191,
      "hellinger_hw_vs_mps": 0.34082444972184933,
      "marginal_L1_hw_vs_mps": 0.5792596696806382,
      "marginal_max_abs_hw_vs_mps": 0.1344396226023558,
      "marginal_L1_hw_vs_ref_std": 0.017161162150139096,
      "marginal_max_abs_hw_vs_ref_std": 0.004708379288900736,
      "topk_overlap_std": 0.0286659925771773,
      "freq_corr_hw_vs_ref_std": 0.002101847485543296,
      "tvd_hw_vs_mps_std": 0.005538319121649263,
      "tvd_ref_vs_mps_std": 0.003682709064749559,
      "tvd_hw_vs_ref_std": 0.006090711120185726,
      "fidelity_hw_vs_mps_std": 0.00470123159619311,
      "hellinger_hw_vs_mps_std": 0.003899204122095965,
      "marginal_L1_hw_vs_mps_std": 0.014062386448197564,