{
  "shots": 8000,
  "marginal_L1_hw_vs_ref": 0.029517166666666667,
  "marginal_max_abs_hw_vs_ref": 0.010976416666666666,
  "site_marginals_hw": [
    0.0418,
    0.0192,
    0.0,
    0.0044,
    0.4755,
    0.0515,
    0.0638,
    0.4122
  ],
  "site_marginals_ref": [
    0.0426,
    0.0162,
    0.0,
    0.0039,
    0.4771,
    0.0485,
    0.06,
    0.4055
  ],
  "topk_k": 10,
  "topk_overlap": 0.908666666666667,
  "freq_corr_hw_vs_ref": 0.9993074362206507,
  "tvd_hw_vs_mps": 0.02266617489960112,
  "tvd_ref_vs_mps": 0.019966231275529024,
  "tvd_hw_vs_ref": 0.026161,
  "fidelity_hw_vs_mps": 0.9959487593423944,
  "hellinger_hw_vs_mps": 0.04494379371151379,
  "mc_noise_scale": 0.08944271909999159,
  "marginal_L1_hw_vs_mps": 0.027459170080342356,
  "marginal_max_abs_hw_vs_mps": 0.009777970104243203,
  "site_marginals_mps": [
    0.042,
    0.0176,
    0.0,
    0.0058,
    0.4822,
    0.0456,
    0.0612,
    0.4077
  ],
  "seed": 0,
  "transpile_seed": 2.0,
  "seconds": 0.16955477200099267,
  "marginal_L1_hw_vs_ref_std": 0.010006920571604457,
  "marginal_max_abs_hw_vs_ref_std": 0.0049878314869563145,
  "topk_overlap_std": 0.05010206602222386,
  "freq_corr_hw_vs_ref_std": 0.0004472372390486656,
  "tvd_hw_vs_mps_std": 0.00432503698727506,
  "tvd_ref_vs_mps_std": 0.003980710474734556,
  "tvd_hw_vs_ref_std": 0.005494995349136416,
  "fidelity_hw_vs_mps_std": 0.0005068267786130966,
  "hellinger_hw_vs_mps_std": 0.0027919151995241392,
  "marginal_L1_hw_vs_mps_std": 0.008475328054627885,
  "marginal_max_abs_hw_vs_mps_std": 0.0036483754876194723,
  "transpile_seed_std": 1.5811388300841898,
  "n_seeds": 5,
  "seeds": [
    0,
    1,
    2,
    3,
    4
  ],
  "per_seed": [
    {
      "seed": 0,
      "marginal_L1_hw_vs_ref": 0.01950000000000002,
      "marginal_max_abs_hw_vs_ref": 0.006749999999999978,
      "topk_overlap": 0.9,
      "freq_corr_hw_vs_ref": 0.9998094172617578,
      "tvd_hw_vs_mps": 0.01658561858910242,
      "tvd_ref_vs_mps": 0.014058310507007371,
      "tvd_hw_vs_ref": 0.016624999999999994,
      "fidelity_hw_vs_mps": 0.9973461950590538,
      "hellinger_hw_vs_mps": 0.036438770226450555,
      "marginal_L1_hw_vs_mps": 0.02300506249951421,
      "marginal_max_abs_hw_vs_mps": 0.006685056429960645,
      "transpile_seed": 0
    },
    {
      "seed": 1,
      "marginal_L1_hw_vs_ref": 0.01950000000000002,
      "marginal_max_abs_hw_vs_ref": 0.006749999999999978,
      "topk_overlap": 0.9,
      "freq_corr_hw_vs_ref": 0.9998097074899159,
      "tvd_hw_vs_mps": 0.01658561858910242,
      "tvd_ref_vs_mps": 0.013982456020072639,
      "tvd_hw_vs_ref": 0.016499999999999987,
      "fidelity_hw_vs_mps": 0.9973461950590538,
      "hellinger_hw_vs_mps": 0.036438770226450555,
      "marginal_L1_hw_vs_mps": 0.02300506249951421,
      "marginal_max_abs_hw_vs_mps": 0.006685056429960645,
      "transpile_seed": 1
    },
    {
      "seed": 2,
      "marginal_L1_hw_vs_ref": 0.02012499999999998,
      "marginal_max_abs_hw_vs_ref": 0.0068749999999999645,
      "topk_overlap": 0.9,
      "freq_corr_hw_vs_ref": 0.9998038763910081,
      "tvd_hw_vs_mps": 0.016710618589102413,
      "tvd_ref_vs_mps": 0.013857456020072646,
      "tvd_hw_vs_ref": 0.016749999999999973,
      "fidelity_hw_vs_mps": 0.9973437839662287,
      "hellinger_hw_vs_mps": 0.03645533055112234,
      "marginal_L1_hw_vs_mps": 0.023380062499514184,
      "marginal_max_abs_hw_vs_mps": 0.006810056429960631,
      "transpile_seed": 2
    },
    {
      "seed": 3,
      "marginal_L1_hw_vs_ref": 0.020125000000000035,
      "marginal_max_abs_hw_vs_ref": 0.007000000000000006,
      "topk_overlap": 0.9,
      "freq_corr_hw_vs_ref": 0.9998091566434146,
      "tvd_hw_vs_mps": 0.016585618589102413,
      "tvd_ref_vs_mps": 0.01385745602007266,
      "tvd_hw_vs_ref": 0.01675,
      "fidelity_hw_vs_mps": 0.9973462032504999,
      "hellinger_hw_vs_mps": 0.036438713951613924,
      "marginal_L1_hw_vs_mps": 0.023255062499514197,
      "marginal_max_abs_hw_vs_mps": 0.006685056429960645,
      "transpile_seed": 3
    },
    {
      "seed": 4,
      "marginal_L1_hw_vs_ref": 0.020249999999999966,
      "marginal_max_abs_hw_vs_ref": 0.006999999999999951,
      "topk_overlap": 0.9,
      "freq_corr_hw_vs_ref": 0.9998054480600356,
      "tvd_hw_vs_mps": 0.0167106185891024,
      "tvd_ref_vs_mps": 0.013857456020072646,
      "tvd_hw_vs_ref": 0.016749999999999987,
      "fidelity_hw_vs_mps": 0.9973436382648814,
      "hellinger_hw_vs_mps": 0.03645633104434191,
      "marginal_L1_hw_vs_mps": 0.02350506249951417,
      "marginal_max_abs_hw_vs_mps": 0.006810056429960631,
      "transpile_seed": 4
    }
  ],
  "fidelity_hw_vs_mps_std_seed": 2.881882541289073e-05,
  "fidelity_hw_vs_mps_std_bootstrap": 0.000506006777445866,
  "fidelity_hw_vs_mps_std_total": 0.0005068267786130966,
  "freq_corr_hw_vs_ref_std_seed": 9.060035818885382e-06,
  "freq_corr_hw_vs_ref_std_bootstrap": 0.00044714546150311505,
  "freq_corr_hw_vs_ref_std_total": 0.0004472372390486656,
  "hellinger_hw_vs_mps_std_seed": 0.00016191007309661535,
  "hellinger_hw_vs_mps_std_bootstrap": 0.0027872164626314483,
  "hellinger_hw_vs_mps_std_total": 0.0027919151995241392,
  "marginal_L1_hw_vs_mps_std_seed": 0.0006314160992614533,
  "marginal_L1_hw_vs_mps_std_bootstrap": 0.008451774922651215,
  "marginal_L1_hw_vs_mps_std_total": 0.008475328054627885,
  "marginal_L1_hw_vs_ref_std_seed": 0.0007183313635897194,
  "marginal_L1_hw_vs_ref_std_bootstrap": 0.009981105118096082,
  "marginal_L1_hw_vs_ref_std_total": 0.010006920571604457,
  "marginal_max_abs_hw_vs_mps_std_seed": 0.00022813440988518017,
  "marginal_max_abs_hw_vs_mps_std_bootstrap": 0.0036412358327481296,
  "marginal_max_abs_hw_vs_mps_std_total": 0.0036483754876194723,
  "marginal_max_abs_hw_vs_ref_std_seed": 0.00026875881768480237,
  "marginal_max_abs_hw_vs_ref_std_bootstrap": 0.004980585471627759,
  "marginal_max_abs_hw_vs_ref_std_total": 0.0049878314869563145,
  "topk_overlap_std_seed": 0.004294699575574997,
  "topk_overlap_std_bootstrap": 0.04991765795037699,
  "topk_overlap_std_total": 0.05010206602222386,
  "tvd_hw_vs_mps_std_seed": 0.00023608868795919115,
  "tvd_hw_vs_mps_std_bootstrap": 0.004318588550986889,
  "tvd_hw_vs_mps_std_total": 0.00432503698727506,
  "tvd_hw_vs_ref_std_seed": 0.00017670439848641072,
  "tvd_hw_vs_ref_std_bootstrap": 0.005492153443102841,
  "tvd_hw_vs_ref_std_total": 0.005494995349136416,
  "tvd_ref_vs_mps_std_seed": 0.0001788130686810548,
  "tvd_ref_vs_mps_std_bootstrap": 0.003976692315245206,
  "tvd_ref_vs_mps_std_total": 0.003980710474734556,
  "n_boots": 300,
  "per_seed_bootstrap": [
    {
      "seed": 0,
      "transpile_seed": 0,
      "marginal_L1_hw_vs_ref": 0.03016833333333334,
      "marginal_max_abs_hw_vs_ref": 0.011116666666666667,
      "topk_overlap": 0.9043333333333335,
      "freq_corr_hw_vs_ref": 0.9992989155116925,
      "tvd_hw_vs_mps": 0.022801451826188437,
      "tvd_ref_vs_mps": 0.020147950615685528,
      "tvd_hw_vs_ref": 0.02619416666666667,
      "fidelity_hw_vs_mps": 0.995913085097634,
      "hellinger_hw_vs_mps": 0.045144275905249595,
      "marginal_L1_hw_vs_mps": 0.027752176186517718,
      "marginal_max_abs_hw_vs_mps": 0.009925166591585422,
      "marginal_L1_hw_vs_ref_std": 0.010068354247163576,
      "marginal_max_abs_hw_vs_ref_std": 0.004789391030569671,
      "topk_overlap_std": 0.04922022950166129,
      "freq_corr_hw_vs_ref_std": 0.00046661325461685223,
      "tvd_hw_vs_mps_std": 0.004535785030832677,
      "tvd_ref_vs_mps_std": 0.004030170609856005,
      "tvd_hw_vs_ref_std": 0.005707730277611416,
      "fidelity_hw_vs_mps_std": 0.0004992231816249365,
      "hellinger_hw_vs_mps_std": 0.002756903791275113,
      "marginal_L1_hw_vs_mps_std": 0.008876748473985582,
      "marginal_max_abs_hw_vs_mps_std": 0.0037764672390484173,
      "n_boots": 300,
      "bootstrap_resamples": 300
    },
    {
      "seed": 1,
      "transpile_seed": 1,
      "marginal_L1_hw_vs_ref": 0.028819583333333332,
      "marginal_max_abs_hw_vs_ref": 0.010646250000000001,