{
  "shots": 8000,
  "marginal_L1_hw_vs_ref": 0.43730125,
  "marginal_max_abs_hw_vs_ref": 0.11875791666666669,
  "site_marginals_hw": [
    0.0625,
    0.0351,
    0.0284,
    0.0356,
    0.4366,
    0.1502,
    0.1796,
    0.4841
  ],
  "site_marginals_ref": [
    0.0426,
    0.0162,
    0.0,
    0.0039,
    0.4771,
    0.0485,
    0.06,
    0.4055
  ],
  "topk_k": 10,
  "topk_overlap": 0.7427333333333335,
  "freq_corr_hw_vs_ref": 0.9821238703831913,
  "tvd_hw_vs_mps": 0.2438877998433226,
  "tvd_ref_vs_mps": 0.0200051413983968,
  "tvd_hw_vs_ref": 0.24498583333333332,
  "fidelity_hw_vs_mps": 0.8406785456868404,
  "hellinger_hw_vs_mps": 0.2882760032295786,
  "mc_noise_scale": 0.08944271909999159,
  "marginal_L1_hw_vs_mps": 0.4396270030139716,
  "marginal_max_abs_hw_vs_mps": 0.11775747230129045,
  "site_marginals_mps": [
    0.042,
    0.0176,
    0.0,
    0.0058,
    0.4822,
    0.0456,
    0.0612,
    0.4077
  ],
  "seed": 0,
  "transpile_seed": 2.0,
  "executed_depth": 779.8,
  "executed_2q_gates": 201,
  "seconds": 4.606840839000142,
  "marginal_L1_hw_vs_ref_std": 0.016737987399208464,
  "marginal_max_abs_hw_vs_ref_std": 0.005037250834223005,
  "topk_overlap_std": 0.05001978352573464,
  "freq_corr_hw_vs_ref_std": 0.0021670585116247477,
  "tvd_hw_vs_mps_std": 0.0051685885657677165,
  "tvd_ref_vs_mps_std": 0.004005419407763364,
  "tvd_hw_vs_ref_std": 0.005946026493588263,
  "fidelity_hw_vs_mps_std": 0.0040133138541797,
  "hellinger_hw_vs_mps_std": 0.003796247973927398,
  "marginal_L1_hw_vs_mps_std": 0.01267256963889608,
  "marginal_max_abs_hw_vs_mps_std": 0.004277750311186529,
  "transpile_seed_std": 1.5811388300841898,
  "executed_depth_std": 0.44721359549995804,
  "executed_2q_gates_std": 0.0,
  "n_seeds": 5,
  "seeds": [
    0,
    1,
    2,
    3,
    4
  ],
  "per_seed": [
    {
      "seed": 0,
      "marginal_L1_hw_vs_ref": 0.439375,
      "marginal_max_abs_hw_vs_ref": 0.11962500000000001,
      "topk_overlap": 0.7,
      "freq_corr_hw_vs_ref": 0.9828209186672171,
      "tvd_hw_vs_mps": 0.2427549777044856,
      "tvd_ref_vs_mps": 0.014058310507007371,
      "tvd_hw_vs_ref": 0.24212499999999998,
      "fidelity_hw_vs_mps": 0.842014029056948,
      "hellinger_hw_vs_mps": 0.28703096678321505,
      "marginal_L1_hw_vs_mps": 0.4413000863473049,
      "marginal_max_abs_hw_vs_mps": 0.11845295593568914,
      "transpile_seed": 0,
      "executed_depth": 780,
      "executed_2q_gates": 201
    },
    {
      "seed": 1,
      "marginal_L1_hw_vs_ref": 0.432125,
      "marginal_max_abs_hw_vs_ref": 0.11612499999999999,
      "topk_overlap": 0.8,
      "freq_corr_hw_vs_ref": 0.9817406077835831,
      "tvd_hw_vs_mps": 0.24409405505118015,
      "tvd_ref_vs_mps": 0.013982456020072639,
      "tvd_hw_vs_ref": 0.24424999999999997,
      "fidelity_hw_vs_mps": 0.8404862140184336,
      "hellinger_hw_vs_mps": 0.28847815842467556,
      "marginal_L1_hw_vs_mps": 0.4343000863473049,
      "marginal_max_abs_hw_vs_mps": 0.11507795593568912,
      "transpile_seed": 1,
      "executed_depth": 779,
      "executed_2q_gates": 201
    },
    {
      "seed": 2,
      "marginal_L1_hw_vs_ref": 0.43912499999999993,
      "marginal_max_abs_hw_vs_ref": 0.11950000000000001,
      "topk_overlap": 0.7,
      "freq_corr_hw_vs_ref": 0.9828356113922514,
      "tvd_hw_vs_mps": 0.2427549777044856,
      "tvd_ref_vs_mps": 0.013857456020072646,
      "tvd_hw_vs_ref": 0.24199999999999997,
      "fidelity_hw_vs_mps": 0.8420259105442277,
      "hellinger_hw_vs_mps": 0.28701968885311213,
      "marginal_L1_hw_vs_mps": 0.4410500863473048,
      "marginal_max_abs_hw_vs_mps": 0.11845295593568914,
      "transpile_seed": 2,
      "executed_depth": 780,
      "executed_2q_gates": 201
    },
    {
      "seed": 3,
      "marginal_L1_hw_vs_ref": 0.43875000000000003,
      "marginal_max_abs_hw_vs_ref": 0.119375,
      "topk_overlap": 0.7,
      "freq_corr_hw_vs_ref": 0.9828652956902884,
      "tvd_hw_vs_mps": 0.24262997770448558,
      "tvd_ref_vs_mps": 0.01385745602007266,
      "tvd_hw_vs_ref": 0.241875,
      "fidelity_hw_vs_mps": 0.8421684504530932,
      "hellinger_hw_vs_mps": 0.2868843613449078,
      "marginal_L1_hw_vs_mps": 0.4405500863473048,
      "marginal_max_abs_hw_vs_mps": 0.11832795593568912,
      "transpile_seed": 3,
      "executed_depth": 780,
      "executed_2q_gates": 201
    },
    {
      "seed": 4,
      "marginal_L1_hw_vs_ref": 0.43875,
      "marginal_max_abs_hw_vs_ref": 0.119375,
      "topk_overlap": 0.7,
      "freq_corr_hw_vs_ref": 0.9828310638114259,
      "tvd_hw_vs_mps": 0.24262997770448558,
      "tvd_ref_vs_mps": 0.013857456020072646,
      "tvd_hw_vs_ref": 0.24187499999999995,
      "fidelity_hw_vs_mps": 0.8421576736081865,
      "hellinger_hw_vs_mps": 0.2868945947207939,
      "marginal_L1_hw_vs_mps": 0.44067508634730485,
      "marginal_max_abs_hw_vs_mps": 0.11832795593568912,
      "transpile_seed": 4,
      "executed_depth": 780,
      "executed_2q_gates": 201
    }
  ],
  "fidelity_hw_vs_mps_std_seed": 0.0006199418443579506,
  "fidelity_hw_vs_mps_std_bootstrap": 0.003965143150223556,
  "fidelity_hw_vs_mps_std_total": 0.0040133138541797,
  "freq_corr_hw_vs_ref_std_seed": 0.0005342860726028697,
  "freq_corr_hw_vs_ref_std_bootstrap": 0.002100162133128742,
  "freq_corr_hw_vs_ref_std_total": 0.0021670585116247477,
  "hellinger_hw_vs_mps_std_seed": 0.000586365070859043,
  "hellinger_hw_vs_mps_std_bootstrap": 0.0037506898943026924,
  "hellinger_hw_vs_mps_std_total": 0.003796247973927398,
  "marginal_L1_hw_vs_mps_std_seed": 0.0028451090403337214,
  "marginal_L1_hw_vs_mps_std_bootstrap": 0.012349063762135251,
  "marginal_L1_hw_vs_mps_std_total": 0.01267256963889608,
  "marginal_L1_hw_vs_ref_std_seed": 0.0033848115997751234,
  "marginal_L1_hw_vs_ref_std_bootstrap": 0.016392171076769824,
  "marginal_L1_hw_vs_ref_std_total": 0.016737987399208464,
  "marginal_max_abs_hw_vs_mps_std_seed": 0.0013541030839509171,
  "marginal_max_abs_hw_vs_mps_std_bootstrap": 0.004057776800526498,
  "marginal_max_abs_hw_vs_mps_std_total": 0.004277750311186529,
  "marginal_max_abs_hw_vs_ref_std_seed": 0.0013870501022353572,
  "marginal_max_abs_hw_vs_ref_std_bootstrap": 0.004842518764111218,
  "marginal_max_abs_hw_vs_ref_std_total": 0.005037250834223005,
  "topk_overlap_std_seed": 0.012975190000749669,
  "topk_overlap_std_bootstrap": 0.048307589345834685,
  "topk_overlap_std_total": 0.05001978352573464,
  "tvd_hw_vs_mps_std_seed": 0.0005044962080886953,
  "tvd_hw_vs_mps_std_bootstrap": 0.0051439081774667115,
  "tvd_hw_vs_mps_std_total": 0.0051685885657677165,
  "tvd_hw_vs_ref_std_seed": 0.0008564861799170325,
  "tvd_hw_vs_ref_std_bootstrap": 0.005884017546376342,
  "tvd_hw_vs_ref_std_total": 0.005946026493588263,
  "tvd_ref_vs_mps_std_seed": 0.00010888797216494172,
  "tvd_ref_vs_mps_std_bootstrap": 0.004003939065670858,
  "tvd_ref_vs_mps_std_total": 0.004005419407763364,
  "n_boots": 300,
  "per_seed_bootstrap": [
    {
      "seed": 0,
      "transpile_seed": 0,
      "marginal_L1_hw_vs_ref": 0.43898625,
      "marginal_max_abs_hw_vs_ref": 0.11933916666666666,
      "topk_overlap": 0.743,
      "freq_corr_hw_vs_ref": 0.9823281960134513,
      "tvd_hw_vs_mps": 0.24337815468027066,
      "tvd_ref_vs_mps": 0.02003914551408108,
      "tvd_hw_vs_ref": 0.24430291666666668,
      "fidelity_hw_vs_mps": 0.8411829205086474,
      "hellinger_hw_vs_mps": 0.2877991797567178,
      "marginal_L1_hw_vs_mps": 0.4410980030139715,
      "marginal_max_abs_hw_vs_mps": 0.11808758830617487,
      "marginal_L1_hw_vs_ref_std": 0.01715570503959305,
      "marginal_max_abs_hw_vs_ref_std": 0.005031159943141057,
      "topk_overlap_std": 0.04959029465948674,
      "freq_corr_hw_vs_ref_std": 0.0021362468872815395,
      "tvd_hw_vs_mps_std": 0.005372341546224423,
      "tvd_ref_vs_mps_std": 0.004101354238066821,
      "tvd_hw_vs_ref_std": 0.006152717966147867,
      "fidelity_hw_vs_mps_std": 0.003947159367664961,
      "hellinger_hw_vs_mps_std": 0.003734687553543156,
      "marginal_L1_hw_vs_mps_std": 0.012868045164836413,