subset,n,p50,p90,p95,p99
train_normal,45793,5.870824,9.782889,11.296235,14.228587
val_normal,8081,5.741509,9.963873,11.537286,16.060794
test_normal,9711,5.732391,9.875225,13.635968,22.330281
