auc_roc,auc_pr
0.940973,0.932799
