{
  "shots": 1024,
  "marginal_L1_hw_vs_ref": 0.3179609374999999,
  "marginal_max_abs_hw_vs_ref": 0.06422656249999997,
  "site_marginals_hw": [
    0.5244,
    0.5127,
    0.3467,
    0.4492,
    0.502,
    0.4229,
    0.4912,
    0.498,
    0.4072,
    0.4111,
    0.4727,
    0.4785
  ],
  "site_marginals_ref": [
    0.5054,
    0.5014,
    0.2829,
    0.4784,
    0.4964,
    0.3586,
    0.4939,
    0.4739,
    0.3664,
    0.4011,
    0.4499,
    0.5029
  ],
  "topk_k": 10,
  "topk_overlap": 0.6,
  "freq_corr_hw_vs_ref": 0.6216710586218525,
  "tvd_hw_vs_mps": 0.6775604448319938,
  "tvd_ref_vs_mps": 0.10193325078875287,
  "tvd_hw_vs_ref": 0.6856484375,
  "fidelity_hw_vs_mps": 0.3254742931315536,
  "hellinger_hw_vs_mps": 0.6553597916508996,
  "mc_noise_scale": 1.0,
  "marginal_L1_hw_vs_mps": 0.304075443271134,
  "marginal_max_abs_hw_vs_mps": 0.06143620327543431,
  "site_marginals_mps": [
    0.5002,
    0.4981,
    0.2886,
    0.4802,
    0.495,
    0.3614,
    0.498,
    0.4842,
    0.3751,
    0.4058,
    0.4458,
    0.5013
  ],
  "backend": "fake:torino (133q, ruido de dispositivo real)",
  "variant": "no_reuse_isometry",
  "seconds": 13.039169912000034,
  "executed_depth": 1312,
  "executed_2q_gates": 375
}