{
  "shots": 8000,
  "marginal_L1_hw_vs_ref": 0.06862500000000005,
  "marginal_max_abs_hw_vs_ref": 0.012500000000000011,
  "site_marginals_hw": [
    0.5034,
    0.4995,
    0.2854,
    0.4722,
    0.4905,
    0.3639,
    0.4955,
    0.4814,
    0.3729,
    0.4049,
    0.4452,
    0.5061
  ],
  "site_marginals_ref": [
    0.4991,
    0.4926,
    0.295,
    0.4779,
    0.4944,
    0.3595,
    0.4936,
    0.4939,
    0.3815,
    0.4122,
    0.4468,
    0.5082
  ],
  "topk_k": 10,
  "topk_overlap": 0.9,
  "freq_corr_hw_vs_ref": 0.9840133497754896,
  "tvd_hw_vs_mps": 0.0932000096684269,
  "tvd_ref_vs_mps": 0.09318195178812909,
  "tvd_hw_vs_ref": 0.127625,
  "fidelity_hw_vs_mps": 0.9487507430853257,
  "hellinger_hw_vs_mps": 0.1611261357303777,
  "mc_noise_scale": 0.35777087639996635,
  "marginal_L1_hw_vs_mps": 0.036524462236452004,
  "marginal_max_abs_hw_vs_mps": 0.007988632274176732,
  "site_marginals_mps": [
    0.5002,
    0.4981,
    0.2886,
    0.4802,
    0.495,
    0.3614,
    0.498,
    0.4842,
    0.3751,
    0.4058,
    0.4458,
    0.5013
  ],
  "backend": "Aer ideal (referencia)",
  "variant": "no_reuse_isometry",
  "seconds": 0.1328992170001584
}