{
  "shots": 8000,
  "marginal_L1_hw_vs_ref": 0.06824999999999998,
  "marginal_max_abs_hw_vs_ref": 0.022875000000000034,
  "site_marginals_hw": [
    0.4968,
    0.4928,
    0.5022,
    0.5099,
    0.485,
    0.4871
  ],
  "site_marginals_ref": [
    0.5054,
    0.4939,
    0.4902,
    0.4916,
    0.4904,
    0.51
  ],
  "topk_k": 10,
  "topk_overlap": 1.0,
  "freq_corr_hw_vs_ref": 0.99220844198475,
  "tvd_hw_vs_mps": 0.029950550565965482,
  "tvd_ref_vs_mps": 0.032569115637040694,
  "tvd_hw_vs_ref": 0.050125,
  "fidelity_hw_vs_mps": 0.9982106183145472,
  "hellinger_hw_vs_mps": 0.029918078766304267,
  "mc_noise_scale": 0.044721359549995794,
  "marginal_L1_hw_vs_mps": 0.037571042785338016,
  "marginal_max_abs_hw_vs_mps": 0.012695750883183698,
  "site_marginals_mps": [
    0.4994,
    0.4978,
    0.4973,
    0.4988,
    0.4838,
    0.4998
  ],
  "backend": "Aer ideal (referencia)",
  "variant": "no_reuse_isometry",
  "seconds": 0.0687196450000016
}