{
  "shots": 1024,
  "marginal_L1_hw_vs_ref": 0.06287500000000001,
  "marginal_max_abs_hw_vs_ref": 0.028664062499999976,
  "site_marginals_hw": [
    0.4902,
    0.4785,
    0.4785,
    0.499,
    0.5088,
    0.5
  ],
  "site_marginals_ref": [
    0.4914,
    0.4959,
    0.4926,
    0.4995,
    0.4801,
    0.5011
  ],
  "topk_k": 10,
  "topk_overlap": 0.9,
  "freq_corr_hw_vs_ref": 0.9395908724083843,
  "tvd_hw_vs_mps": 0.22320735943803657,
  "tvd_ref_vs_mps": 0.025509700725160123,
  "tvd_hw_vs_ref": 0.22736718749999998,
  "fidelity_hw_vs_mps": 0.8885181217535838,
  "hellinger_hw_vs_mps": 0.23955710779071326,
  "mc_noise_scale": 0.125,
  "marginal_L1_hw_vs_mps": 0.07257596820699985,
  "marginal_max_abs_hw_vs_mps": 0.02495768585845992,
  "site_marginals_mps": [
    0.4994,
    0.4978,
    0.4973,
    0.4988,
    0.4838,
    0.4998
  ],
  "backend": "fake:torino (133q, ruido de dispositivo real)",
  "variant": "no_reuse_isometry",
  "seconds": 3.166908750999994,
  "executed_depth": 485,
  "executed_2q_gates": 133
}