{
  "shots": 8000,
  "marginal_L1_hw_vs_ref": 0.05774999999999997,
  "marginal_max_abs_hw_vs_ref": 0.012375000000000025,
  "site_marginals_hw": [
    0.5041,
    0.4924,
    0.4958,
    0.507,
    0.5025,
    0.475,
    0.4436,
    0.5039
  ],
  "site_marginals_ref": [
    0.4959,
    0.5042,
    0.4834,
    0.5012,
    0.4968,
    0.484,
    0.4428,
    0.5
  ],
  "topk_k": 10,
  "topk_overlap": 1.0,
  "freq_corr_hw_vs_ref": 0.9928603126032925,
  "tvd_hw_vs_mps": 0.044859997216364564,
  "tvd_ref_vs_mps": 0.04645319896912508,
  "tvd_hw_vs_ref": 0.064625,
  "fidelity_hw_vs_mps": 0.9919060095190501,
  "hellinger_hw_vs_mps": 0.06368059072834237,
  "mc_noise_scale": 0.08944271909999159,
  "marginal_L1_hw_vs_mps": 0.051142774079511955,
  "marginal_max_abs_hw_vs_mps": 0.01253238930654521,
  "site_marginals_mps": [
    0.4993,
    0.4973,
    0.4832,
    0.4977,
    0.4991,
    0.4844,
    0.4462,
    0.4997
  ],
  "backend": "Aer ideal (referencia)",
  "variant": "no_reuse_isometry",
  "seconds": 0.08489030199999092
}