{
  "shots": 8000,
  "marginal_L1_hw_vs_ref": 0.02999999999999997,
  "marginal_max_abs_hw_vs_ref": 0.014624999999999999,
  "site_marginals_hw": [
    0.495,
    0.5146,
    0.5004,
    0.5016,
    0.4808,
    0.5015
  ],
  "site_marginals_ref": [
    0.4981,
    0.5095,
    0.4858,
    0.5022,
    0.4762,
    0.4995
  ],
  "topk_k": 10,
  "topk_overlap": 0.9,
  "freq_corr_hw_vs_ref": 0.9951595965232034,
  "tvd_hw_vs_mps": 0.03430520611249739,
  "tvd_ref_vs_mps": 0.0333933612373376,
  "tvd_hw_vs_ref": 0.04187500000000001,
  "fidelity_hw_vs_mps": 0.9975895776952294,
  "hellinger_hw_vs_mps": 0.03472662229431698,
  "mc_noise_scale": 0.044721359549995794,
  "marginal_L1_hw_vs_mps": 0.031958164569547476,
  "marginal_max_abs_hw_vs_mps": 0.016870435133748307,
  "site_marginals_mps": [
    0.4994,
    0.4978,
    0.4973,
    0.4988,
    0.4838,
    0.4998
  ],
  "backend": "Aer ideal (referencia)",
  "variant": "no_reuse_isometry",
  "seconds": 0.06824286299979576
}