{
  "shots": 1024,
  "marginal_L1_hw_vs_ref": 0.11790624999999988,
  "marginal_max_abs_hw_vs_ref": 0.027195312500000013,
  "site_marginals_hw": [
    0.4717,
    0.5049,
    0.4795,
    0.5127,
    0.4648,
    0.4883
  ],
  "site_marginals_ref": [
    0.4989,
    0.4909,
    0.5015,
    0.4932,
    0.4865,
    0.5019
  ],
  "topk_k": 10,
  "topk_overlap": 0.9,
  "freq_corr_hw_vs_ref": 0.94188756923515,
  "tvd_hw_vs_mps": 0.22433327662591335,
  "tvd_ref_vs_mps": 0.027651911008616144,
  "tvd_hw_vs_ref": 0.22617187500000002,
  "fidelity_hw_vs_mps": 0.8875308754936851,
  "hellinger_hw_vs_mps": 0.240647935916989,
  "mc_noise_scale": 0.125,
  "marginal_L1_hw_vs_mps": 0.09710546852394397,
  "marginal_max_abs_hw_vs_mps": 0.02771723201195858,
  "site_marginals_mps": [
    0.4994,
    0.4978,
    0.4973,
    0.4988,
    0.4838,
    0.4998
  ],
  "backend": "fake:torino (133q, ruido de dispositivo real)",
  "variant": "no_reuse_isometry",
  "seconds": 3.1768899409998994,
  "executed_depth": 471,
  "executed_2q_gates": 130
}