{
  "shots": 1024,
  "marginal_L1_hw_vs_ref": 0.11257812500000008,
  "marginal_max_abs_hw_vs_ref": 0.03619531250000002,
  "site_marginals_hw": [
    0.5059,
    0.5234,
    0.4775,
    0.5283
  ],
  "site_marginals_ref": [
    0.4936,
    0.4911,
    0.5094,
    0.4921
  ],
  "topk_k": 10,
  "topk_overlap": 1.0,
  "freq_corr_hw_vs_ref": 0.9742687556522328,
  "tvd_hw_vs_mps": 0.07009348640065854,
  "tvd_ref_vs_mps": 0.016268459097569035,
  "tvd_hw_vs_ref": 0.079078125,
  "fidelity_hw_vs_mps": 0.9877696657909424,
  "hellinger_hw_vs_mps": 0.07831972905725088,
  "mc_noise_scale": 0.0625,
  "marginal_L1_hw_vs_mps": 0.07930354213764135,
  "marginal_max_abs_hw_vs_mps": 0.027341164755257052,
  "site_marginals_mps": [
    0.4998,
    0.499,
    0.499,
    0.501
  ],
  "backend": "fake:torino (133q, ruido de dispositivo real)",
  "variant": "no_reuse_isometry",
  "seconds": 3.6102685980000047,
  "executed_depth": 147,
  "executed_2q_gates": 37
}