{
  "shots": 8000,
  "marginal_L1_hw_vs_ref": 0.015625,
  "marginal_max_abs_hw_vs_ref": 0.005874999999999964,
  "site_marginals_hw": [
    0.5026,
    0.4956,
    0.4971,
    0.4964
  ],
  "site_marginals_ref": [
    0.5,
    0.5004,
    0.4995,
    0.5022
  ],
  "topk_k": 10,
  "topk_overlap": 1.0,
  "freq_corr_hw_vs_ref": 0.9991299503769671,
  "tvd_hw_vs_mps": 0.013464308375787642,
  "tvd_ref_vs_mps": 0.013809442659303412,
  "tvd_hw_vs_ref": 0.014624999999999992,
  "fidelity_hw_vs_mps": 0.9995713433660941,
  "hellinger_hw_vs_mps": 0.014640740766462667,
  "mc_noise_scale": 0.022360679774997897,
  "marginal_L1_hw_vs_mps": 0.012677320175980833,
  "marginal_max_abs_hw_vs_mps": 0.004604147744742937,
  "site_marginals_mps": [
    0.4998,
    0.499,
    0.499,
    0.501
  ],
  "backend": "Aer ideal (referencia)",
  "variant": "no_reuse_isometry",
  "seconds": 0.049531079999994176
}