{
  "shots": 1024,
  "marginal_L1_hw_vs_ref": 0.11536718750000002,
  "marginal_max_abs_hw_vs_ref": 0.05338281249999999,
  "site_marginals_hw": [
    0.5107,
    0.5186,
    0.4883,
    0.5117,
    0.4697,
    0.4785,
    0.5049,
    0.5146
  ],
  "site_marginals_ref": [
    0.5055,
    0.5079,
    0.4831,
    0.4972,
    0.4891,
    0.4726,
    0.4515,
    0.5135
  ],
  "topk_k": 10,
  "topk_overlap": 0.8,
  "freq_corr_hw_vs_ref": 0.8443360245011547,
  "tvd_hw_vs_mps": 0.4217373308202443,
  "tvd_ref_vs_mps": 0.05199451923152043,
  "tvd_hw_vs_ref": 0.4254375,
  "fidelity_hw_vs_mps": 0.6919907377632674,
  "hellinger_hw_vs_mps": 0.41004901346555045,
  "mc_noise_scale": 0.25,
  "marginal_L1_hw_vs_mps": 0.16066643200253222,
  "marginal_max_abs_hw_vs_mps": 0.05868016648759278,
  "site_marginals_mps": [
    0.4993,
    0.4973,
    0.4832,
    0.4977,
    0.4991,
    0.4844,
    0.4462,
    0.4997
  ],
  "backend": "fake:torino (133q, ruido de dispositivo real)",
  "variant": "no_reuse_unitary",
  "seconds": 3.556008918000032,
  "executed_depth": 1085,
  "executed_2q_gates": 298
}