{
  "shots": 8000,
  "marginal_L1_hw_vs_ref": 0.029874999999999985,
  "marginal_max_abs_hw_vs_ref": 0.014624999999999999,
  "site_marginals_hw": [
    0.5044,
    0.5024,
    0.4832,
    0.4995,
    0.5079,
    0.4836,
    0.4468,
    0.4972
  ],
  "site_marginals_ref": [
    0.4898,
    0.497,
    0.4838,
    0.4972,
    0.5059,
    0.4814,
    0.444,
    0.4974
  ],
  "topk_k": 10,
  "topk_overlap": 0.9,
  "freq_corr_hw_vs_ref": 0.9965026729437503,
  "tvd_hw_vs_mps": 0.03928706026669875,
  "tvd_ref_vs_mps": 0.040028709039298026,
  "tvd_hw_vs_ref": 0.051625,
  "fidelity_hw_vs_mps": 0.9924926304775282,
  "hellinger_hw_vs_mps": 0.06132500636450863,
  "mc_noise_scale": 0.08944271909999159,
  "marginal_L1_hw_vs_mps": 0.024615460771978237,
  "marginal_max_abs_hw_vs_mps": 0.008787919868672334,
  "site_marginals_mps": [
    0.4993,
    0.4973,
    0.4832,
    0.4977,
    0.4991,
    0.4844,
    0.4462,
    0.4997
  ],
  "backend": "Aer ideal (referencia)",
  "variant": "no_reuse_isometry",
  "seconds": 0.0789199280000048
}