{
  "shots": 8000,
  "marginal_L1_hw_vs_ref": 0.05674999999999991,
  "marginal_max_abs_hw_vs_ref": 0.014375000000000027,
  "site_marginals_hw": [
    0.5095,
    0.5025,
    0.4718,
    0.487,
    0.4978,
    0.4892,
    0.4474,
    0.4988
  ],
  "site_marginals_ref": [
    0.4956,
    0.4986,
    0.48,
    0.5014,
    0.5052,
    0.4909,
    0.4454,
    0.4935
  ],
  "topk_k": 10,
  "topk_overlap": 1.0,
  "freq_corr_hw_vs_ref": 0.9929759845583976,
  "tvd_hw_vs_mps": 0.044334600083747025,
  "tvd_ref_vs_mps": 0.048451186267936444,
  "tvd_hw_vs_ref": 0.06362500000000001,
  "fidelity_hw_vs_mps": 0.9912480801892798,
  "hellinger_hw_vs_mps": 0.06622368568859124,
  "mc_noise_scale": 0.08944271909999159,
  "marginal_L1_hw_vs_mps": 0.04596671322744722,
  "marginal_max_abs_hw_vs_mps": 0.01146761069345481,
  "site_marginals_mps": [
    0.4993,
    0.4973,
    0.4832,
    0.4977,
    0.4991,
    0.4844,
    0.4462,
    0.4997
  ],
  "backend": "Aer ideal (referencia)",
  "variant": "reuse_isometry",
  "seconds": 0.10402920799998583
}