{
  "shots": 1024,
  "marginal_L1_hw_vs_ref": 0.18239843749999995,
  "marginal_max_abs_hw_vs_ref": 0.04221874999999997,
  "site_marginals_hw": [
    0.4697,
    0.4834,
    0.4736,
    0.4961,
    0.4746,
    0.4795,
    0.4893,
    0.543
  ],
  "site_marginals_ref": [
    0.506,
    0.502,
    0.4904,
    0.5029,
    0.4971,
    0.4842,
    0.4548,
    0.5008
  ],
  "topk_k": 10,
  "topk_overlap": 0.8,
  "freq_corr_hw_vs_ref": 0.9282223891351408,
  "tvd_hw_vs_mps": 0.2868630155325755,
  "tvd_ref_vs_mps": 0.0457741440255199,
  "tvd_hw_vs_ref": 0.2872734375,
  "fidelity_hw_vs_mps": 0.8317840460370434,
  "hellinger_hw_vs_mps": 0.2966109323677958,
  "mc_noise_scale": 0.25,
  "marginal_L1_hw_vs_mps": 0.17028478141196896,
  "marginal_max_abs_hw_vs_mps": 0.04323918673394933,
  "site_marginals_mps": [
    0.4993,
    0.4973,
    0.4832,
    0.4977,
    0.4991,
    0.4844,
    0.4462,
    0.4997
  ],
  "backend": "fake:torino (133q, ruido de dispositivo real)",
  "variant": "reuse_isometry",
  "seconds": 3.2010453629999915,
  "executed_depth": 797,
  "executed_2q_gates": 201
}