{
  "shots": 1024,
  "marginal_L1_hw_vs_ref": 0.21010937499999988,
  "marginal_max_abs_hw_vs_ref": 0.059429687499999995,
  "site_marginals_hw": [
    0.4863,
    0.4795,
    0.502,
    0.4756,
    0.4746,
    0.4727,
    0.5029,
    0.5459
  ],
  "site_marginals_ref": [
    0.4974,
    0.4886,
    0.4885,
    0.5055,
    0.5005,
    0.488,
    0.4435,
    0.5
  ],
  "topk_k": 10,
  "topk_overlap": 0.8,
  "freq_corr_hw_vs_ref": 0.8986302330495285,
  "tvd_hw_vs_mps": 0.3512145770866595,
  "tvd_ref_vs_mps": 0.049007714213983755,
  "tvd_hw_vs_ref": 0.35678124999999994,
  "fidelity_hw_vs_mps": 0.7681511358461797,
  "hellinger_hw_vs_mps": 0.3515077275586208,
  "mc_noise_scale": 0.25,
  "marginal_L1_hw_vs_mps": 0.21068549752505933,
  "marginal_max_abs_hw_vs_mps": 0.05672704148759278,
  "site_marginals_mps": [
    0.4993,
    0.4973,
    0.4832,
    0.4977,
    0.4991,
    0.4844,
    0.4462,
    0.4997
  ],
  "backend": "fake:torino (133q, ruido de dispositivo real)",
  "variant": "no_reuse_isometry",
  "seconds": 3.4755118530000004,
  "executed_depth": 750,
  "executed_2q_gates": 206
}