{
  "shots": 1024,
  "marginal_L1_hw_vs_ref": 0.10168749999999999,
  "marginal_max_abs_hw_vs_ref": 0.021851562499999977,
  "site_marginals_hw": [
    0.5156,
    0.4941,
    0.4795,
    0.498,
    0.5088,
    0.501,
    0.4346,
    0.4922
  ],
  "site_marginals_ref": [
    0.5112,
    0.5076,
    0.4739,
    0.5046,
    0.49,
    0.4791,
    0.4508,
    0.507
  ],
  "topk_k": 10,
  "topk_overlap": 0.7,
  "freq_corr_hw_vs_ref": 0.8572800281288934,
  "tvd_hw_vs_mps": 0.19395814589924698,
  "tvd_ref_vs_mps": 0.059943602962032785,
  "tvd_hw_vs_ref": 0.2069375,
  "fidelity_hw_vs_mps": 0.9181060625270657,
  "hellinger_hw_vs_mps": 0.2045030247436969,
  "mc_noise_scale": 0.25,
  "marginal_L1_hw_vs_mps": 0.07602788850668152,
  "marginal_max_abs_hw_vs_mps": 0.019794983382914355,
  "site_marginals_mps": [
    0.4996,
    0.5009,
    0.4825,
    0.4972,
    0.4993,
    0.4812,
    0.4463,
    0.5005
  ],
  "backend": "fake:torino (133q, ruido de dispositivo real)",
  "variant": "no_reuse_isometry",
  "seconds": 3.097287444000017,
  "executed_depth": 98,
  "executed_2q_gates": 29
}