{
  "shots": 8000,
  "marginal_L1_hw_vs_ref": 0.032125000000000126,
  "marginal_max_abs_hw_vs_ref": 0.0066250000000000475,
  "site_marginals_hw": [
    0.4956,
    0.494,
    0.4829,
    0.4985,
    0.4961,
    0.4864,
    0.4504,
    0.4976
  ],
  "site_marginals_ref": [
    0.491,
    0.4915,
    0.4804,
    0.4948,
    0.5028,
    0.4908,
    0.4471,
    0.5021
  ],
  "topk_k": 10,
  "topk_overlap": 0.7,
  "freq_corr_hw_vs_ref": 0.9762188315615496,
  "tvd_hw_vs_mps": 0.056184054557735154,
  "tvd_ref_vs_mps": 0.06439661392685203,
  "tvd_hw_vs_ref": 0.08725000000000002,
  "fidelity_hw_vs_mps": 0.9914136927209377,
  "hellinger_hw_vs_mps": 0.06559275113255772,
  "mc_noise_scale": 0.08944271909999159,
  "marginal_L1_hw_vs_mps": 0.027848094403937318,
  "marginal_max_abs_hw_vs_mps": 0.006876037450955552,
  "site_marginals_mps": [
    0.4996,
    0.5009,
    0.4825,
    0.4972,
    0.4993,
    0.4812,
    0.4463,
    0.5005
  ],
  "backend": "Aer ideal (referencia)",
  "variant": "no_reuse_isometry",
  "seconds": 0.05128513399998269
}