{
  "shots": 8000,
  "marginal_L1_hw_vs_ref": 0.10969683333333333,
  "marginal_max_abs_hw_vs_ref": 0.021855999999999997,
  "site_marginals_hw": [
    0.0489,
    0.0376,
    0.0142,
    0.0194,
    0.4835,
    0.0612,
    0.07,
    0.4182
  ],
  "site_marginals_ref": [
    0.0421,
    0.0195,
    0.0,
    0.0061,
    0.4852,
    0.0445,
    0.0585,
    0.4054
  ],
  "topk_k": 10,
  "topk_overlap": 0.9129333333333335,
  "freq_corr_hw_vs_ref": 0.9985849418186662,
  "tvd_hw_vs_mps": 0.08466267474773131,
  "tvd_ref_vs_mps": 0.02190274459920189,
  "tvd_hw_vs_ref": 0.08650916666666668,
  "fidelity_hw_vs_mps": 0.954572965363585,
  "hellinger_hw_vs_mps": 0.15139284543827797,
  "mc_noise_scale": 0.08944271909999159,
  "marginal_L1_hw_vs_mps": 0.10765279525895315,
  "marginal_max_abs_hw_vs_mps": 0.022163120260316926,
  "site_marginals_mps": [
    0.0415,
    0.0186,
    0.0,
    0.0057,
    0.4822,
    0.0479,
    0.0588,
    0.4061
  ],
  "seed": 0,
  "transpile_seed": 2.0,
  "executed_depth": 117.4,
  "executed_2q_gates": 32.6,
  "seconds": 4.811711239999568,
  "marginal_L1_hw_vs_ref_std": 0.013271117140664666,
  "marginal_max_abs_hw_vs_ref_std": 0.002621229598491993,
  "topk_overlap_std": 0.0754189593879034,
  "freq_corr_hw_vs_ref_std": 0.0006944731580441675,
  "tvd_hw_vs_mps_std": 0.007935834633760974,
  "tvd_ref_vs_mps_std": 0.004677968676968206,
  "tvd_hw_vs_ref_std": 0.006342108379313256,
  "fidelity_hw_vs_mps_std": 0.00491285770542562,
  "hellinger_hw_vs_mps_std": 0.008464359073599844,
  "marginal_L1_hw_vs_mps_std": 0.01556005056367234,
  "marginal_max_abs_hw_vs_mps_std": 0.0028032736331033326,
  "transpile_seed_std": 1.5811388300841898,
  "executed_depth_std": 9.555103348473004,
  "executed_2q_gates_std": 3.507135583350036,
  "n_seeds": 5,
  "seeds": [
    0,
    1,
    2,
    3,
    4
  ],
  "per_seed": [
    {
      "seed": 0,
      "marginal_L1_hw_vs_ref": 0.09525000000000006,
      "marginal_max_abs_hw_vs_ref": 0.018125,
      "topk_overlap": 1.0,
      "freq_corr_hw_vs_ref": 0.9987143318391749,
      "tvd_hw_vs_mps": 0.07358831394255878,
      "tvd_ref_vs_mps": 0.013467152583616823,
      "tvd_hw_vs_ref": 0.076125,
      "fidelity_hw_vs_mps": 0.9632885101493249,
      "hellinger_hw_vs_mps": 0.1361153068921069,
      "marginal_L1_hw_vs_mps": 0.09234479807954288,
      "marginal_max_abs_hw_vs_mps": 0.01899163432829979,
      "transpile_seed": 0,
      "executed_depth": 104,
      "executed_2q_gates": 29
    },
    {
      "seed": 1,
      "marginal_L1_hw_vs_ref": 0.10800000000000001,
      "marginal_max_abs_hw_vs_ref": 0.020000000000000004,
      "topk_overlap": 1.0,
      "freq_corr_hw_vs_ref": 0.9994575497534313,
      "tvd_hw_vs_mps": 0.09053179796773618,
      "tvd_ref_vs_mps": 0.020482022615648004,
      "tvd_hw_vs_ref": 0.08712500000000002,
      "fidelity_hw_vs_mps": 0.9519551560880541,
      "hellinger_hw_vs_mps": 0.15594264049000725,
      "marginal_L1_hw_vs_mps": 0.12634479807954288,
      "marginal_max_abs_hw_vs_mps": 0.022366634328299793,
      "transpile_seed": 1,
      "executed_depth": 126,
      "executed_2q_gates": 36
    },
    {
      "seed": 2,
      "marginal_L1_hw_vs_ref": 0.10700000000000001,
      "marginal_max_abs_hw_vs_ref": 0.02037499999999999,
      "topk_overlap": 0.8,
      "freq_corr_hw_vs_ref": 0.9991428505000425,
      "tvd_hw_vs_mps": 0.08268788179781499,
      "tvd_ref_vs_mps": 0.011444965154573524,
      "tvd_hw_vs_ref": 0.08312500000000003,
      "fidelity_hw_vs_mps": 0.9539620536203186,
      "hellinger_hw_vs_mps": 0.15261123699442808,
      "marginal_L1_hw_vs_mps": 0.10596979807954285,
      "marginal_max_abs_hw_vs_mps": 0.022814501625346366,
      "transpile_seed": 2,
      "executed_depth": 125,
      "executed_2q_gates": 36
    },
    {
      "seed": 3,
      "marginal_L1_hw_vs_ref": 0.09874999999999996,
      "marginal_max_abs_hw_vs_ref": 0.021125,
      "topk_overlap": 1.0,
      "freq_corr_hw_vs_ref": 0.9993702218168752,
      "tvd_hw_vs_mps": 0.08772182488965607,
      "tvd_ref_vs_mps": 0.017140725727124342,
      "tvd_hw_vs_ref": 0.08200000000000005,
      "fidelity_hw_vs_mps": 0.9547038793956097,
      "hellinger_hw_vs_mps": 0.15136216813817258,
      "marginal_L1_hw_vs_mps": 0.10553225506484626,
      "marginal_max_abs_hw_vs_mps": 0.023331387603104114,
      "transpile_seed": 3,
      "executed_depth": 121,
      "executed_2q_gates": 33
    },
    {
      "seed": 4,
      "marginal_L1_hw_vs_ref": 0.10875000000000001,
      "marginal_max_abs_hw_vs_ref": 0.020749999999999998,
      "topk_overlap": 0.9,
      "freq_corr_hw_vs_ref": 0.9989457554114659,
      "tvd_hw_vs_mps": 0.07694124944029951,
      "tvd_ref_vs_mps": 0.01741044203452681,
      "tvd_hw_vs_ref": 0.083375,
      "fidelity_hw_vs_mps": 0.9551704985028083,
      "hellinger_hw_vs_mps": 0.1505714281849673,
      "marginal_L1_hw_vs_mps": 0.09415725506484626,
      "marginal_max_abs_hw_vs_mps": 0.020624778639398926,
      "transpile_seed": 4,
      "executed_depth": 111,
      "executed_2q_gates": 29
    }
  ],
  "fidelity_hw_vs_mps_std_seed": 0.004309055320625424,
  "fidelity_hw_vs_mps_std_bootstrap": 0.002359706142202799,
  "fidelity_hw_vs_mps_std_total": 0.00491285770542562,
  "freq_corr_hw_vs_ref_std_seed": 0.0003089925957695509,
  "freq_corr_hw_vs_ref_std_bootstrap": 0.0006219457717546073,
  "freq_corr_hw_vs_ref_std_total": 0.0006944731580441675,
  "hellinger_hw_vs_mps_std_seed": 0.00746840758632644,
  "hellinger_hw_vs_mps_std_bootstrap": 0.003983498795196717,
  "hellinger_hw_vs_mps_std_total": 0.008464359073599844,
  "marginal_L1_hw_vs_mps_std_seed": 0.01285884636186168,
  "marginal_L1_hw_vs_mps_std_bootstrap": 0.008761577699597064,
  "marginal_L1_hw_vs_mps_std_total": 0.01556005056367234,
  "marginal_L1_hw_vs_ref_std_seed": 0.006709455137828092,
  "marginal_L1_hw_vs_ref_std_bootstrap": 0.011450142440804643,
  "marginal_L1_hw_vs_ref_std_total": 0.013271117140664666,
  "marginal_max_abs_hw_vs_mps_std_seed": 0.0019442364415545913,
  "marginal_max_abs_hw_vs_mps_std_bootstrap": 0.0020194770910766722,
  "marginal_max_abs_hw_vs_mps_std_total": 0.0028032736331033326,
  "marginal_max_abs_hw_vs_ref_std_seed": 0.0008316140911070346,
  "marginal_max_abs_hw_vs_ref_std_bootstrap": 0.0024858122639255594,
  "marginal_max_abs_hw_vs_ref_std_total": 0.002621229598491993,
  "topk_overlap_std_seed": 0.05506531475338078,
  "topk_overlap_std_bootstrap": 0.05153475086061179,
  "topk_overlap_std_total": 0.0754189593879034,
  "tvd_hw_vs_mps_std_seed": 0.006805799430432593,
  "tvd_hw_vs_mps_std_bootstrap": 0.004081490591331011,
  "tvd_hw_vs_mps_std_total": 0.007935834633760974,
  "tvd_hw_vs_ref_std_seed": 0.0037181089783652117,
  "tvd_hw_vs_ref_std_bootstrap": 0.005137898823444796,
  "tvd_hw_vs_ref_std_total": 0.006342108379313256,
  "tvd_ref_vs_mps_std_seed": 0.002355648029264315,
  "tvd_ref_vs_mps_std_bootstrap": 0.0040415731225500314,
  "tvd_ref_vs_mps_std_total": 0.004677968676968206,
  "n_boots": 300,
  "per_seed_bootstrap": [
    {
      "seed": 0,
      "transpile_seed": 0,
      "marginal_L1_hw_vs_ref": 0.10024166666666666,
      "marginal_max_abs_hw_vs_ref": 0.020441666666666664,
      "topk_overlap": 0.9656666666666667,
      "freq_corr_hw_vs_ref": 0.998167500363536,
      "tvd_hw_vs_mps": 0.07593609134660541,
      "tvd_ref_vs_mps": 0.020387869394525197,
      "tvd_hw_vs_ref": 0.08067083333333334,
      "fidelity_hw_vs_mps": 0.9619246424369113,
      "hellinger_hw_vs_mps": 0.1385898936078478,
      "marginal_L1_hw_vs_mps": 0.09543914227154221,
      "marginal_max_abs_hw_vs_mps": 0.019173725499014974,
      "marginal_L1_hw_vs_ref_std": 0.012357588987101646,
      "marginal_max_abs_hw_vs_ref_std": 0.0031754758507165225,
      "topk_overlap_std": 0.04756149572016583,
      "freq_corr_hw_vs_ref_std": 0.0008430061064751768,
      "tvd_hw_vs_mps_std": 0.004290465726118713,
      "tvd_ref_vs_mps_std": 0.004134094867516325,
      "tvd_hw_vs_ref_std": 0.005764612026111924,
      "fidelity_hw_vs_mps_std": 0.0021699098531906646,