{
  "shots": 8000,
  "marginal_L1_hw_vs_ref": 0.029878416666666668,
  "marginal_max_abs_hw_vs_ref": 0.011374916666666669,
  "site_marginals_hw": [
    0.0402,
    0.0174,
    0.0,
    0.006,
    0.4784,
    0.0478,
    0.0586,
    0.4051
  ],
  "site_marginals_ref": [
    0.0421,
    0.0195,
    0.0,
    0.0061,
    0.4852,
    0.0445,
    0.0585,
    0.4054
  ],
  "topk_k": 10,
  "topk_overlap": 0.9464666666666666,
  "freq_corr_hw_vs_ref": 0.9991270580610742,
  "tvd_hw_vs_mps": 0.020298618668674228,
  "tvd_ref_vs_mps": 0.02163654979991516,
  "tvd_hw_vs_ref": 0.029024583333333336,
  "fidelity_hw_vs_mps": 0.995691992942844,
  "hellinger_hw_vs_mps": 0.04630787485467575,
  "mc_noise_scale": 0.08944271909999159,
  "marginal_L1_hw_vs_mps": 0.021212762652979743,
  "marginal_max_abs_hw_vs_mps": 0.008018758322411777,
  "site_marginals_mps": [
    0.0415,
    0.0186,
    0.0,
    0.0057,
    0.4822,
    0.0479,
    0.0588,
    0.4061
  ],
  "seed": 0,
  "transpile_seed": 2.0,
  "seconds": 0.06203287700009241,
  "marginal_L1_hw_vs_ref_std": 0.010605015570488974,
  "marginal_max_abs_hw_vs_ref_std": 0.005228046595732371,
  "topk_overlap_std": 0.05100563466661634,
  "freq_corr_hw_vs_ref_std": 0.000533769460577043,
  "tvd_hw_vs_mps_std": 0.004652999767417482,
  "tvd_ref_vs_mps_std": 0.004761391073854082,
  "tvd_hw_vs_ref_std": 0.005928454606451166,
  "fidelity_hw_vs_mps_std": 0.0006518123492000649,
  "hellinger_hw_vs_mps_std": 0.00353102954034328,
  "marginal_L1_hw_vs_mps_std": 0.008058962784058907,
  "marginal_max_abs_hw_vs_mps_std": 0.003720385763528917,
  "transpile_seed_std": 1.5811388300841898,
  "n_seeds": 5,
  "seeds": [
    0,
    1,
    2,
    3,
    4
  ],
  "per_seed": [
    {
      "seed": 0,
      "marginal_L1_hw_vs_ref": 0.014624999999999989,
      "marginal_max_abs_hw_vs_ref": 0.00687500000000002,
      "topk_overlap": 1.0,
      "freq_corr_hw_vs_ref": 0.9995278316857715,
      "tvd_hw_vs_mps": 0.00981228776447066,
      "tvd_ref_vs_mps": 0.013467152583616823,
      "tvd_hw_vs_ref": 0.018624999999999996,
      "fidelity_hw_vs_mps": 0.9978482528138395,
      "hellinger_hw_vs_mps": 0.03280934270260618,
      "marginal_L1_hw_vs_mps": 0.007942977126665333,
      "marginal_max_abs_hw_vs_mps": 0.0037812284926517226,
      "transpile_seed": 0
    },
    {
      "seed": 1,
      "marginal_L1_hw_vs_ref": 0.019624999999999962,
      "marginal_max_abs_hw_vs_ref": 0.00824999999999998,
      "topk_overlap": 1.0,
      "freq_corr_hw_vs_ref": 0.9995446663049781,
      "tvd_hw_vs_mps": 0.017087575741141076,
      "tvd_ref_vs_mps": 0.020482022615648004,
      "tvd_hw_vs_ref": 0.020874999999999998,
      "fidelity_hw_vs_mps": 0.9976296111642252,
      "hellinger_hw_vs_mps": 0.034436863887985725,
      "marginal_L1_hw_vs_mps": 0.019449161240987025,
      "marginal_max_abs_hw_vs_mps": 0.006468771507348259,
      "transpile_seed": 1
    },
    {
      "seed": 2,
      "marginal_L1_hw_vs_ref": 0.028874999999999994,
      "marginal_max_abs_hw_vs_ref": 0.0071249999999999925,
      "topk_overlap": 0.9,
      "freq_corr_hw_vs_ref": 0.9997137899745525,
      "tvd_hw_vs_mps": 0.018388165742532367,
      "tvd_ref_vs_mps": 0.011444965154573524,
      "tvd_hw_vs_ref": 0.020749999999999987,
      "fidelity_hw_vs_mps": 0.9973165313317639,
      "hellinger_hw_vs_mps": 0.03664199325075554,
      "marginal_L1_hw_vs_mps": 0.023842744935153662,
      "marginal_max_abs_hw_vs_mps": 0.006218771507348286,
      "transpile_seed": 2
    },
    {
      "seed": 3,
      "marginal_L1_hw_vs_ref": 0.01212499999999997,
      "marginal_max_abs_hw_vs_ref": 0.002874999999999961,
      "topk_overlap": 1.0,
      "freq_corr_hw_vs_ref": 0.999810276155133,
      "tvd_hw_vs_mps": 0.013231519928073967,
      "tvd_ref_vs_mps": 0.017140725727124342,
      "tvd_hw_vs_ref": 0.017124999999999974,
      "fidelity_hw_vs_mps": 0.9967357863575553,
      "hellinger_hw_vs_mps": 0.04041584943788744,
      "marginal_L1_hw_vs_mps": 0.010893957552690847,
      "marginal_max_abs_hw_vs_mps": 0.0031088380362378487,
      "transpile_seed": 3
    },
    {
      "seed": 4,
      "marginal_L1_hw_vs_ref": 0.019125000000000007,
      "marginal_max_abs_hw_vs_ref": 0.007000000000000006,
      "topk_overlap": 1.0,
      "freq_corr_hw_vs_ref": 0.9994764969689977,
      "tvd_hw_vs_mps": 0.010191635364043506,
      "tvd_ref_vs_mps": 0.01741044203452681,
      "tvd_hw_vs_ref": 0.021874999999999985,
      "fidelity_hw_vs_mps": 0.9972233260478526,
      "hellinger_hw_vs_mps": 0.037273342433639875,
      "marginal_L1_hw_vs_mps": 0.007791873010412965,
      "marginal_max_abs_hw_vs_mps": 0.0029838380362378625,
      "transpile_seed": 4
    }
  ],
  "fidelity_hw_vs_mps_std_seed": 0.00028290240923962675,
  "fidelity_hw_vs_mps_std_bootstrap": 0.0005872184988708395,
  "fidelity_hw_vs_mps_std_total": 0.0006518123492000649,
  "freq_corr_hw_vs_ref_std_seed": 0.00011833720895111179,
  "freq_corr_hw_vs_ref_std_bootstrap": 0.0005204864474915446,
  "freq_corr_hw_vs_ref_std_total": 0.000533769460577043,
  "hellinger_hw_vs_mps_std_seed": 0.0015396151452552824,
  "hellinger_hw_vs_mps_std_bootstrap": 0.0031776964643082935,
  "hellinger_hw_vs_mps_std_total": 0.00353102954034328,
  "marginal_L1_hw_vs_mps_std_seed": 0.004293563531920626,
  "marginal_L1_hw_vs_mps_std_bootstrap": 0.006819984849851778,
  "marginal_L1_hw_vs_mps_std_total": 0.008058962784058907,
  "marginal_L1_hw_vs_ref_std_seed": 0.003622105733950441,
  "marginal_L1_hw_vs_ref_std_bootstrap": 0.009967281740895905,
  "marginal_L1_hw_vs_ref_std_total": 0.010605015570488974,
  "marginal_max_abs_hw_vs_mps_std_seed": 0.0011042966722288876,
  "marginal_max_abs_hw_vs_mps_std_bootstrap": 0.0035527171417343156,
  "marginal_max_abs_hw_vs_mps_std_total": 0.003720385763528917,
  "marginal_max_abs_hw_vs_ref_std_seed": 0.00116061437573669,
  "marginal_max_abs_hw_vs_ref_std_bootstrap": 0.0050975921255022125,
  "marginal_max_abs_hw_vs_ref_std_total": 0.005228046595732371,
  "topk_overlap_std_seed": 0.018233973175854457,
  "topk_overlap_std_bootstrap": 0.04763503951889359,
  "topk_overlap_std_total": 0.05100563466661634,
  "tvd_hw_vs_mps_std_seed": 0.002403303980268379,
  "tvd_hw_vs_mps_std_bootstrap": 0.0039842862364560735,
  "tvd_hw_vs_mps_std_total": 0.004652999767417482,
  "tvd_hw_vs_ref_std_seed": 0.0015665873483910445,
  "tvd_hw_vs_ref_std_bootstrap": 0.005717724905993044,
  "tvd_hw_vs_ref_std_total": 0.005928454606451166,
  "tvd_ref_vs_mps_std_seed": 0.0023375625665712405,
  "tvd_ref_vs_mps_std_bootstrap": 0.004148089464505581,
  "tvd_ref_vs_mps_std_total": 0.004761391073854082,
  "n_boots": 300,
  "per_seed_bootstrap": [
    {
      "seed": 0,
      "transpile_seed": 0,
      "marginal_L1_hw_vs_ref": 0.027171666666666674,
      "marginal_max_abs_hw_vs_ref": 0.010704166666666669,
      "topk_overlap": 0.9550000000000002,
      "freq_corr_hw_vs_ref": 0.9990922014431253,
      "tvd_hw_vs_mps": 0.017887722721551962,
      "tvd_ref_vs_mps": 0.01975273219551823,
      "tvd_hw_vs_ref": 0.027143750000000005,
      "fidelity_hw_vs_mps": 0.9959981782245569,
      "hellinger_hw_vs_mps": 0.04461480070822442,
      "marginal_L1_hw_vs_mps": 0.0176686507580579,
      "marginal_max_abs_hw_vs_mps": 0.0072199789755007454,
      "marginal_L1_hw_vs_ref_std": 0.009029871306295,
      "marginal_max_abs_hw_vs_ref_std": 0.005057413195794755,
      "topk_overlap_std": 0.04983249534162666,
      "freq_corr_hw_vs_ref_std": 0.0006107553704371893,
      "tvd_hw_vs_mps_std": 0.0035789772399505318,
      "tvd_ref_vs_mps_std": 0.004000672789132338,
      "tvd_hw_vs_ref_std": 0.0058956410422018575,
      "fidelity_hw_vs_mps_std": 0.0006371172735921334,
      "hellinger_hw_vs_mps_std": 0.0035396227249502995,
      "marginal_L1_hw_vs_mps_std": 0.005850561753889859,
      "marginal_max_abs_hw_vs_mps_std": 0.003286418984737446,
      "n_boots": 300,
      "bootstrap_resamples": 300
    },
    {
      "seed": 1,
      "transpile_seed": 1,
      "marginal_L1_hw_vs_ref": 0.03032625,
      "marginal_max_abs_hw_vs_ref": 0.011648333333333333,