{
  "shots": 8000,
  "marginal_L1_hw_vs_ref": 0.3226961666666667,
  "marginal_max_abs_hw_vs_ref": 0.12926225,
  "site_marginals_hw": [
    0.0486,
    0.0369,
    0.0559,
    0.4729,
    0.1619,
    0.1872
  ],
  "site_marginals_ref": [
    0.0392,
    0.0214,
    0.0011,
    0.481,
    0.045,
    0.0585
  ],
  "topk_k": 10,
  "topk_overlap": 0.7718666666666667,
  "freq_corr_hw_vs_ref": 0.9899473223247437,
  "tvd_hw_vs_mps": 0.22122771875522823,
  "tvd_ref_vs_mps": 0.014994847305832643,
  "tvd_hw_vs_ref": 0.22250299999999998,
  "fidelity_hw_vs_mps": 0.8748979321608681,
  "hellinger_hw_vs_mps": 0.25398366605528694,
  "mc_noise_scale": 0.044721359549995794,
  "marginal_L1_hw_vs_mps": 0.3226137152495067,
  "marginal_max_abs_hw_vs_mps": 0.12875932748411092,
  "site_marginals_mps": [
    0.0401,
    0.0201,
    0.001,
    0.4823,
    0.0481,
    0.0594
  ],
  "seed": 0,
  "transpile_seed": 2.0,
  "executed_depth": 459.6,
  "executed_2q_gates": 127.2,
  "seconds": 4.512474413999371,
  "marginal_L1_hw_vs_ref_std": 0.019853907042270323,
  "marginal_max_abs_hw_vs_ref_std": 0.012907103670710539,
  "topk_overlap_std": 0.047868025867052064,
  "freq_corr_hw_vs_ref_std": 0.002527832125991546,
  "tvd_hw_vs_mps_std": 0.016227354485273647,
  "tvd_ref_vs_mps_std": 0.004357185835729349,
  "tvd_hw_vs_ref_std": 0.015314369245115221,
  "fidelity_hw_vs_mps_std": 0.013038992615630811,
  "hellinger_hw_vs_mps_std": 0.013725724352875264,
  "marginal_L1_hw_vs_mps_std": 0.0225882572607422,
  "marginal_max_abs_hw_vs_mps_std": 0.014333174834610713,
  "transpile_seed_std": 1.5811388300841898,
  "executed_depth_std": 7.956129712366433,
  "executed_2q_gates_std": 2.489979919597747,
  "n_seeds": 5,
  "seeds": [
    0,
    1,
    2,
    3,
    4
  ],
  "per_seed": [
    {
      "seed": 0,
      "marginal_L1_hw_vs_ref": 0.333375,
      "marginal_max_abs_hw_vs_ref": 0.12875,
      "topk_overlap": 0.7,
      "freq_corr_hw_vs_ref": 0.9881574160261404,
      "tvd_hw_vs_mps": 0.23192207291701386,
      "tvd_ref_vs_mps": 0.010769450752174604,
      "tvd_hw_vs_ref": 0.23874999999999996,
      "fidelity_hw_vs_mps": 0.8643552896095335,
      "hellinger_hw_vs_mps": 0.2651280844665153,
      "marginal_L1_hw_vs_mps": 0.3312124603483632,
      "marginal_max_abs_hw_vs_mps": 0.12786887426691118,
      "transpile_seed": 0,
      "executed_depth": 449,
      "executed_2q_gates": 124
    },
    {
      "seed": 1,
      "marginal_L1_hw_vs_ref": 0.341,
      "marginal_max_abs_hw_vs_ref": 0.14925,
      "topk_overlap": 0.8,
      "freq_corr_hw_vs_ref": 0.9864106103401398,
      "tvd_hw_vs_mps": 0.24038017807187592,
      "tvd_ref_vs_mps": 0.0089799433967217,
      "tvd_hw_vs_ref": 0.233875,
      "fidelity_hw_vs_mps": 0.8614455486288833,
      "hellinger_hw_vs_mps": 0.26806545861151443,
      "marginal_L1_hw_vs_mps": 0.3519624603483632,
      "marginal_max_abs_hw_vs_mps": 0.15136887426691117,
      "transpile_seed": 1,
      "executed_depth": 471,
      "executed_2q_gates": 131
    },
    {
      "seed": 2,
      "marginal_L1_hw_vs_ref": 0.3056249999999999,
      "marginal_max_abs_hw_vs_ref": 0.11674999999999999,
      "topk_overlap": 0.8,
      "freq_corr_hw_vs_ref": 0.9918969043272842,
      "tvd_hw_vs_mps": 0.2052028169149652,
      "tvd_ref_vs_mps": 0.010246816613782076,
      "tvd_hw_vs_ref": 0.205625,
      "fidelity_hw_vs_mps": 0.889708009615658,
      "hellinger_hw_vs_mps": 0.2382365506876535,
      "marginal_L1_hw_vs_mps": 0.2977124603483632,
      "marginal_max_abs_hw_vs_mps": 0.11486887426691117,
      "transpile_seed": 2,
      "executed_depth": 458,
      "executed_2q_gates": 127
    },
    {
      "seed": 3,
      "marginal_L1_hw_vs_ref": 0.315125,
      "marginal_max_abs_hw_vs_ref": 0.126,
      "topk_overlap": 0.8,
      "freq_corr_hw_vs_ref": 0.99099440282462,
      "tvd_hw_vs_mps": 0.2203735700179556,
      "tvd_ref_vs_mps": 0.015588547708273608,
      "tvd_hw_vs_ref": 0.21775,
      "fidelity_hw_vs_mps": 0.8764416184225704,
      "hellinger_hw_vs_mps": 0.25261708766285734,
      "marginal_L1_hw_vs_mps": 0.32371246034836315,
      "marginal_max_abs_hw_vs_mps": 0.12899387426691117,
      "transpile_seed": 3,
      "executed_depth": 462,
      "executed_2q_gates": 127
    },
    {
      "seed": 4,
      "marginal_L1_hw_vs_ref": 0.313125,
      "marginal_max_abs_hw_vs_ref": 0.12625,
      "topk_overlap": 0.8,
      "freq_corr_hw_vs_ref": 0.9917054714430045,
      "tvd_hw_vs_mps": 0.20560910772167312,
      "tvd_ref_vs_mps": 0.010005300024057895,
      "tvd_hw_vs_ref": 0.21225000000000002,
      "fidelity_hw_vs_mps": 0.8858336072758849,
      "hellinger_hw_vs_mps": 0.24251321799712725,
      "marginal_L1_hw_vs_mps": 0.31058746034836326,
      "marginal_max_abs_hw_vs_mps": 0.12111887426691118,
      "transpile_seed": 4,
      "executed_depth": 458,
      "executed_2q_gates": 127
    }
  ],
  "fidelity_hw_vs_mps_std_seed": 0.012505161983235081,
  "fidelity_hw_vs_mps_std_bootstrap": 0.003692729641271737,
  "fidelity_hw_vs_mps_std_total": 0.013038992615630811,
  "freq_corr_hw_vs_ref_std_seed": 0.0023158423994001217,
  "freq_corr_hw_vs_ref_std_bootstrap": 0.0010133159617491609,
  "freq_corr_hw_vs_ref_std_total": 0.002527832125991546,
  "hellinger_hw_vs_mps_std_seed": 0.013161427364621326,
  "hellinger_hw_vs_mps_std_bootstrap": 0.003895168640368478,
  "hellinger_hw_vs_mps_std_total": 0.013725724352875264,
  "marginal_L1_hw_vs_mps_std_seed": 0.02030335752694547,
  "marginal_L1_hw_vs_mps_std_bootstrap": 0.00989964843873253,
  "marginal_L1_hw_vs_mps_std_total": 0.0225882572607422,
  "marginal_L1_hw_vs_ref_std_seed": 0.015946918296640328,
  "marginal_L1_hw_vs_ref_std_bootstrap": 0.011826809446481713,
  "marginal_L1_hw_vs_ref_std_total": 0.019853907042270323,
  "marginal_max_abs_hw_vs_mps_std_seed": 0.01364524131324658,
  "marginal_max_abs_hw_vs_mps_std_bootstrap": 0.00438717338873067,
  "marginal_max_abs_hw_vs_mps_std_total": 0.014333174834610713,
  "marginal_max_abs_hw_vs_ref_std_seed": 0.011854169414908888,
  "marginal_max_abs_hw_vs_ref_std_bootstrap": 0.005106074093577976,
  "marginal_max_abs_hw_vs_ref_std_total": 0.012907103670710539,
  "topk_overlap_std_seed": 0.0325624186925834,
  "topk_overlap_std_bootstrap": 0.0350861338607955,
  "topk_overlap_std_total": 0.047868025867052064,
  "tvd_hw_vs_mps_std_seed": 0.015343914721711878,
  "tvd_hw_vs_mps_std_bootstrap": 0.005281222832220225,
  "tvd_hw_vs_mps_std_total": 0.016227354485273647,
  "tvd_hw_vs_ref_std_seed": 0.01395039298841611,
  "tvd_hw_vs_ref_std_bootstrap": 0.006317945935545948,
  "tvd_hw_vs_ref_std_total": 0.015314369245115221,
  "tvd_ref_vs_mps_std_seed": 0.0016081003177235316,
  "tvd_ref_vs_mps_std_bootstrap": 0.0040495779749521975,
  "tvd_ref_vs_mps_std_total": 0.004357185835729349,
  "n_boots": 300,
  "per_seed_bootstrap": [
    {
      "seed": 0,
      "transpile_seed": 0,
      "marginal_L1_hw_vs_ref": 0.3349425,
      "marginal_max_abs_hw_vs_ref": 0.1290029166666667,
      "topk_overlap": 0.7136666666666668,
      "freq_corr_hw_vs_ref": 0.9882608786050476,
      "tvd_hw_vs_mps": 0.2325953173718067,
      "tvd_ref_vs_mps": 0.014723987450058948,
      "tvd_hw_vs_ref": 0.23907166666666663,
      "fidelity_hw_vs_mps": 0.8634278744489332,
      "hellinger_hw_vs_mps": 0.2660464279533782,
      "marginal_L1_hw_vs_mps": 0.33133165424691297,
      "marginal_max_abs_hw_vs_mps": 0.1281598903529099,
      "marginal_L1_hw_vs_ref_std": 0.011290424676745821,
      "marginal_max_abs_hw_vs_ref_std": 0.004986419876726411,
      "topk_overlap_std": 0.03809715913296202,
      "freq_corr_hw_vs_ref_std": 0.0010723175802212909,
      "tvd_hw_vs_mps_std": 0.005000513003358839,
      "tvd_ref_vs_mps_std": 0.003622651115091083,
      "tvd_hw_vs_ref_std": 0.005710692434591203,
      "fidelity_hw_vs_mps_std": 0.0035848257399244228,
      "hellinger_hw_vs_mps_std": 0.0036249327152242097,
      "marginal_L1_hw_vs_mps_std": 0.01005832112759207,
      "marginal_max_abs_hw_vs_mps_std": 0.0044662265963160315,
      "n_boots": 300,