{
  "shots": 8000,
  "marginal_L1_hw_vs_ref": 0.02395566666666667,
  "marginal_max_abs_hw_vs_ref": 0.010833333333333332,
  "site_marginals_hw": [
    0.0395,
    0.0177,
    0.0009,
    0.48,
    0.0488,
    0.0584
  ],
  "site_marginals_ref": [
    0.0392,
    0.0214,
    0.0011,
    0.481,
    0.045,
    0.0585
  ],
  "topk_k": 10,
  "topk_overlap": 0.9792666666666665,
  "freq_corr_hw_vs_ref": 0.9995492182235198,
  "tvd_hw_vs_mps": 0.015562828218302521,
  "tvd_ref_vs_mps": 0.01534570902300239,
  "tvd_hw_vs_ref": 0.02130766666666667,
  "fidelity_hw_vs_mps": 0.9971013309043284,
  "hellinger_hw_vs_mps": 0.0379468728385034,
  "mc_noise_scale": 0.044721359549995794,
  "marginal_L1_hw_vs_mps": 0.016378567070272822,
  "marginal_max_abs_hw_vs_mps": 0.007436733782427808,
  "site_marginals_mps": [
    0.0401,
    0.0201,
    0.001,
    0.4823,
    0.0481,
    0.0594
  ],
  "seed": 0,
  "transpile_seed": 2.0,
  "seconds": 0.07642267499977606,
  "marginal_L1_hw_vs_ref_std": 0.009059155814060658,
  "marginal_max_abs_hw_vs_ref_std": 0.006039772852185873,
  "topk_overlap_std": 0.04092380508177198,
  "freq_corr_hw_vs_ref_std": 0.0004721661432429038,
  "tvd_hw_vs_mps_std": 0.0047991392632845565,
  "tvd_ref_vs_mps_std": 0.004466627297255658,
  "tvd_hw_vs_ref_std": 0.00646167424131658,
  "fidelity_hw_vs_mps_std": 0.0005147250521096876,
  "hellinger_hw_vs_mps_std": 0.0033394223924048923,
  "marginal_L1_hw_vs_mps_std": 0.005871104649479645,
  "marginal_max_abs_hw_vs_mps_std": 0.00431773588095948,
  "transpile_seed_std": 1.5811388300841898,
  "n_seeds": 5,
  "seeds": [
    0,
    1,
    2,
    3,
    4
  ],
  "per_seed": [
    {
      "seed": 0,
      "marginal_L1_hw_vs_ref": 0.009000000000000008,
      "marginal_max_abs_hw_vs_ref": 0.0037500000000000033,
      "topk_overlap": 1.0,
      "freq_corr_hw_vs_ref": 0.9999456459918603,
      "tvd_hw_vs_mps": 0.0075236995875130035,
      "tvd_ref_vs_mps": 0.010769450752174604,
      "tvd_hw_vs_ref": 0.009375000000000014,
      "fidelity_hw_vs_mps": 0.9983955576081972,
      "hellinger_hw_vs_mps": 0.028329194018228247,
      "marginal_L1_hw_vs_mps": 0.007085531548450439,
      "marginal_max_abs_hw_vs_mps": 0.0023622928843646876,
      "transpile_seed": 0
    },
    {
      "seed": 1,
      "marginal_L1_hw_vs_ref": 0.024875000000000015,
      "marginal_max_abs_hw_vs_ref": 0.015500000000000014,
      "topk_overlap": 1.0,
      "freq_corr_hw_vs_ref": 0.9994737381618771,
      "tvd_hw_vs_mps": 0.015106815294964122,
      "tvd_ref_vs_mps": 0.0089799433967217,
      "tvd_hw_vs_ref": 0.02012500000000002,
      "fidelity_hw_vs_mps": 0.9979126080963188,
      "hellinger_hw_vs_mps": 0.03231472066493714,
      "marginal_L1_hw_vs_mps": 0.015139054220278973,
      "marginal_max_abs_hw_vs_mps": 0.010967320251708768,
      "transpile_seed": 1
    },
    {
      "seed": 2,
      "marginal_L1_hw_vs_ref": 0.013499999999999995,
      "marginal_max_abs_hw_vs_ref": 0.008124999999999993,
      "topk_overlap": 1.0,
      "freq_corr_hw_vs_ref": 0.9996678346568858,
      "tvd_hw_vs_mps": 0.011877275227172697,
      "tvd_ref_vs_mps": 0.010246816613782076,
      "tvd_hw_vs_ref": 0.01775,
      "fidelity_hw_vs_mps": 0.9981644181798329,
      "hellinger_hw_vs_mps": 0.030302020842692297,
      "marginal_L1_hw_vs_mps": 0.012253313379489919,
      "marginal_max_abs_hw_vs_mps": 0.004532679748291246,
      "transpile_seed": 2
    },
    {
      "seed": 3,
      "marginal_L1_hw_vs_ref": 0.019750000000000042,
      "marginal_max_abs_hw_vs_ref": 0.006750000000000034,
      "topk_overlap": 1.0,
      "freq_corr_hw_vs_ref": 0.9998543706496422,
      "tvd_hw_vs_mps": 0.014161758939597457,
      "tvd_ref_vs_mps": 0.015588547708273608,
      "tvd_hw_vs_ref": 0.015624999999999991,
      "fidelity_hw_vs_mps": 0.9978387804989769,
      "hellinger_hw_vs_mps": 0.03288151822840524,
      "marginal_L1_hw_vs_mps": 0.010479943991605144,
      "marginal_max_abs_hw_vs_mps": 0.003512707115635314,
      "transpile_seed": 3
    },
    {
      "seed": 4,
      "marginal_L1_hw_vs_ref": 0.016624999999999984,
      "marginal_max_abs_hw_vs_ref": 0.005874999999999998,
      "topk_overlap": 1.0,
      "freq_corr_hw_vs_ref": 0.9999497315587491,
      "tvd_hw_vs_mps": 0.009988813155527824,
      "tvd_ref_vs_mps": 0.010005300024057895,
      "tvd_hw_vs_ref": 0.013749999999999991,
      "fidelity_hw_vs_mps": 0.9984129547313506,
      "hellinger_hw_vs_mps": 0.028175125971152057,
      "marginal_L1_hw_vs_mps": 0.01232316403879973,
      "marginal_max_abs_hw_vs_mps": 0.004282679748291274,
      "transpile_seed": 4
    }
  ],
  "fidelity_hw_vs_mps_std_seed": 0.00028100875684187294,
  "fidelity_hw_vs_mps_std_bootstrap": 0.0004312492989530601,
  "fidelity_hw_vs_mps_std_total": 0.0005147250521096876,
  "freq_corr_hw_vs_ref_std_seed": 0.00023439421748506668,
  "freq_corr_hw_vs_ref_std_bootstrap": 0.00040987829612513225,
  "freq_corr_hw_vs_ref_std_total": 0.0004721661432429038,
  "hellinger_hw_vs_mps_std_seed": 0.0018349199264030098,
  "hellinger_hw_vs_mps_std_bootstrap": 0.002790127376766944,
  "hellinger_hw_vs_mps_std_total": 0.0033394223924048923,
  "marginal_L1_hw_vs_mps_std_seed": 0.002462602889716167,
  "marginal_L1_hw_vs_mps_std_bootstrap": 0.005329676989527891,
  "marginal_L1_hw_vs_mps_std_total": 0.005871104649479645,
  "marginal_L1_hw_vs_ref_std_seed": 0.004198592476619069,
  "marginal_L1_hw_vs_ref_std_bootstrap": 0.008027460699293817,
  "marginal_L1_hw_vs_ref_std_total": 0.009059155814060658,
  "marginal_max_abs_hw_vs_mps_std_seed": 0.0024843599248551675,
  "marginal_max_abs_hw_vs_mps_std_bootstrap": 0.0035314018323462665,
  "marginal_max_abs_hw_vs_mps_std_total": 0.00431773588095948,
  "marginal_max_abs_hw_vs_ref_std_seed": 0.0033509549841135656,
  "marginal_max_abs_hw_vs_ref_std_bootstrap": 0.005024933512042316,
  "marginal_max_abs_hw_vs_ref_std_total": 0.006039772852185873,
  "topk_overlap_std_seed": 0.011434353695965743,
  "topk_overlap_std_bootstrap": 0.03929393563803988,
  "topk_overlap_std_total": 0.04092380508177198,
  "tvd_hw_vs_mps_std_seed": 0.002358141766734169,
  "tvd_hw_vs_mps_std_bootstrap": 0.004179821177560505,
  "tvd_hw_vs_mps_std_total": 0.0047991392632845565,
  "tvd_hw_vs_ref_std_seed": 0.0028700369087589963,
  "tvd_hw_vs_ref_std_bootstrap": 0.005789311024919572,
  "tvd_hw_vs_ref_std_total": 0.00646167424131658,
  "tvd_ref_vs_mps_std_seed": 0.0017403452875938879,
  "tvd_ref_vs_mps_std_bootstrap": 0.004113630719029011,
  "tvd_ref_vs_mps_std_total": 0.004466627297255658,
  "n_boots": 300,
  "per_seed_bootstrap": [
    {
      "seed": 0,
      "transpile_seed": 0,
      "marginal_L1_hw_vs_ref": 0.01985375,
      "marginal_max_abs_hw_vs_ref": 0.008015833333333333,
      "topk_overlap": 0.9926666666666667,
      "freq_corr_hw_vs_ref": 0.9997264554279672,
      "tvd_hw_vs_mps": 0.012730379512803367,
      "tvd_ref_vs_mps": 0.014936545835789078,
      "tvd_hw_vs_ref": 0.01781083333333333,
      "fidelity_hw_vs_mps": 0.9972900584293575,
      "hellinger_hw_vs_mps": 0.03673210894194455,
      "marginal_L1_hw_vs_mps": 0.013561464951383353,
      "marginal_max_abs_hw_vs_mps": 0.005726189972511593,
      "marginal_L1_hw_vs_ref_std": 0.006585145987733748,
      "marginal_max_abs_hw_vs_ref_std": 0.0037097983527791855,
      "topk_overlap_std": 0.02611184245913959,
      "freq_corr_hw_vs_ref_std": 0.00026495808587309247,
      "tvd_hw_vs_mps_std": 0.003469475647906901,
      "tvd_ref_vs_mps_std": 0.0038438306065121885,
      "tvd_hw_vs_ref_std": 0.004938982550519558,
      "fidelity_hw_vs_mps_std": 0.0003833470030469813,
      "hellinger_hw_vs_mps_std": 0.0025851184765909863,
      "marginal_L1_hw_vs_mps_std": 0.004711490871942154,
      "marginal_max_abs_hw_vs_mps_std": 0.002860082879293171,
      "n_boots": 300,
      "bootstrap_resamples": 300
    },
    {
      "seed": 1,
      "transpile_seed": 1,
      "marginal_L1_hw_vs_ref": 0.03084708333333334,
      "marginal_max_abs_hw_vs_ref": 0.01657583333333333,
      "topk_overlap": 0.9703333333333334,