{
  "shots": 1024,
  "marginal_L1_hw_vs_ref": 0.18838281249999994,
  "marginal_max_abs_hw_vs_ref": 0.05226562499999998,
  "site_marginals_hw": [
    0.4971,
    0.4775,
    0.498,
    0.5146,
    0.4814,
    0.4922,
    0.416,
    0.4307,
    0.4473,
    0.4902
  ],
  "site_marginals_ref": [
    0.4904,
    0.5029,
    0.4939,
    0.5149,
    0.4999,
    0.4679,
    0.3638,
    0.3914,
    0.442,
    0.5026
  ],
  "topk_k": 10,
  "topk_overlap": 0.6,
  "freq_corr_hw_vs_ref": 0.8627397053670747,
  "tvd_hw_vs_mps": 0.48306952125463437,
  "tvd_ref_vs_mps": 0.05777742897304287,
  "tvd_hw_vs_ref": 0.49050781250000003,
  "fidelity_hw_vs_mps": 0.5647255646324825,
  "hellinger_hw_vs_mps": 0.49851555135750764,
  "mc_noise_scale": 0.5,
  "marginal_L1_hw_vs_mps": 0.17929982076836043,
  "marginal_max_abs_hw_vs_mps": 0.0466543510582208,
  "site_marginals_mps": [
    0.4992,
    0.5043,
    0.4857,
    0.5008,
    0.5014,
    0.4776,
    0.3694,
    0.3992,
    0.446,
    0.5006
  ],
  "backend": "fake:torino (133q, ruido de dispositivo real)",
  "variant": "no_reuse_isometry",
  "seconds": 4.642678263000107,
  "executed_depth": 1033,
  "executed_2q_gates": 293
}