{
  "shots": 8000,
  "marginal_L1_hw_vs_ref": 0.03949999999999998,
  "marginal_max_abs_hw_vs_ref": 0.00912500000000005,
  "site_marginals_hw": [
    0.5032,
    0.5052,
    0.4875,
    0.4966,
    0.496,
    0.482,
    0.3781,
    0.4081,
    0.4555,
    0.4952
  ],
  "site_marginals_ref": [
    0.4996,
    0.5055,
    0.4895,
    0.5058,
    0.4994,
    0.4816,
    0.3713,
    0.4022,
    0.4506,
    0.4984
  ],
  "topk_k": 10,
  "topk_overlap": 0.8,
  "freq_corr_hw_vs_ref": 0.9918996449591013,
  "tvd_hw_vs_mps": 0.060453868277211754,
  "tvd_ref_vs_mps": 0.05478341704948245,
  "tvd_hw_vs_ref": 0.078625,
  "fidelity_hw_vs_mps": 0.9827032110748508,
  "hellinger_hw_vs_mps": 0.09319934974243407,
  "mc_noise_scale": 0.17888543819998318,
  "marginal_L1_hw_vs_mps": 0.05331727003650172,
  "marginal_max_abs_hw_vs_mps": 0.009493468575470732,
  "site_marginals_mps": [
    0.4992,
    0.5043,
    0.4857,
    0.5008,
    0.5014,
    0.4776,
    0.3694,
    0.3992,
    0.446,
    0.5006
  ],
  "backend": "Aer ideal (referencia)",
  "variant": "no_reuse_isometry",
  "seconds": 0.09685604700007389
}