{
  "shots": 8000,
  "marginal_L1_hw_vs_ref": 1.0893927499999998,
  "marginal_max_abs_hw_vs_ref": 0.321531,
  "site_marginals_hw": [
    0.0631,
    0.0466,
    0.0492,
    0.2265,
    0.4161,
    0.386,
    0.3811,
    0.499
  ],
  "site_marginals_ref": [
    0.0408,
    0.0199,
    0.0,
    0.0062,
    0.4864,
    0.0448,
    0.0589,
    0.4046
  ],
  "topk_k": 10,
  "topk_overlap": 0.6998000000000001,
  "freq_corr_hw_vs_ref": 0.8279956540201306,
  "tvd_hw_vs_mps": 0.5731066876333766,
  "tvd_ref_vs_mps": 0.020669282400684195,
  "tvd_hw_vs_ref": 0.57375325,
  "fidelity_hw_vs_mps": 0.4897617251940064,
  "hellinger_hw_vs_mps": 0.5477795617312009,
  "mc_noise_scale": 0.08944271909999159,
  "marginal_L1_hw_vs_mps": 1.089189582196003,
  "marginal_max_abs_hw_vs_mps": 0.3208380602572098,
  "site_marginals_mps": [
    0.0399,
    0.0197,
    0.0,
    0.0055,
    0.4823,
    0.0478,
    0.0591,
    0.4058
  ],
  "seed": 0,
  "transpile_seed": 2.0,
  "executed_depth": 2619.4,
  "executed_2q_gates": 747.0,
  "seconds": 6.154240612000649,
  "marginal_L1_hw_vs_ref_std": 0.08252287618376111,
  "marginal_max_abs_hw_vs_ref_std": 0.028599478279962846,
  "topk_overlap_std": 0.004479533539977785,
  "freq_corr_hw_vs_ref_std": 0.03371123758428506,
  "tvd_hw_vs_mps_std": 0.03619921035822037,
  "tvd_ref_vs_mps_std": 0.004407825254818462,
  "tvd_hw_vs_ref_std": 0.036988118024641636,
  "fidelity_hw_vs_mps_std": 0.04029671811952758,
  "hellinger_hw_vs_mps_std": 0.026451248007392562,
  "marginal_L1_hw_vs_mps_std": 0.08004475040793199,
  "marginal_max_abs_hw_vs_mps_std": 0.028106658048889517,
  "transpile_seed_std": 1.5811388300841898,
  "executed_depth_std": 102.8703066973167,
  "executed_2q_gates_std": 48.708315511830214,
  "n_seeds": 5,
  "seeds": [
    0,
    1,
    2,
    3,
    4
  ],
  "per_seed": [
    {
      "seed": 0,
      "marginal_L1_hw_vs_ref": 1.14675,
      "marginal_max_abs_hw_vs_ref": 0.34125,
      "topk_overlap": 0.7,
      "freq_corr_hw_vs_ref": 0.7895052681002646,
      "tvd_hw_vs_mps": 0.5991930736231702,
      "tvd_ref_vs_mps": 0.013682781453949865,
      "tvd_hw_vs_ref": 0.602625,
      "fidelity_hw_vs_mps": 0.4630966170017953,
      "hellinger_hw_vs_mps": 0.5652326727893148,
      "marginal_L1_hw_vs_mps": 1.1399302488626697,
      "marginal_max_abs_hw_vs_mps": 0.3381919544429381,
      "transpile_seed": 0,
      "executed_depth": 2741,
      "executed_2q_gates": 812
    },
    {
      "seed": 1,
      "marginal_L1_hw_vs_ref": 1.11575,
      "marginal_max_abs_hw_vs_ref": 0.330875,
      "topk_overlap": 0.7,
      "freq_corr_hw_vs_ref": 0.8116071794581776,
      "tvd_hw_vs_mps": 0.586287601820739,
      "tvd_ref_vs_mps": 0.017755951664239048,
      "tvd_hw_vs_ref": 0.58175,
      "fidelity_hw_vs_mps": 0.4758254280615802,
      "hellinger_hw_vs_mps": 0.556955109382593,
      "marginal_L1_hw_vs_mps": 1.1261802488626698,
      "marginal_max_abs_hw_vs_mps": 0.33394195444293806,
      "transpile_seed": 1,
      "executed_depth": 2669,
      "executed_2q_gates": 754
    },
    {
      "seed": 2,
      "marginal_L1_hw_vs_ref": 1.141125,
      "marginal_max_abs_hw_vs_ref": 0.315625,
      "topk_overlap": 0.7,
      "freq_corr_hw_vs_ref": 0.8379930619118876,
      "tvd_hw_vs_mps": 0.5832528873233832,
      "tvd_ref_vs_mps": 0.011151936382391026,
      "tvd_hw_vs_ref": 0.5824999999999999,
      "fidelity_hw_vs_mps": 0.4726399675464141,
      "hellinger_hw_vs_mps": 0.5590275859798082,
      "marginal_L1_hw_vs_mps": 1.1418052488626698,
      "marginal_max_abs_hw_vs_mps": 0.3175669544429381,
      "transpile_seed": 2,
      "executed_depth": 2628,
      "executed_2q_gates": 751
    },
    {
      "seed": 3,
      "marginal_L1_hw_vs_ref": 0.952,
      "marginal_max_abs_hw_vs_ref": 0.273,
      "topk_overlap": 0.7,
      "freq_corr_hw_vs_ref": 0.8788585152835184,
      "tvd_hw_vs_mps": 0.5100638305117682,
      "tvd_ref_vs_mps": 0.016184011564986236,
      "tvd_hw_vs_ref": 0.51025,
      "fidelity_hw_vs_mps": 0.5608491886196816,
      "hellinger_hw_vs_mps": 0.501100139261065,
      "marginal_L1_hw_vs_mps": 0.9568052488626697,
      "marginal_max_abs_hw_vs_mps": 0.27174839544049006,
      "transpile_seed": 3,
      "executed_depth": 2463,
      "executed_2q_gates": 675
    },
    {
      "seed": 4,
      "marginal_L1_hw_vs_ref": 1.0905,
      "marginal_max_abs_hw_vs_ref": 0.341875,
      "topk_overlap": 0.7,
      "freq_corr_hw_vs_ref": 0.8112683951379662,
      "tvd_hw_vs_mps": 0.5849973690702973,
      "tvd_ref_vs_mps": 0.014347905339729409,
      "tvd_hw_vs_ref": 0.588625,
      "fidelity_hw_vs_mps": 0.4802648986451143,
      "hellinger_hw_vs_mps": 0.5540654557098948,
      "marginal_L1_hw_vs_mps": 1.0798052488626695,
      "marginal_max_abs_hw_vs_mps": 0.33894195444293806,
      "transpile_seed": 4,
      "executed_depth": 2596,
      "executed_2q_gates": 743
    }
  ],
  "fidelity_hw_vs_mps_std_seed": 0.03991830077899824,
  "fidelity_hw_vs_mps_std_bootstrap": 0.0055095148717551334,
  "fidelity_hw_vs_mps_std_total": 0.04029671811952758,
  "freq_corr_hw_vs_ref_std_seed": 0.031628332558931466,
  "freq_corr_hw_vs_ref_std_bootstrap": 0.011666024130171744,
  "freq_corr_hw_vs_ref_std_total": 0.03371123758428506,
  "hellinger_hw_vs_mps_std_seed": 0.026204878575352544,
  "hellinger_hw_vs_mps_std_bootstrap": 0.0036017856681954574,
  "hellinger_hw_vs_mps_std_total": 0.026451248007392562,
  "marginal_L1_hw_vs_mps_std_seed": 0.07886759011108783,
  "marginal_L1_hw_vs_mps_std_bootstrap": 0.013677181651845156,
  "marginal_L1_hw_vs_mps_std_total": 0.08004475040793199,
  "marginal_L1_hw_vs_ref_std_seed": 0.080592323297225,
  "marginal_L1_hw_vs_ref_std_bootstrap": 0.01774549292625964,
  "marginal_L1_hw_vs_ref_std_total": 0.08252287618376111,
  "marginal_max_abs_hw_vs_mps_std_seed": 0.02765230201866849,
  "marginal_max_abs_hw_vs_mps_std_bootstrap": 0.005033330879800024,
  "marginal_max_abs_hw_vs_mps_std_total": 0.028106658048889517,
  "marginal_max_abs_hw_vs_ref_std_seed": 0.02807361668051171,
  "marginal_max_abs_hw_vs_ref_std_bootstrap": 0.005459139525764242,
  "marginal_max_abs_hw_vs_ref_std_total": 0.028599478279962846,
  "topk_overlap_std_seed": 0.0004472135954999087,
  "topk_overlap_std_bootstrap": 0.004457153882892753,
  "topk_overlap_std_total": 0.004479533539977785,
  "tvd_hw_vs_mps_std_seed": 0.035825813451709224,
  "tvd_hw_vs_mps_std_bootstrap": 0.005185934928440558,
  "tvd_hw_vs_mps_std_total": 0.03619921035822037,
  "tvd_hw_vs_ref_std_seed": 0.03647288966959836,
  "tvd_hw_vs_ref_std_bootstrap": 0.0061521698736400985,
  "tvd_hw_vs_ref_std_total": 0.036988118024641636,
  "tvd_ref_vs_mps_std_seed": 0.001904938836502893,
  "tvd_ref_vs_mps_std_bootstrap": 0.003974937924823285,
  "tvd_ref_vs_mps_std_total": 0.004407825254818462,
  "n_boots": 300,
  "per_seed_bootstrap": [
    {
      "seed": 0,
      "transpile_seed": 0,
      "marginal_L1_hw_vs_ref": 1.1474591666666667,
      "marginal_max_abs_hw_vs_ref": 0.341985,
      "topk_overlap": 0.7000000000000001,
      "freq_corr_hw_vs_ref": 0.7965898315321177,
      "tvd_hw_vs_mps": 0.5999251526863854,
      "tvd_ref_vs_mps": 0.019707053395161413,
      "tvd_hw_vs_ref": 0.6035908333333333,
      "fidelity_hw_vs_mps": 0.46201843535722087,
      "hellinger_hw_vs_mps": 0.5659328211155732,
      "marginal_L1_hw_vs_mps": 1.1409469155293364,
      "marginal_max_abs_hw_vs_mps": 0.3389458925795966,
      "marginal_L1_hw_vs_ref_std": 0.018200317772747422,
      "marginal_max_abs_hw_vs_ref_std": 0.006018252268548817,
      "topk_overlap_std": 1.1120780351495294e-16,
      "freq_corr_hw_vs_ref_std": 0.01472270308302422,
      "tvd_hw_vs_mps_std": 0.004906559028053722,
      "tvd_ref_vs_mps_std": 0.004067322805027944,
      "tvd_hw_vs_ref_std": 0.006069481622244592,
      "fidelity_hw_vs_mps_std": 0.005215292783606428,
      "hellinger_hw_vs_mps_std": 0.0033895970358620497,
      "marginal_L1_hw_vs_mps_std": 0.01396332815506781,
      "marginal_max_abs_hw_vs_mps_std": 0.0054323604385778015,
      "n_boots": 300,