{
  "shots": 1024,
  "marginal_L1_hw_vs_ref": 0.29619531250000003,
  "marginal_max_abs_hw_vs_ref": 0.08300000000000002,
  "site_marginals_hw": [
    0.4834,
    0.4912,
    0.4854,
    0.4893,
    0.5264,
    0.5312,
    0.4307,
    0.4844,
    0.4443,
    0.4746
  ],
  "site_marginals_ref": [
    0.4991,
    0.5032,
    0.4824,
    0.4922,
    0.4929,
    0.4815,
    0.3729,
    0.4014,
    0.4542,
    0.5031
  ],
  "topk_k": 10,
  "topk_overlap": 0.7,
  "freq_corr_hw_vs_ref": 0.7332524383778775,
  "tvd_hw_vs_mps": 0.5261583881496014,
  "tvd_ref_vs_mps": 0.062041770299559,
  "tvd_hw_vs_ref": 0.5300625,
  "fidelity_hw_vs_mps": 0.5262041838231105,
  "hellinger_hw_vs_mps": 0.5240235422712639,
  "mc_noise_scale": 0.5,
  "marginal_L1_hw_vs_mps": 0.29351085731159704,
  "marginal_max_abs_hw_vs_mps": 0.08519711483299075,
  "site_marginals_mps": [
    0.4992,
    0.5043,
    0.4857,
    0.5008,
    0.5014,
    0.4776,
    0.3694,
    0.3992,
    0.446,
    0.5006
  ],
  "backend": "fake:torino (133q, ruido de dispositivo real)",
  "variant": "no_reuse_isometry",
  "seconds": 4.556498871999992,
  "executed_depth": 1025,
  "executed_2q_gates": 284
}