{
  "shots": 8000,
  "marginal_L1_hw_vs_ref": 0.03600000000000014,
  "marginal_max_abs_hw_vs_ref": 0.00874999999999998,
  "site_marginals_hw": [
    0.4992,
    0.507,
    0.4745,
    0.4918,
    0.4982,
    0.4759,
    0.3745,
    0.402,
    0.4478,
    0.5005
  ],
  "site_marginals_ref": [
    0.4961,
    0.4982,
    0.4774,
    0.4949,
    0.4976,
    0.476,
    0.3681,
    0.3995,
    0.4489,
    0.5079
  ],
  "topk_k": 10,
  "topk_overlap": 0.8,
  "freq_corr_hw_vs_ref": 0.9934812393175777,
  "tvd_hw_vs_mps": 0.06112845421954501,
  "tvd_ref_vs_mps": 0.05573830561961664,
  "tvd_hw_vs_ref": 0.07437500000000001,
  "fidelity_hw_vs_mps": 0.9802224721793541,
  "hellinger_hw_vs_mps": 0.0996902567764927,
  "mc_noise_scale": 0.17888543819998318,
  "marginal_L1_hw_vs_mps": 0.03762312533010281,
  "marginal_max_abs_hw_vs_mps": 0.011179851001959062,
  "site_marginals_mps": [
    0.4992,
    0.5043,
    0.4857,
    0.5008,
    0.5014,
    0.4776,
    0.3694,
    0.3992,
    0.446,
    0.5006
  ],
  "backend": "Aer ideal (referencia)",
  "variant": "no_reuse_isometry",
  "seconds": 0.10276011199999857
}