{
  "shots": 1024,
  "marginal_L1_hw_vs_ref": 0.15486718749999995,
  "marginal_max_abs_hw_vs_ref": 0.04572656250000001,
  "site_marginals_hw": [
    0.4902,
    0.498,
    0.501,
    0.4854,
    0.4824,
    0.5137,
    0.501,
    0.4863
  ],
  "site_marginals_ref": [
    0.502,
    0.5046,
    0.4892,
    0.5034,
    0.4901,
    0.4792,
    0.4552,
    0.5052
  ],
  "topk_k": 10,
  "topk_overlap": 0.3,
  "freq_corr_hw_vs_ref": 0.34488464933711854,
  "tvd_hw_vs_mps": 0.6157256783971399,
  "tvd_ref_vs_mps": 0.0433946927580806,
  "tvd_hw_vs_ref": 0.6201171875,
  "fidelity_hw_vs_mps": 0.43731115296063455,
  "hellinger_hw_vs_mps": 0.5819836274206178,
  "mc_noise_scale": 0.25,
  "marginal_L1_hw_vs_mps": 0.15141337306991764,
  "marginal_max_abs_hw_vs_mps": 0.05527401998578141,
  "site_marginals_mps": [
    0.4981,
    0.4978,
    0.4833,
    0.4971,
    0.5002,
    0.484,
    0.4457,
    0.4975
  ],
  "backend": "fake:torino (133q, ruido de dispositivo real)",
  "variant": "no_reuse_isometry",
  "seconds": 4.9989614630000005,
  "executed_depth": 2635,
  "executed_2q_gates": 775
}