{
  "shots": 1024,
  "marginal_L1_hw_vs_ref": 0.05706250000000013,
  "marginal_max_abs_hw_vs_ref": 0.028242187500000016,
  "site_marginals_hw": [
    0.499,
    0.4961,
    0.4834,
    0.5049,
    0.501,
    0.458,
    0.4326,
    0.4961
  ],
  "site_marginals_ref": [
    0.499,
    0.4904,
    0.4766,
    0.5091,
    0.5051,
    0.4862,
    0.4394,
    0.4972
  ],
  "topk_k": 10,
  "topk_overlap": 0.6,
  "freq_corr_hw_vs_ref": 0.8869305857360668,
  "tvd_hw_vs_mps": 0.18739820258078205,
  "tvd_ref_vs_mps": 0.06482722179898148,
  "tvd_hw_vs_ref": 0.1921015625,
  "fidelity_hw_vs_mps": 0.9092572785123387,
  "hellinger_hw_vs_mps": 0.21552301474553362,
  "mc_noise_scale": 0.25,
  "marginal_L1_hw_vs_mps": 0.05693493348055423,
  "marginal_max_abs_hw_vs_mps": 0.023173766617085645,
  "site_marginals_mps": [
    0.4996,
    0.5009,
    0.4825,
    0.4972,
    0.4993,
    0.4812,
    0.4463,
    0.5005
  ],
  "backend": "fake:torino (133q, ruido de dispositivo real)",
  "variant": "no_reuse_isometry",
  "seconds": 3.4679239030001554,
  "executed_depth": 119,
  "executed_2q_gates": 33
}