k,D_max,b_max,variant,logical_qubits,statevector_max_abs_err,abstract_2q,device_2q,routing_inflation,device_depth,ideal_fidelity,hw_fidelity,hw_marginal_L1_vs_mps,hw_tvd_vs_mps,hw_tvd_vs_ideal,hw_topk_overlap
8,4,2,no_reuse_isometry,10,2.033095913844818e-15,118,209,1.771,753,0.9920887872162165,0.7740917557720897,0.1147005925103935,0.34152310500438543,0.3414296875,0.9
8,4,2,reuse_unitary,3,,152,220,1.447,971,0.9913234007591902,0.7889910903200273,0.0795122458016318,0.3255768148081463,0.3308671875,0.8
8,4,2,reuse_isometry,3,,118,201,1.703,797,0.9919337972727282,0.8196299371288692,0.11423195481735277,0.2906464815967108,0.301171875,0.8
8,4,2,no_reuse_unitary,10,1.1102230246251565e-16,152,297,1.954,1061,0.9917251607127952,0.6980986083291689,0.13169810951016653,0.42350457625604376,0.4269765625,0.7
