{
  "shots": 8000,
  "marginal_L1_hw_vs_ref": 0.06814600000000001,
  "marginal_max_abs_hw_vs_ref": 0.014829249999999999,
  "site_marginals_hw": [
    0.0382,
    0.0158,
    0.502,
    0.0,
    0.0052,
    0.0127,
    0.4918,
    0.5071,
    0.0352,
    0.0445,
    0.0582,
    0.4714,
    0.4002,
    0.1068
  ],
  "site_marginals_ref": [
    0.0432,
    0.0188,
    0.4979,
    0.0,
    0.0048,
    0.0099,
    0.4908,
    0.5024,
    0.034,
    0.0469,
    0.0601,
    0.4758,
    0.4019,
    0.1032
  ],
  "topk_k": 10,
  "topk_overlap": 0.9197333333333335,
  "freq_corr_hw_vs_ref": 0.9969168542539233,
  "tvd_hw_vs_mps": 0.0563725709630752,
  "tvd_ref_vs_mps": 0.05519235637044935,
  "tvd_hw_vs_ref": 0.07422250000000001,
  "fidelity_hw_vs_mps": 0.973691634228224,
  "hellinger_hw_vs_mps": 0.11503780850431936,
  "mc_noise_scale": 0.7155417527999327,
  "marginal_L1_hw_vs_mps": 0.04901136561196414,
  "marginal_max_abs_hw_vs_mps": 0.011391822565055013,
  "site_marginals_mps": [
    0.0412,
    0.0168,
    0.5005,
    0.0,
    0.0055,
    0.0124,
    0.4857,
    0.4996,
    0.0336,
    0.0459,
    0.0594,
    0.478,
    0.4008,
    0.1069
  ],
  "seed": 0,
  "transpile_seed": 2.0,
  "seconds": 0.1860896309999589,
  "marginal_L1_hw_vs_ref_std": 0.018751068204377552,
  "marginal_max_abs_hw_vs_ref_std": 0.0050178065112290145,
  "topk_overlap_std": 0.04023100011799655,
  "freq_corr_hw_vs_ref_std": 0.001104900426975881,
  "tvd_hw_vs_mps_std": 0.004796221406902878,
  "tvd_ref_vs_mps_std": 0.004210149167449544,
  "tvd_hw_vs_ref_std": 0.006843479542179435,
  "fidelity_hw_vs_mps_std": 0.0013369565057067135,
  "hellinger_hw_vs_mps_std": 0.0029429587441989814,
  "marginal_L1_hw_vs_mps_std": 0.014981299842139422,
  "marginal_max_abs_hw_vs_mps_std": 0.0041119392532021305,
  "transpile_seed_std": 1.5811388300841898,
  "n_seeds": 5,
  "seeds": [
    0,
    1,
    2,
    3,
    4
  ],
  "per_seed": [
    {
      "seed": 0,
      "marginal_L1_hw_vs_ref": 0.03625000000000002,
      "marginal_max_abs_hw_vs_ref": 0.0049999999999999975,
      "topk_overlap": 0.9,
      "freq_corr_hw_vs_ref": 0.9992340282623767,
      "tvd_hw_vs_mps": 0.04044628993361695,
      "tvd_ref_vs_mps": 0.03851374898835412,
      "tvd_hw_vs_ref": 0.04662500000000001,
      "fidelity_hw_vs_mps": 0.9815740128675017,
      "hellinger_hw_vs_mps": 0.09620721776023919,
      "marginal_L1_hw_vs_mps": 0.031052378477766943,
      "marginal_max_abs_hw_vs_mps": 0.007535680202674699,
      "transpile_seed": 0
    },
    {
      "seed": 1,
      "marginal_L1_hw_vs_ref": 0.037375000000000005,
      "marginal_max_abs_hw_vs_ref": 0.007374999999999965,
      "topk_overlap": 0.9,
      "freq_corr_hw_vs_ref": 0.9983570363079848,
      "tvd_hw_vs_mps": 0.04209167297896996,
      "tvd_ref_vs_mps": 0.03935073287873185,
      "tvd_hw_vs_ref": 0.05525000000000003,
      "fidelity_hw_vs_mps": 0.9815161637970474,
      "hellinger_hw_vs_mps": 0.09635882905175029,
      "marginal_L1_hw_vs_mps": 0.03297543720417288,
      "marginal_max_abs_hw_vs_mps": 0.006105380061872001,
      "transpile_seed": 1
    },
    {
      "seed": 2,
      "marginal_L1_hw_vs_ref": 0.058250000000000066,
      "marginal_max_abs_hw_vs_ref": 0.01150000000000001,
      "topk_overlap": 0.9,
      "freq_corr_hw_vs_ref": 0.9978418247333752,
      "tvd_hw_vs_mps": 0.04698032277680431,
      "tvd_ref_vs_mps": 0.03749344763880644,
      "tvd_hw_vs_ref": 0.06000000000000001,
      "fidelity_hw_vs_mps": 0.9811616272857796,
      "hellinger_hw_vs_mps": 0.09728293642014929,
      "marginal_L1_hw_vs_mps": 0.04595914346600288,
      "marginal_max_abs_hw_vs_mps": 0.00854025933200725,
      "transpile_seed": 2
    },
    {
      "seed": 3,
      "marginal_L1_hw_vs_ref": 0.051250000000000025,
      "marginal_max_abs_hw_vs_ref": 0.008125000000000049,
      "topk_overlap": 0.9,
      "freq_corr_hw_vs_ref": 0.9991433313795188,
      "tvd_hw_vs_mps": 0.03926388019458132,
      "tvd_ref_vs_mps": 0.04244357756227385,
      "tvd_hw_vs_ref": 0.049750000000000016,
      "fidelity_hw_vs_mps": 0.9812874340686567,
      "hellinger_hw_vs_mps": 0.09695600733814824,
      "marginal_L1_hw_vs_mps": 0.02903181142335555,
      "marginal_max_abs_hw_vs_mps": 0.006128908471790484,
      "transpile_seed": 3
    },
    {
      "seed": 4,
      "marginal_L1_hw_vs_ref": 0.05662499999999999,
      "marginal_max_abs_hw_vs_ref": 0.01050000000000001,
      "topk_overlap": 1.0,
      "freq_corr_hw_vs_ref": 0.9985235005481077,
      "tvd_hw_vs_mps": 0.03721326084186334,
      "tvd_ref_vs_mps": 0.040377118241229214,
      "tvd_hw_vs_ref": 0.05187499999999999,
      "fidelity_hw_vs_mps": 0.9825566716358638,
      "hellinger_hw_vs_mps": 0.09359504940724647,
      "marginal_L1_hw_vs_mps": 0.04697046805663646,
      "marginal_max_abs_hw_vs_mps": 0.008128908471790486,
      "transpile_seed": 4
    }
  ],
  "fidelity_hw_vs_mps_std_seed": 0.0005090695908956308,
  "fidelity_hw_vs_mps_std_bootstrap": 0.001236244656116604,
  "fidelity_hw_vs_mps_std_total": 0.0013369565057067135,
  "freq_corr_hw_vs_ref_std_seed": 0.0005638128767605921,
  "freq_corr_hw_vs_ref_std_bootstrap": 0.0009502210235152817,
  "freq_corr_hw_vs_ref_std_total": 0.001104900426975881,
  "hellinger_hw_vs_mps_std_seed": 0.001123174454085784,
  "hellinger_hw_vs_mps_std_bootstrap": 0.002720199499254852,
  "hellinger_hw_vs_mps_std_total": 0.0029429587441989814,
  "marginal_L1_hw_vs_mps_std_seed": 0.004659144825184041,
  "marginal_L1_hw_vs_mps_std_bootstrap": 0.0142383887591977,
  "marginal_L1_hw_vs_mps_std_total": 0.014981299842139422,
  "marginal_L1_hw_vs_ref_std_seed": 0.005692579741609539,
  "marginal_L1_hw_vs_ref_std_bootstrap": 0.017866087839553332,
  "marginal_L1_hw_vs_ref_std_total": 0.018751068204377552,
  "marginal_max_abs_hw_vs_mps_std_seed": 0.0012254016927704327,
  "marginal_max_abs_hw_vs_mps_std_bootstrap": 0.003925103197800009,
  "marginal_max_abs_hw_vs_mps_std_total": 0.0041119392532021305,
  "marginal_max_abs_hw_vs_ref_std_seed": 0.0014267707808583384,
  "marginal_max_abs_hw_vs_ref_std_bootstrap": 0.004810686782884662,
  "marginal_max_abs_hw_vs_ref_std_total": 0.0050178065112290145,
  "topk_overlap_std_seed": 0.012186969361667471,
  "topk_overlap_std_bootstrap": 0.03834072440984934,
  "topk_overlap_std_total": 0.04023100011799655,
  "tvd_hw_vs_mps_std_seed": 0.00246236439865225,
  "tvd_hw_vs_mps_std_bootstrap": 0.004115884030470656,
  "tvd_hw_vs_mps_std_total": 0.004796221406902878,
  "tvd_hw_vs_ref_std_seed": 0.0037598623668109324,
  "tvd_hw_vs_ref_std_bootstrap": 0.005718098217665324,
  "tvd_hw_vs_ref_std_total": 0.006843479542179435,
  "tvd_ref_vs_mps_std_seed": 0.0015143364442198818,
  "tvd_ref_vs_mps_std_bootstrap": 0.00392837640073906,
  "tvd_ref_vs_mps_std_total": 0.004210149167449544,
  "n_boots": 300,
  "per_seed_bootstrap": [
    {
      "seed": 0,
      "transpile_seed": 0,
      "marginal_L1_hw_vs_ref": 0.061109583333333335,
      "marginal_max_abs_hw_vs_ref": 0.012761666666666666,
      "topk_overlap": 0.9230000000000003,
      "freq_corr_hw_vs_ref": 0.9974856030858187,
      "tvd_hw_vs_mps": 0.05530218131773934,
      "tvd_ref_vs_mps": 0.05320464671428071,
      "tvd_hw_vs_ref": 0.06918416666666669,
      "fidelity_hw_vs_mps": 0.9737603877950627,
      "hellinger_hw_vs_mps": 0.11488868598912806,
      "marginal_L1_hw_vs_mps": 0.045681157279382954,
      "marginal_max_abs_hw_vs_mps": 0.011038309405849225,
      "marginal_L1_hw_vs_ref_std": 0.016721914063374,
      "marginal_max_abs_hw_vs_ref_std": 0.004326006046760794,
      "topk_overlap_std": 0.04215356541175463,
      "freq_corr_hw_vs_ref_std": 0.0008079014814254711,
      "tvd_hw_vs_mps_std": 0.003951783382911788,
      "tvd_ref_vs_mps_std": 0.0037952996569811737,
      "tvd_hw_vs_ref_std": 0.005212062254877426,
      "fidelity_hw_vs_mps_std": 0.0012709989172412636,
      "hellinger_hw_vs_mps_std": 0.0028007528129728415,
      "marginal_L1_hw_vs_mps_std": 0.014228540264971534,
      "marginal_max_abs_hw_vs_mps_std": 0.004061674547932793,
      "n_boots": 300,