{
  "shots": 8000,
  "marginal_L1_hw_vs_ref": 1.2472374166666667,
  "marginal_max_abs_hw_vs_ref": 0.20119675000000004,
  "site_marginals_hw": [
    0.0535,
    0.0664,
    0.4792,
    0.057,
    0.0335,
    0.1106,
    0.4122,
    0.3822,
    0.1078,
    0.178,
    0.214,
    0.601,
    0.4884,
    0.3038
  ],
  "site_marginals_ref": [
    0.0432,
    0.0188,
    0.4979,
    0.0,
    0.0048,
    0.0099,
    0.4908,
    0.5024,
    0.034,
    0.0469,
    0.0601,
    0.4758,
    0.4019,
    0.1032
  ],
  "topk_k": 10,
  "topk_overlap": 0.8151999999999999,
  "freq_corr_hw_vs_ref": 0.9097523093505092,
  "tvd_hw_vs_mps": 0.5370071207755127,
  "tvd_ref_vs_mps": 0.05503527568677598,
  "tvd_hw_vs_ref": 0.544548,
  "fidelity_hw_vs_mps": 0.5342448115103634,
  "hellinger_hw_vs_mps": 0.5187073850414847,
  "mc_noise_scale": 0.7155417527999327,
  "marginal_L1_hw_vs_mps": 1.2414734973089439,
  "marginal_max_abs_hw_vs_mps": 0.20077238164295955,
  "site_marginals_mps": [
    0.0412,
    0.0168,
    0.5005,
    0.0,
    0.0055,
    0.0124,
    0.4857,
    0.4996,
    0.0336,
    0.0459,
    0.0594,
    0.478,
    0.4008,
    0.1069
  ],
  "seed": 0,
  "transpile_seed": 2.0,
  "executed_depth": 1640.8,
  "executed_2q_gates": 464.8,
  "seconds": 72.23115760099972,
  "marginal_L1_hw_vs_ref_std": 0.0951601107056369,
  "marginal_max_abs_hw_vs_ref_std": 0.011333654166283022,
  "topk_overlap_std": 0.0380943239558262,
  "freq_corr_hw_vs_ref_std": 0.011316269293243102,
  "tvd_hw_vs_mps_std": 0.01212735916766606,
  "tvd_ref_vs_mps_std": 0.004305182810323534,
  "tvd_hw_vs_ref_std": 0.014523597398395753,
  "fidelity_hw_vs_mps_std": 0.015094862307751481,
  "hellinger_hw_vs_mps_std": 0.00996711388914145,
  "marginal_L1_hw_vs_mps_std": 0.07120482959432038,
  "marginal_max_abs_hw_vs_mps_std": 0.012809958966452142,
  "transpile_seed_std": 1.5811388300841898,
  "executed_depth_std": 13.026895255585652,
  "executed_2q_gates_std": 6.833739825307955,
  "n_seeds": 5,
  "seeds": [
    0,
    1,
    2,
    3,
    4
  ],
  "per_seed": [
    {
      "seed": 0,
      "marginal_L1_hw_vs_ref": 1.232625,
      "marginal_max_abs_hw_vs_ref": 0.2005,
      "topk_overlap": 0.8,
      "freq_corr_hw_vs_ref": 0.9114132412302234,
      "tvd_hw_vs_mps": 0.5294677976416008,
      "tvd_ref_vs_mps": 0.03851374898835412,
      "tvd_hw_vs_ref": 0.538375,
      "fidelity_hw_vs_mps": 0.5446433835798773,
      "hellinger_hw_vs_mps": 0.5118597636354391,
      "marginal_L1_hw_vs_mps": 1.2255094304283665,
      "marginal_max_abs_hw_vs_mps": 0.19687079830962623,
      "transpile_seed": 0,
      "executed_depth": 1628,
      "executed_2q_gates": 470
    },
    {
      "seed": 1,
      "marginal_L1_hw_vs_ref": 1.1392499999999999,
      "marginal_max_abs_hw_vs_ref": 0.197125,
      "topk_overlap": 0.8,
      "freq_corr_hw_vs_ref": 0.9206867693526887,
      "tvd_hw_vs_mps": 0.5170092056621962,
      "tvd_ref_vs_mps": 0.03935073287873185,
      "tvd_hw_vs_ref": 0.5171250000000001,
      "fidelity_hw_vs_mps": 0.5624256372537653,
      "hellinger_hw_vs_mps": 0.5000495743451138,
      "marginal_L1_hw_vs_mps": 1.1595094304283662,
      "marginal_max_abs_hw_vs_mps": 0.20399579830962622,
      "transpile_seed": 1,
      "executed_depth": 1626,
      "executed_2q_gates": 456
    },
    {
      "seed": 2,
      "marginal_L1_hw_vs_ref": 1.1844999999999999,
      "marginal_max_abs_hw_vs_ref": 0.21675,
      "topk_overlap": 0.9,
      "freq_corr_hw_vs_ref": 0.9184044521169172,
      "tvd_hw_vs_mps": 0.5341301434209552,
      "tvd_ref_vs_mps": 0.03749344763880644,
      "tvd_hw_vs_ref": 0.540375,
      "fidelity_hw_vs_mps": 0.5390644044767293,
      "hellinger_hw_vs_mps": 0.5155481987778854,
      "marginal_L1_hw_vs_mps": 1.1988844304283661,
      "marginal_max_abs_hw_vs_mps": 0.21512079830962622,
      "transpile_seed": 2,
      "executed_depth": 1646,
      "executed_2q_gates": 464
    },
    {
      "seed": 3,
      "marginal_L1_hw_vs_ref": 1.3215,
      "marginal_max_abs_hw_vs_ref": 0.202,
      "topk_overlap": 0.8,
      "freq_corr_hw_vs_ref": 0.9041384432890465,
      "tvd_hw_vs_mps": 0.5460519544281444,
      "tvd_ref_vs_mps": 0.04244357756227385,
      "tvd_hw_vs_ref": 0.55025,
      "fidelity_hw_vs_mps": 0.5254052566620729,
      "hellinger_hw_vs_mps": 0.5245489138029975,
      "marginal_L1_hw_vs_mps": 1.3053844304283662,
      "marginal_max_abs_hw_vs_mps": 0.2051207983096262,
      "transpile_seed": 3,
      "executed_depth": 1655,
      "executed_2q_gates": 473
    },
    {
      "seed": 4,
      "marginal_L1_hw_vs_ref": 1.352625,
      "marginal_max_abs_hw_vs_ref": 0.18949999999999997,
      "topk_overlap": 0.8,
      "freq_corr_hw_vs_ref": 0.9109498363459991,
      "tvd_hw_vs_mps": 0.5386573844816397,
      "tvd_ref_vs_mps": 0.040377118241229214,
      "tvd_hw_vs_ref": 0.5425000000000001,
      "fidelity_hw_vs_mps": 0.5347552328692283,
      "hellinger_hw_vs_mps": 0.5183921262823131,
      "marginal_L1_hw_vs_mps": 1.3157594304283662,
      "marginal_max_abs_hw_vs_mps": 0.1826207983096262,
      "transpile_seed": 4,
      "executed_depth": 1649,
      "executed_2q_gates": 461
    }
  ],
  "fidelity_hw_vs_mps_std_seed": 0.014065951795177093,
  "fidelity_hw_vs_mps_std_bootstrap": 0.00547757867909998,
  "fidelity_hw_vs_mps_std_total": 0.015094862307751481,
  "freq_corr_hw_vs_ref_std_seed": 0.007181669376971448,
  "freq_corr_hw_vs_ref_std_bootstrap": 0.008745374530405617,
  "freq_corr_hw_vs_ref_std_total": 0.011316269293243102,
  "hellinger_hw_vs_mps_std_seed": 0.009289169594688654,
  "hellinger_hw_vs_mps_std_bootstrap": 0.003613127110997922,
  "hellinger_hw_vs_mps_std_total": 0.00996711388914145,
  "marginal_L1_hw_vs_mps_std_seed": 0.06801575034981037,
  "marginal_L1_hw_vs_mps_std_bootstrap": 0.021070962529236133,
  "marginal_L1_hw_vs_mps_std_total": 0.07120482959432038,
  "marginal_L1_hw_vs_ref_std_seed": 0.09006055329330666,
  "marginal_L1_hw_vs_ref_std_bootstrap": 0.030733424963914156,
  "marginal_L1_hw_vs_ref_std_total": 0.0951601107056369,
  "marginal_max_abs_hw_vs_mps_std_seed": 0.011760433301582577,
  "marginal_max_abs_hw_vs_mps_std_bootstrap": 0.005078115524603115,
  "marginal_max_abs_hw_vs_mps_std_total": 0.012809958966452142,
  "marginal_max_abs_hw_vs_ref_std_seed": 0.009594797632810369,
  "marginal_max_abs_hw_vs_ref_std_bootstrap": 0.006032543008244622,
  "marginal_max_abs_hw_vs_ref_std_total": 0.011333654166283022,
  "topk_overlap_std_seed": 0.021476860933468834,
  "topk_overlap_std_bootstrap": 0.031463025316963315,
  "topk_overlap_std_total": 0.0380943239558262,
  "tvd_hw_vs_mps_std_seed": 0.01099859399853138,
  "tvd_hw_vs_mps_std_bootstrap": 0.005109184909263273,
  "tvd_hw_vs_mps_std_total": 0.01212735916766606,
  "tvd_hw_vs_ref_std_seed": 0.01312654477483292,
  "tvd_hw_vs_ref_std_bootstrap": 0.006215199406696009,
  "tvd_hw_vs_ref_std_total": 0.014523597398395753,
  "tvd_ref_vs_mps_std_seed": 0.0017620159603821117,
  "tvd_ref_vs_mps_std_bootstrap": 0.003928090984901438,
  "tvd_ref_vs_mps_std_total": 0.004305182810323534,
  "n_boots": 300,
  "per_seed_bootstrap": [
    {
      "seed": 0,
      "transpile_seed": 0,
      "marginal_L1_hw_vs_ref": 1.2347679166666667,
      "marginal_max_abs_hw_vs_ref": 0.20039541666666666,
      "topk_overlap": 0.8099999999999999,
      "freq_corr_hw_vs_ref": 0.9078135196721672,
      "tvd_hw_vs_mps": 0.5341081266029019,
      "tvd_ref_vs_mps": 0.052425179560918904,
      "tvd_hw_vs_ref": 0.5457854166666668,
      "fidelity_hw_vs_mps": 0.5373785264185458,
      "hellinger_hw_vs_mps": 0.5166581927747258,
      "marginal_L1_hw_vs_mps": 1.228041097095033,
      "marginal_max_abs_hw_vs_mps": 0.1968970483096262,
      "marginal_L1_hw_vs_ref_std": 0.02942256683579933,
      "marginal_max_abs_hw_vs_ref_std": 0.005936928975651356,
      "topk_overlap_std": 0.03219921268694101,
      "freq_corr_hw_vs_ref_std": 0.008406528175708045,
      "tvd_hw_vs_mps_std": 0.00492773452563603,
      "tvd_ref_vs_mps_std": 0.003536106853564637,
      "tvd_hw_vs_ref_std": 0.006153047841152154,