{
  "shots": 8000,
  "marginal_L1_hw_vs_ref": 0.07700000000000015,
  "marginal_max_abs_hw_vs_ref": 0.016250000000000042,
  "site_marginals_hw": [
    0.1169,
    0.502,
    0.5151,
    0.2752,
    0.4856,
    0.5061,
    0.3584,
    0.4945,
    0.4742,
    0.3625,
    0.3914,
    0.4481,
    0.5098,
    0.1076
  ],
  "site_marginals_ref": [
    0.1181,
    0.5004,
    0.4989,
    0.2846,
    0.4881,
    0.4992,
    0.3571,
    0.4936,
    0.4864,
    0.3672,
    0.4006,
    0.447,
    0.5006,
    0.1082
  ],
  "topk_k": 10,
  "topk_overlap": 0.9,
  "freq_corr_hw_vs_ref": 0.977408441466875,
  "tvd_hw_vs_mps": 0.13062508717531407,
  "tvd_ref_vs_mps": 0.12724575896534424,
  "tvd_hw_vs_ref": 0.17275000000000001,
  "fidelity_hw_vs_mps": 0.9190375212935926,
  "hellinger_hw_vs_mps": 0.2033114687814895,
  "mc_noise_scale": 0.7155417527999327,
  "marginal_L1_hw_vs_mps": 0.11557258085377065,
  "marginal_max_abs_hw_vs_mps": 0.017266194038381033,
  "site_marginals_mps": [
    0.1198,
    0.5008,
    0.4981,
    0.2882,
    0.4795,
    0.4939,
    0.3609,
    0.4969,
    0.4877,
    0.3776,
    0.4086,
    0.4473,
    0.4984,
    0.1078
  ],
  "backend": "Aer ideal (referencia)",
  "variant": "no_reuse_isometry",
  "seconds": 0.14447711699995125
}