{
  "shots": 1024,
  "marginal_L1_hw_vs_ref": 0.5510390624999999,
  "marginal_max_abs_hw_vs_ref": 0.1020390625,
  "site_marginals_hw": [
    0.1602,
    0.4834,
    0.498,
    0.376,
    0.4912,
    0.4873,
    0.3887,
    0.5117,
    0.5391,
    0.4463,
    0.498,
    0.4512,
    0.4775,
    0.2119
  ],
  "site_marginals_ref": [
    0.1175,
    0.5012,
    0.4904,
    0.2906,
    0.4744,
    0.4858,
    0.3539,
    0.4958,
    0.495,
    0.3824,
    0.4164,
    0.4629,
    0.5025,
    0.1099
  ],
  "topk_k": 10,
  "topk_overlap": 0.2,
  "freq_corr_hw_vs_ref": 0.49472224210367394,
  "tvd_hw_vs_mps": 0.7422138297533087,
  "tvd_ref_vs_mps": 0.12470475251268781,
  "tvd_hw_vs_ref": 0.7491640625000001,
  "fidelity_hw_vs_mps": 0.20761750088938533,
  "hellinger_hw_vs_mps": 0.7378003560004598,
  "mc_noise_scale": 2.0,
  "marginal_L1_hw_vs_mps": 0.5447896748816718,
  "marginal_max_abs_hw_vs_mps": 0.1040845223762553,
  "site_marginals_mps": [
    0.1198,
    0.5008,
    0.4981,
    0.2882,
    0.4795,
    0.4939,
    0.3609,
    0.4969,
    0.4877,
    0.3776,
    0.4086,
    0.4473,
    0.4984,
    0.1078
  ],
  "backend": "fake:torino (133q, ruido de dispositivo real)",
  "variant": "no_reuse_isometry",
  "seconds": 11.428294647999792,
  "executed_depth": 1642,
  "executed_2q_gates": 459
}