{
  "shots": 8000,
  "marginal_L1_hw_vs_ref": 0.7882999999999999,
  "marginal_max_abs_hw_vs_ref": 0.194525,
  "site_marginals_hw": [
    0.0552,
    0.0596,
    0.495,
    0.06,
    0.0994,
    0.448,
    0.137,
    0.2511,
    0.2126,
    0.483
  ],
  "site_marginals_ref": [
    0.0415,
    0.0185,
    0.4972,
    0.0,
    0.0061,
    0.4911,
    0.0342,
    0.0455,
    0.0584,
    0.4021
  ],
  "topk_k": 10,
  "topk_overlap": 0.9,
  "freq_corr_hw_vs_ref": 0.9219409985626289,
  "tvd_hw_vs_mps": 0.46987914563404976,
  "tvd_ref_vs_mps": 0.02283208350613814,
  "tvd_hw_vs_ref": 0.47162499999999996,
  "fidelity_hw_vs_mps": 0.6174199838015403,
  "hellinger_hw_vs_mps": 0.46285956549342916,
  "mc_noise_scale": 0.17888543819998318,
  "marginal_L1_hw_vs_mps": 0.7837347525414478,
  "marginal_max_abs_hw_vs_mps": 0.19388982620010559,
  "site_marginals_mps": [
    0.0406,
    0.0185,
    0.5006,
    0.0,
    0.0057,
    0.4874,
    0.0352,
    0.0485,
    0.0591,
    0.4026
  ],
  "seed": 0,
  "seconds": 5.160435774999996,
  "marginal_L1_hw_vs_ref_std": 0.02077344308245512,
  "marginal_max_abs_hw_vs_ref_std": 0.010159432193779338,
  "topk_overlap_std": 0.0,
  "freq_corr_hw_vs_ref_std": 0.0021249165781298913,
  "tvd_hw_vs_mps_std": 0.0019071053980155882,
  "tvd_ref_vs_mps_std": 0.001825101003485618,
  "tvd_hw_vs_ref_std": 0.005793989342413417,
  "fidelity_hw_vs_mps_std": 0.0012198266554946675,
  "hellinger_hw_vs_mps_std": 0.0008381981032066164,
  "marginal_L1_hw_vs_mps_std": 0.018197084719803747,
  "marginal_max_abs_hw_vs_mps_std": 0.007006916226129732,
  "n_seeds": 5,
  "seeds": [
    0,
    1,
    2,
    3,
    4
  ],
  "per_seed": [
    {
      "seed": 0,
      "marginal_L1_hw_vs_ref": 0.7969999999999999,
      "marginal_max_abs_hw_vs_ref": 0.205625,
      "topk_overlap": 0.9,
      "freq_corr_hw_vs_ref": 0.9249284074403791,
      "tvd_hw_vs_mps": 0.46722644384738565,
      "tvd_ref_vs_mps": 0.022669505695064422,
      "tvd_hw_vs_ref": 0.4721249999999999,
      "fidelity_hw_vs_mps": 0.61793593200609,
      "hellinger_hw_vs_mps": 0.4625051240461158,
      "marginal_L1_hw_vs_mps": 0.7927278668855677,
      "marginal_max_abs_hw_vs_mps": 0.20266482620010556
    },
    {
      "seed": 1,
      "marginal_L1_hw_vs_ref": 0.7927500000000001,
      "marginal_max_abs_hw_vs_ref": 0.18275,
      "topk_overlap": 0.9,
      "freq_corr_hw_vs_ref": 0.9210682806619654,
      "tvd_hw_vs_mps": 0.46959681686277244,
      "tvd_ref_vs_mps": 0.02465514277017425,
      "tvd_hw_vs_ref": 0.4623749999999999,
      "fidelity_hw_vs_mps": 0.6184928358060667,
      "hellinger_hw_vs_mps": 0.4621221106512524,
      "marginal_L1_hw_vs_mps": 0.7858075810252679,
      "marginal_max_abs_hw_vs_mps": 0.18628982620010553
    },
    {
      "seed": 2,
      "marginal_L1_hw_vs_ref": 0.7518749999999998,
      "marginal_max_abs_hw_vs_ref": 0.185125,
      "topk_overlap": 0.9,
      "freq_corr_hw_vs_ref": 0.9233703210806862,
      "tvd_hw_vs_mps": 0.47203581836901837,
      "tvd_ref_vs_mps": 0.019824169447507232,
      "tvd_hw_vs_ref": 0.47487499999999994,
      "fidelity_hw_vs_mps": 0.6171237746623137,
      "hellinger_hw_vs_mps": 0.46306343048085236,
      "marginal_L1_hw_vs_mps": 0.753432581025268,
      "marginal_max_abs_hw_vs_mps": 0.18766482620010555
    },
    {
      "seed": 3,
      "marginal_L1_hw_vs_ref": 0.804,
      "marginal_max_abs_hw_vs_ref": 0.202,
      "topk_overlap": 0.9,
      "freq_corr_hw_vs_ref": 0.9200079718915368,
      "tvd_hw_vs_mps": 0.46915533084464434,
      "tvd_ref_vs_mps": 0.02340919812850918,
      "tvd_hw_vs_ref": 0.4709999999999999,
      "fidelity_hw_vs_mps": 0.6154298953857484,
      "hellinger_hw_vs_mps": 0.4642268836753891,
      "marginal_L1_hw_vs_mps": 0.8016028668855677,
      "marginal_max_abs_hw_vs_mps": 0.19866482620010556
    },
    {
      "seed": 4,
      "marginal_L1_hw_vs_ref": 0.7958749999999999,
      "marginal_max_abs_hw_vs_ref": 0.197125,
      "topk_overlap": 0.9,
      "freq_corr_hw_vs_ref": 0.9203300117385775,
      "tvd_hw_vs_mps": 0.4713813182464282,
      "tvd_ref_vs_mps": 0.023602401489435626,
      "tvd_hw_vs_ref": 0.47775,
      "fidelity_hw_vs_mps": 0.6181174811474826,
      "hellinger_hw_vs_mps": 0.46238027861353587,
      "marginal_L1_hw_vs_mps": 0.7851028668855677,
      "marginal_max_abs_hw_vs_mps": 0.19416482620010556
    }
  ],
  "error_bar_method": "seeds",
  "backend": "fake:torino (133q, ruido de dispositivo real)",
  "variant": "no_reuse_isometry",
  "N_sites": 10,
  "b_max": 2,
  "executed_depth": 1028,
  "executed_2q_gates": 295
}