{
  "shots": 8000,
  "marginal_L1_hw_vs_ref": 0.02759999999999997,
  "marginal_max_abs_hw_vs_ref": 0.008550000000000002,
  "site_marginals_hw": [
    0.0425,
    0.0161,
    0.506,
    0.0,
    0.0068,
    0.4859,
    0.0349,
    0.0488,
    0.0589,
    0.4005
  ],
  "site_marginals_ref": [
    0.0415,
    0.0185,
    0.4972,
    0.0,
    0.0061,
    0.4911,
    0.0342,
    0.0455,
    0.0584,
    0.4021
  ],
  "topk_k": 10,
  "topk_overlap": 1.0,
  "freq_corr_hw_vs_ref": 0.9988208390305726,
  "tvd_hw_vs_mps": 0.02208351491480351,
  "tvd_ref_vs_mps": 0.02283208350613814,
  "tvd_hw_vs_ref": 0.03375,
  "fidelity_hw_vs_mps": 0.9934049618453662,
  "hellinger_hw_vs_mps": 0.05744373380882534,
  "mc_noise_scale": 0.17888543819998318,
  "marginal_L1_hw_vs_mps": 0.01686462941935158,
  "marginal_max_abs_hw_vs_mps": 0.00452999948379672,
  "site_marginals_mps": [
    0.0406,
    0.0185,
    0.5006,
    0.0,
    0.0057,
    0.4874,
    0.0352,
    0.0485,
    0.0591,
    0.4026
  ],
  "seed": 0,
  "seconds": 0.03184667499999705,
  "marginal_L1_hw_vs_ref_std": 0.00412348457011785,
  "marginal_max_abs_hw_vs_ref_std": 0.0033571286093922502,
  "topk_overlap_std": 0.0,
  "freq_corr_hw_vs_ref_std": 0.0003591303156631921,
  "tvd_hw_vs_mps_std": 0.0028732604052496844,
  "tvd_ref_vs_mps_std": 0.001825101003485618,
  "tvd_hw_vs_ref_std": 0.003032377367677049,
  "fidelity_hw_vs_mps_std": 0.00045889171652330326,
  "hellinger_hw_vs_mps_std": 0.0020039367802076125,
  "marginal_L1_hw_vs_mps_std": 0.004235265889025573,
  "marginal_max_abs_hw_vs_mps_std": 0.001053153169575941,
  "n_seeds": 5,
  "seeds": [
    0,
    1,
    2,
    3,
    4
  ],
  "per_seed": [
    {
      "seed": 0,
      "marginal_L1_hw_vs_ref": 0.02399999999999994,
      "marginal_max_abs_hw_vs_ref": 0.00874999999999998,
      "topk_overlap": 1.0,
      "freq_corr_hw_vs_ref": 0.9987761263961292,
      "tvd_hw_vs_mps": 0.019624306748524428,
      "tvd_ref_vs_mps": 0.022669505695064422,
      "tvd_hw_vs_ref": 0.03100000000000002,
      "fidelity_hw_vs_mps": 0.9940305478512727,
      "hellinger_hw_vs_mps": 0.054673519311393144,
      "marginal_L1_hw_vs_mps": 0.015267713510413696,
      "marginal_max_abs_hw_vs_mps": 0.005414857069850121
    },
    {
      "seed": 1,
      "marginal_L1_hw_vs_ref": 0.032874999999999946,
      "marginal_max_abs_hw_vs_ref": 0.014124999999999999,
      "topk_overlap": 1.0,
      "freq_corr_hw_vs_ref": 0.9985128315660837,
      "tvd_hw_vs_mps": 0.024484931306068748,
      "tvd_ref_vs_mps": 0.02465514277017425,
      "tvd_hw_vs_ref": 0.037375000000000005,
      "fidelity_hw_vs_mps": 0.9927684198712768,
      "hellinger_hw_vs_mps": 0.06018596827282234,
      "marginal_L1_hw_vs_mps": 0.019626804979909093,
      "marginal_max_abs_hw_vs_mps": 0.004379165199101309
    },
    {
      "seed": 2,
      "marginal_L1_hw_vs_ref": 0.030625000000000045,
      "marginal_max_abs_hw_vs_ref": 0.00737500000000002,
      "topk_overlap": 1.0,
      "freq_corr_hw_vs_ref": 0.9986971379821917,
      "tvd_hw_vs_mps": 0.024801929091394725,
      "tvd_ref_vs_mps": 0.019824169447507232,
      "tvd_hw_vs_ref": 0.03624999999999999,
      "fidelity_hw_vs_mps": 0.9932437691750108,
      "hellinger_hw_vs_mps": 0.05817078821110659,
      "marginal_L1_hw_vs_mps": 0.02282682058011532,
      "marginal_max_abs_hw_vs_mps": 0.0056291651991012825
    },
    {
      "seed": 3,
      "marginal_L1_hw_vs_ref": 0.02337500000000003,
      "marginal_max_abs_hw_vs_ref": 0.005250000000000032,
      "topk_overlap": 1.0,
      "freq_corr_hw_vs_ref": 0.9994399958028448,
      "tvd_hw_vs_mps": 0.02302022428282221,
      "tvd_ref_vs_mps": 0.02340919812850918,
      "tvd_hw_vs_ref": 0.030624999999999986,
      "fidelity_hw_vs_mps": 0.9934411250408266,
      "hellinger_hw_vs_mps": 0.05731345864630036,
      "marginal_L1_hw_vs_mps": 0.012743161520403305,
      "marginal_max_abs_hw_vs_mps": 0.004222644751829596
    },
    {
      "seed": 4,
      "marginal_L1_hw_vs_ref": 0.027124999999999896,
      "marginal_max_abs_hw_vs_ref": 0.007249999999999979,
      "topk_overlap": 1.0,
      "freq_corr_hw_vs_ref": 0.9986781034056131,
      "tvd_hw_vs_mps": 0.018486183145207447,
      "tvd_ref_vs_mps": 0.023602401489435626,
      "tvd_hw_vs_ref": 0.033500000000000016,
      "fidelity_hw_vs_mps": 0.9935409472884439,
      "hellinger_hw_vs_mps": 0.05687493460250423,
      "marginal_L1_hw_vs_mps": 0.013858646505916476,
      "marginal_max_abs_hw_vs_mps": 0.003004165199101294
    }
  ],
  "error_bar_method": "seeds",
  "backend": "Aer ideal (referencia)",
  "variant": "no_reuse_isometry",
  "N_sites": 10,
  "b_max": 2
}