{
  "shots": 8000,
  "marginal_L1_hw_vs_ref": 0.009475000000000004,
  "marginal_max_abs_hw_vs_ref": 0.005025,
  "site_marginals_hw": [
    0.0379,
    0.0192,
    0.0491,
    0.0576
  ],
  "site_marginals_ref": [
    0.0394,
    0.0196,
    0.0449,
    0.058
  ],
  "topk_k": 10,
  "topk_overlap": 0.9200000000000002,
  "freq_corr_hw_vs_ref": 0.99996531493577,
  "tvd_hw_vs_mps": 0.006265128796184544,
  "tvd_ref_vs_mps": 0.00784943191985896,
  "tvd_hw_vs_ref": 0.010475000000000019,
  "fidelity_hw_vs_mps": 0.9994009381065594,
  "hellinger_hw_vs_mps": 0.01660723324199786,
  "mc_noise_scale": 0.022360679774997897,
  "marginal_L1_hw_vs_mps": 0.006741933981619,
  "marginal_max_abs_hw_vs_mps": 0.0031277909897191826,
  "site_marginals_mps": [
    0.0418,
    0.0192,
    0.0481,
    0.0587
  ],
  "seed": 0,
  "seconds": 0.010126891000027172,
  "marginal_L1_hw_vs_ref_std": 0.003598393738878502,
  "marginal_max_abs_hw_vs_ref_std": 0.0013647344063956173,
  "topk_overlap_std": 0.04472135954999579,
  "freq_corr_hw_vs_ref_std": 1.8702337686229004e-05,
  "tvd_hw_vs_mps_std": 0.0017277941417482492,
  "tvd_ref_vs_mps_std": 0.0032823835490612585,
  "tvd_hw_vs_ref_std": 0.0030303155776255307,
  "fidelity_hw_vs_mps_std": 0.0003346071045736588,
  "hellinger_hw_vs_mps_std": 0.005452846668951038,
  "marginal_L1_hw_vs_mps_std": 0.0023494053552481466,
  "marginal_max_abs_hw_vs_mps_std": 0.0007369402441600979,
  "n_seeds": 5,
  "seeds": [
    0,
    1,
    2,
    3,
    4
  ],
  "per_seed": [
    {
      "seed": 0,
      "marginal_L1_hw_vs_ref": 0.006500000000000006,
      "marginal_max_abs_hw_vs_ref": 0.004250000000000004,
      "topk_overlap": 0.9,
      "freq_corr_hw_vs_ref": 0.9999800558476412,
      "tvd_hw_vs_mps": 0.005608184490837216,
      "tvd_ref_vs_mps": 0.007002992345647356,
      "tvd_hw_vs_ref": 0.00687500000000003,
      "fidelity_hw_vs_mps": 0.9990683996213957,
      "hellinger_hw_vs_mps": 0.021584918919746607,
      "marginal_L1_hw_vs_mps": 0.0060626115048310406,
      "marginal_max_abs_hw_vs_mps": 0.003948321303822999
    },
    {
      "seed": 1,
      "marginal_L1_hw_vs_ref": 0.013625000000000005,
      "marginal_max_abs_hw_vs_ref": 0.006874999999999999,
      "topk_overlap": 0.9,
      "freq_corr_hw_vs_ref": 0.9999578339527182,
      "tvd_hw_vs_mps": 0.0047347098542344975,
      "tvd_ref_vs_mps": 0.013006243161508207,
      "tvd_hw_vs_ref": 0.012125000000000018,
      "fidelity_hw_vs_mps": 0.9998590369892538,
      "hellinger_hw_vs_mps": 0.00839547433856392,
      "marginal_L1_hw_vs_mps": 0.006563027300449005,
      "marginal_max_abs_hw_vs_mps": 0.002944581423202447
    },
    {
      "seed": 2,
      "marginal_L1_hw_vs_ref": 0.005125000000000001,
      "marginal_max_abs_hw_vs_ref": 0.0032499999999999994,
      "topk_overlap": 0.9,
      "freq_corr_hw_vs_ref": 0.9999836652821447,
      "tvd_hw_vs_mps": 0.00858681045642126,
      "tvd_ref_vs_mps": 0.004325896681743918,
      "tvd_hw_vs_ref": 0.007500000000000022,
      "fidelity_hw_vs_mps": 0.9995733469041608,
      "hellinger_hw_vs_mps": 0.014606481673660937,
      "marginal_L1_hw_vs_mps": 0.010070507061690107,
      "marginal_max_abs_hw_vs_mps": 0.0031983213038229985
    },
    {
      "seed": 3,
      "marginal_L1_hw_vs_ref": 0.012000000000000004,
      "marginal_max_abs_hw_vs_ref": 0.005499999999999998,
      "topk_overlap": 1.0,
      "freq_corr_hw_vs_ref": 0.9999373247423667,
      "tvd_hw_vs_mps": 0.007570577686974193,
      "tvd_ref_vs_mps": 0.006218647841698233,
      "tvd_hw_vs_ref": 0.012750000000000025,
      "fidelity_hw_vs_mps": 0.9994151920050189,
      "hellinger_hw_vs_mps": 0.017101074821316103,
      "marginal_L1_hw_vs_mps": 0.0074373884951689576,
      "marginal_max_abs_hw_vs_mps": 0.0035516786961770005
    },
    {
      "seed": 4,
      "marginal_L1_hw_vs_ref": 0.010125000000000002,
      "marginal_max_abs_hw_vs_ref": 0.005249999999999998,
      "topk_overlap": 0.9,
      "freq_corr_hw_vs_ref": 0.9999676948539792,
      "tvd_hw_vs_mps": 0.004825361492455551,
      "tvd_ref_vs_mps": 0.008693379568697087,
      "tvd_hw_vs_ref": 0.013125,
      "fidelity_hw_vs_mps": 0.9990887150129674,
      "hellinger_hw_vs_mps": 0.02134821645670174,
      "marginal_L1_hw_vs_mps": 0.003576135545955886,
      "marginal_max_abs_hw_vs_mps": 0.0019960522215704685
    }
  ],
  "error_bar_method": "seeds",
  "backend": "Aer ideal (referencia)",
  "variant": "no_reuse_isometry",
  "N_sites": 4,
  "b_max": 2
}