{
  "shots": 8000,
  "marginal_L1_hw_vs_ref": 0.18705,
  "marginal_max_abs_hw_vs_ref": 0.076825,
  "site_marginals_hw": [
    0.046,
    0.06,
    0.1091,
    0.1365
  ],
  "site_marginals_ref": [
    0.0394,
    0.0196,
    0.0449,
    0.058
  ],
  "topk_k": 10,
  "topk_overlap": 0.76,
  "freq_corr_hw_vs_ref": 0.9971282099439239,
  "tvd_hw_vs_mps": 0.13420101115694896,
  "tvd_ref_vs_mps": 0.00784943191985896,
  "tvd_hw_vs_ref": 0.13419999999999999,
  "fidelity_hw_vs_mps": 0.9519250241005304,
  "hellinger_hw_vs_mps": 0.1559614464893152,
  "mc_noise_scale": 0.022360679774997897,
  "marginal_L1_hw_vs_mps": 0.18653013174358996,
  "marginal_max_abs_hw_vs_mps": 0.07626958142320245,
  "site_marginals_mps": [
    0.0418,
    0.0192,
    0.0481,
    0.0587
  ],
  "seed": 0,
  "seconds": 3.1029130409999652,
  "marginal_L1_hw_vs_ref_std": 0.006279057453153299,
  "marginal_max_abs_hw_vs_ref_std": 0.005267530256201672,
  "topk_overlap_std": 0.05477225575051666,
  "freq_corr_hw_vs_ref_std": 0.0003164291044498466,
  "tvd_hw_vs_mps_std": 0.0030822326029991878,
  "tvd_ref_vs_mps_std": 0.0032823835490612585,
  "tvd_hw_vs_ref_std": 0.0049058319885621855,
  "fidelity_hw_vs_mps_std": 0.002158512571445553,
  "hellinger_hw_vs_mps_std": 0.0035492206354670558,
  "marginal_L1_hw_vs_mps_std": 0.005799649773908769,
  "marginal_max_abs_hw_vs_mps_std": 0.0030981345193519323,
  "n_seeds": 5,
  "seeds": [
    0,
    1,
    2,
    3,
    4
  ],
  "per_seed": [
    {
      "seed": 0,
      "marginal_L1_hw_vs_ref": 0.18975,
      "marginal_max_abs_hw_vs_ref": 0.07850000000000001,
      "topk_overlap": 0.7,
      "freq_corr_hw_vs_ref": 0.9970007945438638,
      "tvd_hw_vs_mps": 0.1334473136606914,
      "tvd_ref_vs_mps": 0.007002992345647356,
      "tvd_hw_vs_ref": 0.13625,
      "fidelity_hw_vs_mps": 0.9512617375457084,
      "hellinger_hw_vs_mps": 0.1570780779916002,
      "marginal_L1_hw_vs_mps": 0.18380513174358992,
      "marginal_max_abs_hw_vs_mps": 0.07781958142320246
    },
    {
      "seed": 1,
      "marginal_L1_hw_vs_ref": 0.18050000000000002,
      "marginal_max_abs_hw_vs_ref": 0.07700000000000001,
      "topk_overlap": 0.8,
      "freq_corr_hw_vs_ref": 0.9969813932428407,
      "tvd_hw_vs_mps": 0.13924877245224554,
      "tvd_ref_vs_mps": 0.013006243161508207,
      "tvd_hw_vs_ref": 0.132625,
      "fidelity_hw_vs_mps": 0.9493244756615846,
      "hellinger_hw_vs_mps": 0.16020974944880617,
      "marginal_L1_hw_vs_mps": 0.19543013174358997,
      "marginal_max_abs_hw_vs_mps": 0.07856958142320246
    },
    {
      "seed": 2,
      "marginal_L1_hw_vs_ref": 0.185375,
      "marginal_max_abs_hw_vs_ref": 0.07600000000000001,
      "topk_overlap": 0.7,
      "freq_corr_hw_vs_ref": 0.9971603500576248,
      "tvd_hw_vs_mps": 0.13263635316509753,
      "tvd_ref_vs_mps": 0.004325896681743918,
      "tvd_hw_vs_ref": 0.13425,
      "fidelity_hw_vs_mps": 0.9541169886026624,
      "hellinger_hw_vs_mps": 0.1523511671450613,
      "marginal_L1_hw_vs_mps": 0.17980513174358997,
      "marginal_max_abs_hw_vs_mps": 0.07406958142320245
    },
    {
      "seed": 3,
      "marginal_L1_hw_vs_ref": 0.18312499999999998,
      "marginal_max_abs_hw_vs_ref": 0.06899999999999999,
      "topk_overlap": 0.8,
      "freq_corr_hw_vs_ref": 0.9976569215068202,
      "tvd_hw_vs_mps": 0.1311363531650975,
      "tvd_ref_vs_mps": 0.006218647841698233,
      "tvd_hw_vs_ref": 0.12725,
      "fidelity_hw_vs_mps": 0.9542008937263203,
      "hellinger_hw_vs_mps": 0.15221014952439163,
      "marginal_L1_hw_vs_mps": 0.18568013174358994,
      "marginal_max_abs_hw_vs_mps": 0.07194458142320244
    },
    {
      "seed": 4,
      "marginal_L1_hw_vs_ref": 0.1965,
      "marginal_max_abs_hw_vs_ref": 0.083625,
      "topk_overlap": 0.8,
      "freq_corr_hw_vs_ref": 0.99684159036847,
      "tvd_hw_vs_mps": 0.13453626334161287,
      "tvd_ref_vs_mps": 0.008693379568697087,
      "tvd_hw_vs_ref": 0.140625,
      "fidelity_hw_vs_mps": 0.9507210249663766,
      "hellinger_hw_vs_mps": 0.15795808833671662,
      "marginal_L1_hw_vs_mps": 0.1879301317435899,
      "marginal_max_abs_hw_vs_mps": 0.07894458142320245
    }
  ],
  "error_bar_method": "seeds",
  "backend": "fake:torino (133q, ruido de dispositivo real)",
  "variant": "no_reuse_isometry",
  "N_sites": 4,
  "b_max": 2,
  "executed_depth": 150,
  "executed_2q_gates": 40
}