auc_roc,auc_pr
0.955845,0.950669
