{
  "shots": 8000,
  "marginal_L1_hw_vs_ref": 0.041214916666666664,
  "marginal_max_abs_hw_vs_ref": 0.013654666666666667,
  "site_marginals_hw": [
    0.0425,
    0.0161,
    0.506,
    0.0,
    0.0068,
    0.4859,
    0.0349,
    0.0488,
    0.0589,
    0.4005
  ],
  "site_marginals_ref": [
    0.0415,
    0.0185,
    0.4972,
    0.0,
    0.0061,
    0.4911,
    0.0342,
    0.0455,
    0.0584,
    0.4021
  ],
  "topk_k": 10,
  "topk_overlap": 0.9540666666666668,
  "freq_corr_hw_vs_ref": 0.9976839351692728,
  "tvd_hw_vs_mps": 0.031867504299600294,
  "tvd_ref_vs_mps": 0.032420709071461176,
  "tvd_hw_vs_ref": 0.045863333333333346,
  "fidelity_hw_vs_mps": 0.9899244941927989,
  "hellinger_hw_vs_mps": 0.07099595449080973,
  "mc_noise_scale": 0.17888543819998318,
  "marginal_L1_hw_vs_mps": 0.027799444318703327,
  "marginal_max_abs_hw_vs_mps": 0.008781784316818832,
  "site_marginals_mps": [
    0.0406,
    0.0185,
    0.5006,
    0.0,
    0.0057,
    0.4874,
    0.0352,
    0.0485,
    0.0591,
    0.4026
  ],
  "seed": 0,
  "transpile_seed": 2.0,
  "seconds": 0.1216785209999216,
  "marginal_L1_hw_vs_ref_std": 0.01188949251247354,
  "marginal_max_abs_hw_vs_ref_std": 0.0055524198306315,
  "topk_overlap_std": 0.05008537786799515,
  "freq_corr_hw_vs_ref_std": 0.0010519112472353715,
  "tvd_hw_vs_mps_std": 0.004518782763639586,
  "tvd_ref_vs_mps_std": 0.004387619717246776,
  "tvd_hw_vs_ref_std": 0.006427983408103267,
  "fidelity_hw_vs_mps_std": 0.0009262996707495233,
  "hellinger_hw_vs_mps_std": 0.0032678874197576897,
  "marginal_L1_hw_vs_mps_std": 0.007719385598388625,
  "marginal_max_abs_hw_vs_mps_std": 0.003550148447006554,
  "transpile_seed_std": 1.5811388300841898,
  "n_seeds": 5,
  "seeds": [
    0,
    1,
    2,
    3,
    4
  ],
  "per_seed": [
    {
      "seed": 0,
      "marginal_L1_hw_vs_ref": 0.02399999999999994,
      "marginal_max_abs_hw_vs_ref": 0.00874999999999998,
      "topk_overlap": 1.0,
      "freq_corr_hw_vs_ref": 0.9987761263961292,
      "tvd_hw_vs_mps": 0.019624306748524428,
      "tvd_ref_vs_mps": 0.022669505695064422,
      "tvd_hw_vs_ref": 0.03100000000000002,
      "fidelity_hw_vs_mps": 0.9940305478512727,
      "hellinger_hw_vs_mps": 0.054673519311393144,
      "marginal_L1_hw_vs_mps": 0.015267713510413696,
      "marginal_max_abs_hw_vs_mps": 0.005414857069850121,
      "transpile_seed": 0
    },
    {
      "seed": 1,
      "marginal_L1_hw_vs_ref": 0.032874999999999946,
      "marginal_max_abs_hw_vs_ref": 0.014124999999999999,
      "topk_overlap": 1.0,
      "freq_corr_hw_vs_ref": 0.998512831566084,
      "tvd_hw_vs_mps": 0.024484931306068748,
      "tvd_ref_vs_mps": 0.02465514277017425,
      "tvd_hw_vs_ref": 0.037375000000000005,
      "fidelity_hw_vs_mps": 0.9927684198712768,
      "hellinger_hw_vs_mps": 0.06018596827282234,
      "marginal_L1_hw_vs_mps": 0.019626804979909093,
      "marginal_max_abs_hw_vs_mps": 0.004379165199101309,
      "transpile_seed": 1
    },
    {
      "seed": 2,
      "marginal_L1_hw_vs_ref": 0.030625000000000045,
      "marginal_max_abs_hw_vs_ref": 0.00737500000000002,
      "topk_overlap": 1.0,
      "freq_corr_hw_vs_ref": 0.9986971379821918,
      "tvd_hw_vs_mps": 0.024801929091394725,
      "tvd_ref_vs_mps": 0.019824169447507232,
      "tvd_hw_vs_ref": 0.03624999999999999,
      "fidelity_hw_vs_mps": 0.9932437691750108,
      "hellinger_hw_vs_mps": 0.05817078821110659,
      "marginal_L1_hw_vs_mps": 0.02282682058011532,
      "marginal_max_abs_hw_vs_mps": 0.0056291651991012825,
      "transpile_seed": 2
    },
    {
      "seed": 3,
      "marginal_L1_hw_vs_ref": 0.02337500000000003,
      "marginal_max_abs_hw_vs_ref": 0.005250000000000032,
      "topk_overlap": 1.0,
      "freq_corr_hw_vs_ref": 0.9994399958028448,
      "tvd_hw_vs_mps": 0.02302022428282221,
      "tvd_ref_vs_mps": 0.02340919812850918,
      "tvd_hw_vs_ref": 0.030624999999999986,
      "fidelity_hw_vs_mps": 0.9934411250408266,
      "hellinger_hw_vs_mps": 0.05731345864630036,
      "marginal_L1_hw_vs_mps": 0.012743161520403305,
      "marginal_max_abs_hw_vs_mps": 0.004222644751829596,
      "transpile_seed": 3
    },
    {
      "seed": 4,
      "marginal_L1_hw_vs_ref": 0.027124999999999896,
      "marginal_max_abs_hw_vs_ref": 0.007249999999999979,
      "topk_overlap": 1.0,
      "freq_corr_hw_vs_ref": 0.9986781034056131,
      "tvd_hw_vs_mps": 0.018486183145207447,
      "tvd_ref_vs_mps": 0.023602401489435626,
      "tvd_hw_vs_ref": 0.033500000000000016,
      "fidelity_hw_vs_mps": 0.9935409472884439,
      "hellinger_hw_vs_mps": 0.05687493460250423,
      "marginal_L1_hw_vs_mps": 0.013858646505916476,
      "marginal_max_abs_hw_vs_mps": 0.003004165199101294,
      "transpile_seed": 4
    }
  ],
  "fidelity_hw_vs_mps_std_seed": 0.00043027985363595537,
  "fidelity_hw_vs_mps_std_bootstrap": 0.0008202989257494466,
  "fidelity_hw_vs_mps_std_total": 0.0009262996707495233,
  "freq_corr_hw_vs_ref_std_seed": 0.00039605031831221535,
  "freq_corr_hw_vs_ref_std_bootstrap": 0.000974505729806176,
  "freq_corr_hw_vs_ref_std_total": 0.0010519112472353715,
  "hellinger_hw_vs_mps_std_seed": 0.0015267255298321769,
  "hellinger_hw_vs_mps_std_bootstrap": 0.002889324721240108,
  "hellinger_hw_vs_mps_std_total": 0.0032678874197576897,
  "marginal_L1_hw_vs_mps_std_seed": 0.0016515856984755046,
  "marginal_L1_hw_vs_mps_std_bootstrap": 0.007540635165369088,
  "marginal_L1_hw_vs_mps_std_total": 0.007719385598388625,
  "marginal_L1_hw_vs_ref_std_seed": 0.003094238785742696,
  "marginal_L1_hw_vs_ref_std_bootstrap": 0.011479796101890047,
  "marginal_L1_hw_vs_ref_std_total": 0.01188949251247354,
  "marginal_max_abs_hw_vs_mps_std_seed": 0.0005577268784896384,
  "marginal_max_abs_hw_vs_mps_std_bootstrap": 0.003506065419354472,
  "marginal_max_abs_hw_vs_mps_std_total": 0.003550148447006554,
  "marginal_max_abs_hw_vs_ref_std_seed": 0.0019353456750525052,
  "marginal_max_abs_hw_vs_ref_std_bootstrap": 0.0052042101315805354,
  "marginal_max_abs_hw_vs_ref_std_total": 0.0055524198306315,
  "topk_overlap_std_seed": 0.009220749547744083,
  "topk_overlap_std_bootstrap": 0.04922928857862599,
  "topk_overlap_std_total": 0.05008537786799515,
  "tvd_hw_vs_mps_std_seed": 0.0019608503874115773,
  "tvd_hw_vs_mps_std_bootstrap": 0.004071174698186518,
  "tvd_hw_vs_mps_std_total": 0.004518782763639586,
  "tvd_hw_vs_ref_std_seed": 0.002185858133834398,
  "tvd_hw_vs_ref_std_bootstrap": 0.0060449147978777085,
  "tvd_hw_vs_ref_std_total": 0.006427983408103267,
  "tvd_ref_vs_mps_std_seed": 0.0014516480536094357,
  "tvd_ref_vs_mps_std_bootstrap": 0.004140522275223817,
  "tvd_ref_vs_mps_std_total": 0.004387619717246776,
  "n_boots": 300,
  "per_seed_bootstrap": [
    {
      "seed": 0,
      "transpile_seed": 0,
      "marginal_L1_hw_vs_ref": 0.039875833333333326,
      "marginal_max_abs_hw_vs_ref": 0.013407083333333333,
      "topk_overlap": 0.9420000000000001,
      "freq_corr_hw_vs_ref": 0.9976658035058866,
      "tvd_hw_vs_mps": 0.03016558471420062,
      "tvd_ref_vs_mps": 0.03182084363599166,
      "tvd_hw_vs_ref": 0.04409583333333334,
      "fidelity_hw_vs_mps": 0.9905363140999839,
      "hellinger_hw_vs_mps": 0.06880922414806073,
      "marginal_L1_hw_vs_mps": 0.027332064867757234,
      "marginal_max_abs_hw_vs_mps": 0.008935527717828413,
      "marginal_L1_hw_vs_ref_std": 0.011195739610389055,
      "marginal_max_abs_hw_vs_ref_std": 0.005257913473044447,
      "topk_overlap_std": 0.04943831669050469,
      "freq_corr_hw_vs_ref_std": 0.001003090546235866,
      "tvd_hw_vs_mps_std": 0.004113005573139568,
      "tvd_ref_vs_mps_std": 0.0038963033855956737,
      "tvd_hw_vs_ref_std": 0.006000590771268805,
      "fidelity_hw_vs_mps_std": 0.0008019890828183641,
      "hellinger_hw_vs_mps_std": 0.002914048424511716,
      "marginal_L1_hw_vs_mps_std": 0.007242211292353417,
      "marginal_max_abs_hw_vs_mps_std": 0.0037383949551116906,
      "n_boots": 300,
      "bootstrap_resamples": 300
    },
    {
      "seed": 1,
      "transpile_seed": 1,