{
  "shots": 8000,
  "marginal_L1_hw_vs_ref": 0.6343378333333333,
  "marginal_max_abs_hw_vs_ref": 0.14175858333333333,
  "site_marginals_hw": [
    0.0478,
    0.0371,
    0.486,
    0.0762,
    0.0596,
    0.4432,
    0.1271,
    0.1848,
    0.2019,
    0.4684
  ],
  "site_marginals_ref": [
    0.0415,
    0.0185,
    0.4972,
    0.0,
    0.0061,
    0.4911,
    0.0342,
    0.0455,
    0.0584,
    0.4021
  ],
  "topk_k": 10,
  "topk_overlap": 0.9051333333333336,
  "freq_corr_hw_vs_ref": 0.9582271854944165,
  "tvd_hw_vs_mps": 0.38308321858692485,
  "tvd_ref_vs_mps": 0.032439402566488036,
  "tvd_hw_vs_ref": 0.38602575000000006,
  "fidelity_hw_vs_mps": 0.7059218794584251,
  "hellinger_hw_vs_mps": 0.3996562466859813,
  "mc_noise_scale": 0.17888543819998318,
  "marginal_L1_hw_vs_mps": 0.631709241548263,
  "marginal_max_abs_hw_vs_mps": 0.1415952755899173,
  "site_marginals_mps": [
    0.0406,
    0.0185,
    0.5006,
    0.0,
    0.0057,
    0.4874,
    0.0352,
    0.0485,
    0.0591,
    0.4026
  ],
  "seed": 0,
  "transpile_seed": 2.0,
  "executed_depth": 1039.2,
  "executed_2q_gates": 293.6,
  "seconds": 6.461059432999718,
  "marginal_L1_hw_vs_ref_std": 0.03900646961973983,
  "marginal_max_abs_hw_vs_ref_std": 0.006621904931755948,
  "topk_overlap_std": 0.02448915988886571,
  "freq_corr_hw_vs_ref_std": 0.006451423283771042,
  "tvd_hw_vs_mps_std": 0.011540084101514666,
  "tvd_ref_vs_mps_std": 0.004303926864525249,
  "tvd_hw_vs_ref_std": 0.01601266338144245,
  "fidelity_hw_vs_mps_std": 0.017239395566350683,
  "hellinger_hw_vs_mps_std": 0.012832358383265595,
  "marginal_L1_hw_vs_mps_std": 0.03013109403813141,
  "marginal_max_abs_hw_vs_mps_std": 0.004769363420125637,
  "transpile_seed_std": 1.5811388300841898,
  "executed_depth_std": 13.479614237803691,
  "executed_2q_gates_std": 2.9664793948382653,
  "n_seeds": 5,
  "seeds": [
    0,
    1,
    2,
    3,
    4
  ],
  "per_seed": [
    {
      "seed": 0,
      "marginal_L1_hw_vs_ref": 0.6556249999999999,
      "marginal_max_abs_hw_vs_ref": 0.1435,
      "topk_overlap": 0.9,
      "freq_corr_hw_vs_ref": 0.9589819383171935,
      "tvd_hw_vs_mps": 0.3928110152861513,
      "tvd_ref_vs_mps": 0.022669505695064422,
      "tvd_hw_vs_ref": 0.39762500000000006,
      "fidelity_hw_vs_mps": 0.6921019165438325,
      "hellinger_hw_vs_mps": 0.4099675239537528,
      "marginal_L1_hw_vs_mps": 0.6513528668855677,
      "marginal_max_abs_hw_vs_mps": 0.14274973588439704,
      "transpile_seed": 0,
      "executed_depth": 1022,
      "executed_2q_gates": 291
    },
    {
      "seed": 1,
      "marginal_L1_hw_vs_ref": 0.57875,
      "marginal_max_abs_hw_vs_ref": 0.13787500000000003,
      "topk_overlap": 0.9,
      "freq_corr_hw_vs_ref": 0.9576115625096795,
      "tvd_hw_vs_mps": 0.36745518776855735,
      "tvd_ref_vs_mps": 0.02465514277017425,
      "tvd_hw_vs_ref": 0.361375,
      "fidelity_hw_vs_mps": 0.7285139481038526,
      "hellinger_hw_vs_mps": 0.38271361955751887,
      "marginal_L1_hw_vs_mps": 0.5947278668855678,
      "marginal_max_abs_hw_vs_mps": 0.13937473588439706,
      "transpile_seed": 1,
      "executed_depth": 1049,
      "executed_2q_gates": 291
    },
    {
      "seed": 2,
      "marginal_L1_hw_vs_ref": 0.610625,
      "marginal_max_abs_hw_vs_ref": 0.13562500000000002,
      "topk_overlap": 0.9,
      "freq_corr_hw_vs_ref": 0.9528926110822239,
      "tvd_hw_vs_mps": 0.37548654732827413,
      "tvd_ref_vs_mps": 0.019824169447507232,
      "tvd_hw_vs_ref": 0.37549999999999994,
      "fidelity_hw_vs_mps": 0.7195912606469733,
      "hellinger_hw_vs_mps": 0.38950320761442925,
      "marginal_L1_hw_vs_mps": 0.6121028668855677,
      "marginal_max_abs_hw_vs_mps": 0.13816482620010556,
      "transpile_seed": 2,
      "executed_depth": 1055,
      "executed_2q_gates": 293
    },
    {
      "seed": 3,
      "marginal_L1_hw_vs_ref": 0.6535,
      "marginal_max_abs_hw_vs_ref": 0.139875,
      "topk_overlap": 0.9,
      "freq_corr_hw_vs_ref": 0.9646631054219749,
      "tvd_hw_vs_mps": 0.3865379762563546,
      "tvd_ref_vs_mps": 0.02340919812850918,
      "tvd_hw_vs_ref": 0.387625,
      "fidelity_hw_vs_mps": 0.6918753412841792,
      "hellinger_hw_vs_mps": 0.4101335841758531,
      "marginal_L1_hw_vs_mps": 0.644432581025268,
      "marginal_max_abs_hw_vs_mps": 0.14199973588439704,
      "transpile_seed": 3,
      "executed_depth": 1030,
      "executed_2q_gates": 295
    },
    {
      "seed": 4,
      "marginal_L1_hw_vs_ref": 0.662875,
      "marginal_max_abs_hw_vs_ref": 0.147625,
      "topk_overlap": 0.9,
      "freq_corr_hw_vs_ref": 0.956593893511482,
      "tvd_hw_vs_mps": 0.38425713356095614,
      "tvd_ref_vs_mps": 0.023602401489435626,
      "tvd_hw_vs_ref": 0.39149999999999996,
      "fidelity_hw_vs_mps": 0.7119616007180604,
      "hellinger_hw_vs_mps": 0.39524907295827333,
      "marginal_L1_hw_vs_mps": 0.6521028668855677,
      "marginal_max_abs_hw_vs_mps": 0.14374973588439705,
      "transpile_seed": 4,
      "executed_depth": 1040,
      "executed_2q_gates": 298
    }
  ],
  "fidelity_hw_vs_mps_std_seed": 0.01648146143740555,
  "fidelity_hw_vs_mps_std_bootstrap": 0.005055510694324107,
  "fidelity_hw_vs_mps_std_total": 0.017239395566350683,
  "freq_corr_hw_vs_ref_std_seed": 0.004422382036260582,
  "freq_corr_hw_vs_ref_std_bootstrap": 0.004697169308396584,
  "freq_corr_hw_vs_ref_std_total": 0.006451423283771042,
  "hellinger_hw_vs_mps_std_seed": 0.012267444623936002,
  "hellinger_hw_vs_mps_std_bootstrap": 0.003765531048236155,
  "hellinger_hw_vs_mps_std_total": 0.012832358383265595,
  "marginal_L1_hw_vs_mps_std_seed": 0.026270046318317065,
  "marginal_L1_hw_vs_mps_std_bootstrap": 0.01475694732552075,
  "marginal_L1_hw_vs_mps_std_total": 0.03013109403813141,
  "marginal_L1_hw_vs_ref_std_seed": 0.03402678690430892,
  "marginal_L1_hw_vs_ref_std_bootstrap": 0.01907046001449459,
  "marginal_L1_hw_vs_ref_std_total": 0.03900646961973983,
  "marginal_max_abs_hw_vs_mps_std_seed": 0.002167695361714315,
  "marginal_max_abs_hw_vs_mps_std_bootstrap": 0.004248284860038785,
  "marginal_max_abs_hw_vs_mps_std_total": 0.004769363420125637,
  "marginal_max_abs_hw_vs_ref_std_seed": 0.004613310844116677,
  "marginal_max_abs_hw_vs_ref_std_bootstrap": 0.0047504723955380706,
  "marginal_max_abs_hw_vs_ref_std_total": 0.006621904931755948,
  "topk_overlap_std_seed": 0.004549725266430852,
  "topk_overlap_std_bootstrap": 0.02406281263822727,
  "topk_overlap_std_total": 0.02448915988886571,
  "tvd_hw_vs_mps_std_seed": 0.010091147252877044,
  "tvd_hw_vs_mps_std_bootstrap": 0.005598418365108457,
  "tvd_hw_vs_mps_std_total": 0.011540084101514666,
  "tvd_hw_vs_ref_std_seed": 0.014698488464544919,
  "tvd_hw_vs_ref_std_bootstrap": 0.006352938330019256,
  "tvd_hw_vs_ref_std_total": 0.01601266338144245,
  "tvd_ref_vs_mps_std_seed": 0.001618430193988813,
  "tvd_ref_vs_mps_std_bootstrap": 0.003988040892765203,
  "tvd_ref_vs_mps_std_total": 0.004303926864525249,
  "n_boots": 300,
  "per_seed_bootstrap": [
    {
      "seed": 0,
      "transpile_seed": 0,
      "marginal_L1_hw_vs_ref": 0.6558708333333333,
      "marginal_max_abs_hw_vs_ref": 0.14470916666666667,
      "topk_overlap": 0.9130000000000001,
      "freq_corr_hw_vs_ref": 0.9576098265090884,
      "tvd_hw_vs_mps": 0.39506087339756013,
      "tvd_ref_vs_mps": 0.031839584727583595,
      "tvd_hw_vs_ref": 0.4014849999999999,
      "fidelity_hw_vs_mps": 0.688778978108507,
      "hellinger_hw_vs_mps": 0.4123890529879021,
      "marginal_L1_hw_vs_mps": 0.6514816168855678,
      "marginal_max_abs_hw_vs_mps": 0.1432547824640343,
      "marginal_L1_hw_vs_ref_std": 0.01898794072868204,
      "marginal_max_abs_hw_vs_ref_std": 0.004429480344913549,
      "topk_overlap_std": 0.033686534530812925,
      "freq_corr_hw_vs_ref_std": 0.004235372611756393,
      "tvd_hw_vs_mps_std": 0.005566186791866252,
      "tvd_ref_vs_mps_std": 0.003732791184599902,
      "tvd_hw_vs_ref_std": 0.006326222831810917,
      "fidelity_hw_vs_mps_std": 0.005102237035336484,