{
  "shots": 8000,
  "marginal_L1_hw_vs_ref": 0.4880353333333334,
  "marginal_max_abs_hw_vs_ref": 0.124766,
  "site_marginals_hw": [
    0.0616,
    0.0456,
    0.0309,
    0.0721,
    0.4381,
    0.1518,
    0.1895,
    0.4781
  ],
  "site_marginals_ref": [
    0.0458,
    0.019,
    0.0,
    0.0062,
    0.4848,
    0.0428,
    0.0601,
    0.4071
  ],
  "topk_k": 10,
  "topk_overlap": 0.7098000000000001,
  "freq_corr_hw_vs_ref": 0.9792219786798171,
  "tvd_hw_vs_mps": 0.2795122378027828,
  "tvd_ref_vs_mps": 0.02094793796916886,
  "tvd_hw_vs_ref": 0.2815705833333333,
  "fidelity_hw_vs_mps": 0.8047250608909687,
  "hellinger_hw_vs_mps": 0.3207974799904738,
  "mc_noise_scale": 0.08944271909999159,
  "marginal_L1_hw_vs_mps": 0.48949025301397153,
  "marginal_max_abs_hw_vs_mps": 0.12406128613906586,
  "site_marginals_mps": [
    0.042,
    0.0176,
    0.0,
    0.0058,
    0.4822,
    0.0456,
    0.0612,
    0.4077
  ],
  "seed": 0,
  "transpile_seed": 2.0,
  "executed_depth": 730.8,
  "executed_2q_gates": 208.6,
  "seconds": 4.682835798000269,
  "marginal_L1_hw_vs_ref_std": 0.01855905902066771,
  "marginal_max_abs_hw_vs_ref_std": 0.006008669202300242,
  "topk_overlap_std": 0.029978269721890147,
  "freq_corr_hw_vs_ref_std": 0.00391813380318875,
  "tvd_hw_vs_mps_std": 0.008684520928237016,
  "tvd_ref_vs_mps_std": 0.0044047857325517185,
  "tvd_hw_vs_ref_std": 0.008850246624385221,
  "fidelity_hw_vs_mps_std": 0.0068529640553709305,
  "hellinger_hw_vs_mps_std": 0.005955570852475787,
  "marginal_L1_hw_vs_mps_std": 0.01647467981724759,
  "marginal_max_abs_hw_vs_mps_std": 0.005272219075434127,
  "transpile_seed_std": 1.5811388300841898,
  "executed_depth_std": 7.014271166700073,
  "executed_2q_gates_std": 4.219004621945797,
  "n_seeds": 5,
  "seeds": [
    0,
    1,
    2,
    3,
    4
  ],
  "per_seed": [
    {
      "seed": 0,
      "marginal_L1_hw_vs_ref": 0.49525,
      "marginal_max_abs_hw_vs_ref": 0.12937500000000002,
      "topk_overlap": 0.7,
      "freq_corr_hw_vs_ref": 0.9757702979842643,
      "tvd_hw_vs_mps": 0.2802355048289125,
      "tvd_ref_vs_mps": 0.015331702891812368,
      "tvd_hw_vs_ref": 0.285125,
      "fidelity_hw_vs_mps": 0.8066071651914999,
      "hellinger_hw_vs_mps": 0.31919725279729005,
      "marginal_L1_hw_vs_mps": 0.4938000863473049,
      "marginal_max_abs_hw_vs_mps": 0.12832795593568913,
      "transpile_seed": 0,
      "executed_depth": 725,
      "executed_2q_gates": 212
    },
    {
      "seed": 1,
      "marginal_L1_hw_vs_ref": 0.48699999999999993,
      "marginal_max_abs_hw_vs_ref": 0.1195,
      "topk_overlap": 0.7,
      "freq_corr_hw_vs_ref": 0.9825384161774199,
      "tvd_hw_vs_mps": 0.28390283552713647,
      "tvd_ref_vs_mps": 0.017594572334880206,
      "tvd_hw_vs_ref": 0.27899999999999997,
      "fidelity_hw_vs_mps": 0.8049690992177683,
      "hellinger_hw_vs_mps": 0.32062329648924387,
      "marginal_L1_hw_vs_mps": 0.49505008634730485,
      "marginal_max_abs_hw_vs_mps": 0.12132795593568912,
      "transpile_seed": 1,
      "executed_depth": 741,
      "executed_2q_gates": 214
    },
    {
      "seed": 2,
      "marginal_L1_hw_vs_ref": 0.49537500000000007,
      "marginal_max_abs_hw_vs_ref": 0.12575000000000003,
      "topk_overlap": 0.7,
      "freq_corr_hw_vs_ref": 0.9800921256233975,
      "tvd_hw_vs_mps": 0.2853270858712411,
      "tvd_ref_vs_mps": 0.012839450665259981,
      "tvd_hw_vs_ref": 0.285125,
      "fidelity_hw_vs_mps": 0.7986512524364381,
      "hellinger_hw_vs_mps": 0.3260783646067123,
      "marginal_L1_hw_vs_mps": 0.49805008634730485,
      "marginal_max_abs_hw_vs_mps": 0.12420295593568914,
      "transpile_seed": 2,
      "executed_depth": 735,
      "executed_2q_gates": 206
    },
    {
      "seed": 3,
      "marginal_L1_hw_vs_ref": 0.48112500000000014,
      "marginal_max_abs_hw_vs_ref": 0.12225000000000001,
      "topk_overlap": 0.7,
      "freq_corr_hw_vs_ref": 0.9775391966718802,
      "tvd_hw_vs_mps": 0.27263869050891987,
      "tvd_ref_vs_mps": 0.015103808588158258,
      "tvd_hw_vs_ref": 0.27087500000000003,
      "fidelity_hw_vs_mps": 0.8124826905464514,
      "hellinger_hw_vs_mps": 0.31404105263869714,
      "marginal_L1_hw_vs_mps": 0.48767508634730494,
      "marginal_max_abs_hw_vs_mps": 0.12520295593568914,
      "transpile_seed": 3,
      "executed_depth": 725,
      "executed_2q_gates": 204
    },
    {
      "seed": 4,
      "marginal_L1_hw_vs_ref": 0.481375,
      "marginal_max_abs_hw_vs_ref": 0.125375,
      "topk_overlap": 0.7,
      "freq_corr_hw_vs_ref": 0.9823595094114754,
      "tvd_hw_vs_mps": 0.26983591351537434,
      "tvd_ref_vs_mps": 0.016150405503082912,
      "tvd_hw_vs_ref": 0.27925,
      "fidelity_hw_vs_mps": 0.8067184467792035,
      "hellinger_hw_vs_mps": 0.3191001963941274,
      "marginal_L1_hw_vs_mps": 0.47242508634730485,
      "marginal_max_abs_hw_vs_mps": 0.11957795593568912,
      "transpile_seed": 4,
      "executed_depth": 728,
      "executed_2q_gates": 207
    }
  ],
  "fidelity_hw_vs_mps_std_seed": 0.005086468522159022,
  "fidelity_hw_vs_mps_std_bootstrap": 0.004592488902250218,
  "fidelity_hw_vs_mps_std_total": 0.0068529640553709305,
  "freq_corr_hw_vs_ref_std_seed": 0.0029271795516511603,
  "freq_corr_hw_vs_ref_std_bootstrap": 0.002604494648119986,
  "freq_corr_hw_vs_ref_std_total": 0.00391813380318875,
  "hellinger_hw_vs_mps_std_seed": 0.004419688626380273,
  "hellinger_hw_vs_mps_std_bootstrap": 0.003991888854252335,
  "hellinger_hw_vs_mps_std_total": 0.005955570852475787,
  "marginal_L1_hw_vs_mps_std_seed": 0.010009137949893597,
  "marginal_L1_hw_vs_mps_std_bootstrap": 0.013085573452501996,
  "marginal_L1_hw_vs_mps_std_total": 0.01647467981724759,
  "marginal_L1_hw_vs_ref_std_seed": 0.007672058737899361,
  "marginal_L1_hw_vs_ref_std_bootstrap": 0.016899058744641655,
  "marginal_L1_hw_vs_ref_std_total": 0.01855905902066771,
  "marginal_max_abs_hw_vs_mps_std_seed": 0.003179427923627533,
  "marginal_max_abs_hw_vs_mps_std_bootstrap": 0.0042056547715937165,
  "marginal_max_abs_hw_vs_mps_std_total": 0.005272219075434127,
  "marginal_max_abs_hw_vs_ref_std_seed": 0.0035217950190563367,
  "marginal_max_abs_hw_vs_ref_std_bootstrap": 0.004868374002315497,
  "marginal_max_abs_hw_vs_ref_std_total": 0.006008669202300242,
  "topk_overlap_std_seed": 0.007726577508832712,
  "topk_overlap_std_bootstrap": 0.028965438983699108,
  "topk_overlap_std_total": 0.029978269721890147,
  "tvd_hw_vs_mps_std_seed": 0.006776561696934149,
  "tvd_hw_vs_mps_std_bootstrap": 0.005431308803652367,
  "tvd_hw_vs_mps_std_total": 0.008684520928237016,
  "tvd_hw_vs_ref_std_seed": 0.006392957202124423,
  "tvd_hw_vs_ref_std_bootstrap": 0.006120209434671944,
  "tvd_hw_vs_ref_std_total": 0.008850246624385221,
  "tvd_ref_vs_mps_std_seed": 0.0014318146391946976,
  "tvd_ref_vs_mps_std_bootstrap": 0.004165578493880404,
  "tvd_ref_vs_mps_std_total": 0.0044047857325517185,
  "n_boots": 300,
  "per_seed_bootstrap": [
    {
      "seed": 0,
      "transpile_seed": 0,
      "marginal_L1_hw_vs_ref": 0.49550833333333344,
      "marginal_max_abs_hw_vs_ref": 0.12947833333333333,
      "topk_overlap": 0.7220000000000001,
      "freq_corr_hw_vs_ref": 0.9751381184264672,
      "tvd_hw_vs_mps": 0.281847655041283,
      "tvd_ref_vs_mps": 0.020894896644951796,
      "tvd_hw_vs_ref": 0.2870004166666667,
      "fidelity_hw_vs_mps": 0.8054236012331364,
      "hellinger_hw_vs_mps": 0.32020972340755416,
      "marginal_L1_hw_vs_mps": 0.4932980030139716,
      "marginal_max_abs_hw_vs_mps": 0.12849795593568913,
      "marginal_L1_hw_vs_ref_std": 0.01751222797030221,
      "marginal_max_abs_hw_vs_ref_std": 0.004835693884027638,
      "topk_overlap_std": 0.04149384448848751,
      "freq_corr_hw_vs_ref_std": 0.0029510576336405163,
      "tvd_hw_vs_mps_std": 0.005360908399144941,
      "tvd_ref_vs_mps_std": 0.004452715578849798,
      "tvd_hw_vs_ref_std": 0.005988060325731884,
      "fidelity_hw_vs_mps_std": 0.004505476884709586,
      "hellinger_hw_vs_mps_std": 0.003915417511424436,