{
  "model": {
    "num_sites": 40,
    "num_parameters": 32592,
    "bond_dims": [
      2,
      2,
      4,
      8,
      8,
      8,
      4,
      4,
      8,
      8,
      16,
      16,
      16,
      16,
      16,
      16,
      16,
      16,
      8,
      8,
      16,
      16,
      32,
      32,
      32,
      32,
      32,
      32,
      32,
      32,
      32,
      32,
      32,
      32,
      32,
      16,
      8,
      4,
      2
    ],
    "sanity": {
      "log_norm": -1.4155343563970746e-15,
      "tensors_finite": true,
      "issues": []
    }
  },
  "dataset": {
    "n_test_total": 22544,
    "n_test_scored": 22544,
    "n_dropped_nan": 0,
    "n_normal": 9711,
    "n_attack": 12833,
    "attack_rate": 0.5692423704755145,
    "per_family_counts": {
      "dos": 7458,
      "normal": 9711,
      "probe": 2421,
      "r2l": 2754,
      "u2r": 200
    }
  },
  "thresholds": {
    "p94.5": 11.320361573449205,
    "p99": 16.060794104042944
  },
  "threshold_policy": "percentile of val-normal NLL; val-normal is the encoder's held-out split (val_normal_*), shared with the trainer",
  "global_metrics": {
    "auc_roc": 0.9409725850716182,
    "auc_pr": 0.9327989610478269
  },
  "metrics_per_threshold": {
    "p94.5": {
      "threshold": 11.320361573449205,
      "tp": 10843,
      "fp": 699,
      "fn": 1990,
      "tn": 9012,
      "precision": 0.9394385721712009,
      "recall": 0.8449310371697967,
      "f1": 0.8896820512820514,
      "fpr": 0.07198022860673463
    },
    "p99": {
      "threshold": 16.060794104042944,
      "tp": 8280,
      "fp": 275,
      "fn": 4553,
      "tn": 9436,
      "precision": 0.9678550555230859,
      "recall": 0.6452115639367256,
      "f1": 0.7742659435197307,
      "fpr": 0.028318401812377717
    }
  },
  "per_family": {
    "evaluated_at": [
      "p94.5",
      "p99"
    ],
    "families": {
      "dos": {
        "n_samples": 7458,
        "auc_roc": 0.9736311212214825,
        "auc_pr": 0.9251800243356918,
        "auc_pr_baseline": 0.4343875589725668,
        "recall_at_threshold": {
          "p94.5": 0.9625905068382945,
          "p99": 0.8035666398498257
        }
      },
      "probe": {
        "n_samples": 2421,
        "auc_roc": 0.932993287078774,
        "auc_pr": 0.7822778162414906,
        "auc_pr_baseline": 0.19955489614243324,
        "recall_at_threshold": {
          "p94.5": 0.8376703841387856,
          "p99": 0.6856670797191243
        }
      },
      "r2l": {
        "n_samples": 2754,
        "auc_roc": 0.8664392407534911,
        "auc_pr": 0.5959996906572529,
        "auc_pr_baseline": 0.22093862815884477,
        "recall_at_threshold": {
          "p94.5": 0.5624546114742193,
          "p99": 0.21169208424110386
        }
      },
      "u2r": {
        "n_samples": 200,
        "auc_roc": 0.8460493255071568,
        "auc_pr": 0.10188203767667535,
        "auc_pr_baseline": 0.020179598425991322,
        "recall_at_threshold": {
          "p94.5": 0.435,
          "p99": 0.22
        }
      }
    }
  },
  "per_difficulty": {
    "evaluated_at": "p99",
    "buckets": {
      "difficulty_0_to_15": {
        "n_samples": 3255,
        "recall_at_threshold": 0.43717357910906296
      },
      "difficulty_15_to_19": {
        "n_samples": 4699,
        "recall_at_threshold": 0.488401787614386
      },
      "difficulty_19_to_21": {
        "n_samples": 4879,
        "recall_at_threshold": 0.9350276696044272
      }
    }
  },
  "distribution_shift": {
    "train_normal": {
      "n": 45793,
      "percentiles": {
        "p50": 5.870823926002673,
        "p90": 9.782889344618445,
        "p95": 11.296234601496442,
        "p99": 14.228586824715885
      }
    },
    "val_normal": {
      "n": 8081,
      "percentiles": {
        "p50": 5.7415091950750385,
        "p90": 9.963873236013807,
        "p95": 11.537285855114924,
        "p99": 16.060794104042944
      }
    },
    "test_normal": {
      "n": 9711,
      "percentiles": {
        "p50": 5.7323912499348895,
        "p90": 9.875225194305827,
        "p95": 13.635967966968632,
        "p99": 22.330281205035337
      }
    },
    "realised_fpr_on_test_normal": {
      "p94.5": 0.07198022860673463,
      "p99": 0.028318401812377717
    }
  },
  "plots": [
    "evaluate_graphs/eval_nll_histograms.png",
    "evaluate_graphs/eval_roc_pr.png",
    "evaluate_graphs/eval_threshold_sweep.png",
    "evaluate_graphs/eval_confusion.png"
  ],
  "tables": [
    "evaluate_tables/global_metrics.csv",
    "evaluate_tables/metrics_per_threshold.csv",
    "evaluate_tables/per_family.csv",
    "evaluate_tables/per_difficulty.csv",
    "evaluate_tables/distribution_shift.csv",
    "evaluate_tables/realised_fpr.csv",
    "evaluate_tables/threshold_sweep.csv",
    "evaluate_tables/test_scores.csv"
  ]
}