{
  "shots": 8000,
  "marginal_L1_hw_vs_ref": 0.01840000000000001,
  "marginal_max_abs_hw_vs_ref": 0.007050000000000001,
  "site_marginals_hw": [
    0.0378,
    0.0175,
    0.0,
    0.0054,
    0.479,
    0.0478,
    0.0588,
    0.405
  ],
  "site_marginals_ref": [
    0.0408,
    0.0199,
    0.0,
    0.0062,
    0.4864,
    0.0448,
    0.0589,
    0.4046
  ],
  "topk_k": 10,
  "topk_overlap": 0.9199999999999999,
  "freq_corr_hw_vs_ref": 0.9995938994604234,
  "tvd_hw_vs_mps": 0.012680932496669881,
  "tvd_ref_vs_mps": 0.014624517281059115,
  "tvd_hw_vs_ref": 0.018899999999999993,
  "fidelity_hw_vs_mps": 0.9979815352406366,
  "hellinger_hw_vs_mps": 0.0317158660743773,
  "mc_noise_scale": 0.08944271909999159,
  "marginal_L1_hw_vs_mps": 0.013472985448564128,
  "marginal_max_abs_hw_vs_mps": 0.004464552305745962,
  "site_marginals_mps": [
    0.0399,
    0.0197,
    0.0,
    0.0055,
    0.4823,
    0.0478,
    0.0591,
    0.4058
  ],
  "seed": 0,
  "seconds": 0.050599257999920155,
  "marginal_L1_hw_vs_ref_std": 0.007343364351576175,
  "marginal_max_abs_hw_vs_ref_std": 0.0022213453130929322,
  "topk_overlap_std": 0.04472135954999578,
  "freq_corr_hw_vs_ref_std": 0.00012150173887430904,
  "tvd_hw_vs_mps_std": 0.002743364952053905,
  "tvd_ref_vs_mps_std": 0.0025129714657007476,
  "tvd_hw_vs_ref_std": 0.002201561945528657,
  "fidelity_hw_vs_mps_std": 0.00027890906266985534,
  "hellinger_hw_vs_mps_std": 0.0021948266466959273,
  "marginal_L1_hw_vs_mps_std": 0.004278983067341397,
  "marginal_max_abs_hw_vs_mps_std": 0.0017548012627999123,
  "n_seeds": 5,
  "seeds": [
    0,
    1,
    2,
    3,
    4
  ],
  "per_seed": [
    {
      "seed": 0,
      "marginal_L1_hw_vs_ref": 0.01712500000000004,
      "marginal_max_abs_hw_vs_ref": 0.00737500000000002,
      "topk_overlap": 1.0,
      "freq_corr_hw_vs_ref": 0.9995196339917775,
      "tvd_hw_vs_mps": 0.010166364551719348,
      "tvd_ref_vs_mps": 0.013682781453949865,
      "tvd_hw_vs_ref": 0.01837499999999998,
      "fidelity_hw_vs_mps": 0.9976569628648478,
      "hellinger_hw_vs_mps": 0.03423748823382175,
      "marginal_L1_hw_vs_mps": 0.00903666395197638,
      "marginal_max_abs_hw_vs_mps": 0.003295956407323053
    },
    {
      "seed": 1,
      "marginal_L1_hw_vs_ref": 0.01624999999999996,
      "marginal_max_abs_hw_vs_ref": 0.008374999999999966,
      "topk_overlap": 0.9,
      "freq_corr_hw_vs_ref": 0.9994926885564052,
      "tvd_hw_vs_mps": 0.015955570342550303,
      "tvd_ref_vs_mps": 0.017755951664239048,
      "tvd_hw_vs_ref": 0.019999999999999983,
      "fidelity_hw_vs_mps": 0.998020003447217,
      "hellinger_hw_vs_mps": 0.03147203219420836,
      "marginal_L1_hw_vs_mps": 0.01897427029140691,
      "marginal_max_abs_hw_vs_mps": 0.00707904359267697
    },
    {
      "seed": 2,
      "marginal_L1_hw_vs_ref": 0.020124999999999973,
      "marginal_max_abs_hw_vs_ref": 0.007374999999999965,
      "topk_overlap": 0.9,
      "freq_corr_hw_vs_ref": 0.9996361148297831,
      "tvd_hw_vs_mps": 0.014904266413089713,
      "tvd_ref_vs_mps": 0.011151936382391026,
      "tvd_hw_vs_ref": 0.019624999999999997,
      "fidelity_hw_vs_mps": 0.9982876005364406,
      "hellinger_hw_vs_mps": 0.02926715881217265,
      "marginal_L1_hw_vs_mps": 0.016701219021082778,
      "marginal_max_abs_hw_vs_mps": 0.005454043592676983
    },
    {
      "seed": 3,
      "marginal_L1_hw_vs_ref": 0.009125000000000062,
      "marginal_max_abs_hw_vs_ref": 0.0032500000000000306,
      "topk_overlap": 0.9,
      "freq_corr_hw_vs_ref": 0.9997882607304157,
      "tvd_hw_vs_mps": 0.01254280681351661,
      "tvd_ref_vs_mps": 0.016184011564986236,
      "tvd_hw_vs_ref": 0.01537500000000003,
      "fidelity_hw_vs_mps": 0.9977365452707908,
      "hellinger_hw_vs_mps": 0.03365068340773319,
      "marginal_L1_hw_vs_mps": 0.01267850368694765,
      "marginal_max_abs_hw_vs_mps": 0.0035396743433758204
    },
    {
      "seed": 4,
      "marginal_L1_hw_vs_ref": 0.029375000000000012,
      "marginal_max_abs_hw_vs_ref": 0.008875000000000022,
      "topk_overlap": 0.9,
      "freq_corr_hw_vs_ref": 0.9995327991937355,
      "tvd_hw_vs_mps": 0.009835654362473422,
      "tvd_ref_vs_mps": 0.014347905339729409,
      "tvd_hw_vs_ref": 0.021124999999999984,
      "fidelity_hw_vs_mps": 0.9982065640838861,
      "hellinger_hw_vs_mps": 0.02995196772395054,
      "marginal_L1_hw_vs_mps": 0.00997427029140693,
      "marginal_max_abs_hw_vs_mps": 0.0029540435926769804
    }
  ],
  "error_bar_method": "seeds",
  "backend": "Aer ideal (referencia)",
  "variant": "no_reuse_isometry",
  "N_sites": 8,
  "b_max": 3
}