{
  "shots": 8000,
  "marginal_L1_hw_vs_ref": 0.12392008333333333,
  "marginal_max_abs_hw_vs_ref": 0.057756416666666664,
  "site_marginals_hw": [
    0.0579,
    0.0339,
    0.088,
    0.1134
  ],
  "site_marginals_ref": [
    0.0394,
    0.0196,
    0.0449,
    0.058
  ],
  "topk_k": 10,
  "topk_overlap": 0.7876666666666667,
  "freq_corr_hw_vs_ref": 0.9985951545390277,
  "tvd_hw_vs_mps": 0.09066503353637981,
  "tvd_ref_vs_mps": 0.010060641170218928,
  "tvd_hw_vs_ref": 0.09024675000000001,
  "fidelity_hw_vs_mps": 0.9724456357779776,
  "hellinger_hw_vs_mps": 0.11770417808409439,
  "mc_noise_scale": 0.022360679774997897,
  "marginal_L1_hw_vs_mps": 0.12321562878355774,
  "marginal_max_abs_hw_vs_mps": 0.05702825299729335,
  "site_marginals_mps": [
    0.0418,
    0.0192,
    0.0481,
    0.0587
  ],
  "seed": 0,
  "transpile_seed": 2.0,
  "executed_depth": 153.4,
  "executed_2q_gates": 39.0,
  "seconds": 4.536399089000042,
  "marginal_L1_hw_vs_ref_std": 0.012893947582779512,
  "marginal_max_abs_hw_vs_ref_std": 0.008418487453210383,
  "topk_overlap_std": 0.06258874784154975,
  "freq_corr_hw_vs_ref_std": 0.00043484099202277434,
  "tvd_hw_vs_mps_std": 0.005341686869112933,
  "tvd_ref_vs_mps_std": 0.003946913255485144,
  "tvd_hw_vs_ref_std": 0.010302655746150713,
  "fidelity_hw_vs_mps_std": 0.0021187404564257696,
  "hellinger_hw_vs_mps_std": 0.004560516904929252,
  "marginal_L1_hw_vs_mps_std": 0.006850733535658077,
  "marginal_max_abs_hw_vs_mps_std": 0.006362259355778422,
  "transpile_seed_std": 1.5811388300841898,
  "executed_depth_std": 4.979959839195493,
  "executed_2q_gates_std": 1.4142135623730951,
  "n_seeds": 5,
  "seeds": [
    0,
    1,
    2,
    3,
    4
  ],
  "per_seed": [
    {
      "seed": 0,
      "marginal_L1_hw_vs_ref": 0.13125,
      "marginal_max_abs_hw_vs_ref": 0.055375,
      "topk_overlap": 0.8,
      "freq_corr_hw_vs_ref": 0.9985987673175737,
      "tvd_hw_vs_mps": 0.09267384405446483,
      "tvd_ref_vs_mps": 0.007002992345647356,
      "tvd_hw_vs_ref": 0.0965,
      "fidelity_hw_vs_mps": 0.9735157746273285,
      "hellinger_hw_vs_mps": 0.11545982014454269,
      "marginal_L1_hw_vs_mps": 0.12530513174358993,
      "marginal_max_abs_hw_vs_mps": 0.05469458142320245,
      "transpile_seed": 0,
      "executed_depth": 157,
      "executed_2q_gates": 40
    },
    {
      "seed": 1,
      "marginal_L1_hw_vs_ref": 0.10587500000000001,
      "marginal_max_abs_hw_vs_ref": 0.05587500000000001,
      "topk_overlap": 0.8,
      "freq_corr_hw_vs_ref": 0.9987699128313207,
      "tvd_hw_vs_mps": 0.0879546766302485,
      "tvd_ref_vs_mps": 0.013006243161508207,
      "tvd_hw_vs_ref": 0.07837499999999997,
      "fidelity_hw_vs_mps": 0.9734465226859436,
      "hellinger_hw_vs_mps": 0.11561169706002304,
      "marginal_L1_hw_vs_mps": 0.12155513174358995,
      "marginal_max_abs_hw_vs_mps": 0.057444581423202454,
      "transpile_seed": 1,
      "executed_depth": 157,
      "executed_2q_gates": 40
    },
    {
      "seed": 2,
      "marginal_L1_hw_vs_ref": 0.129,
      "marginal_max_abs_hw_vs_ref": 0.066,
      "topk_overlap": 0.7,
      "freq_corr_hw_vs_ref": 0.9982488640319251,
      "tvd_hw_vs_mps": 0.09242384405446485,
      "tvd_ref_vs_mps": 0.004325896681743918,
      "tvd_hw_vs_ref": 0.09324999999999997,
      "fidelity_hw_vs_mps": 0.9711749780123248,
      "hellinger_hw_vs_mps": 0.12049023047847308,
      "marginal_L1_hw_vs_mps": 0.12343013174358994,
      "marginal_max_abs_hw_vs_mps": 0.06406958142320245,
      "transpile_seed": 2,
      "executed_depth": 147,
      "executed_2q_gates": 38
    },
    {
      "seed": 3,
      "marginal_L1_hw_vs_ref": 0.120375,
      "marginal_max_abs_hw_vs_ref": 0.0465,
      "topk_overlap": 0.8,
      "freq_corr_hw_vs_ref": 0.9991444522259825,
      "tvd_hw_vs_mps": 0.08742384405446488,
      "tvd_ref_vs_mps": 0.006218647841698233,
      "tvd_hw_vs_ref": 0.082375,
      "fidelity_hw_vs_mps": 0.9726396551243547,
      "hellinger_hw_vs_mps": 0.11736715220738607,
      "marginal_L1_hw_vs_mps": 0.12293013174358994,
      "marginal_max_abs_hw_vs_mps": 0.04944458142320245,
      "transpile_seed": 3,
      "executed_depth": 157,
      "executed_2q_gates": 40
    },
    {
      "seed": 4,
      "marginal_L1_hw_vs_ref": 0.13049999999999998,
      "marginal_max_abs_hw_vs_ref": 0.06337499999999999,
      "topk_overlap": 0.8,
      "freq_corr_hw_vs_ref": 0.9983350081010003,
      "tvd_hw_vs_mps": 0.09074849748788122,
      "tvd_ref_vs_mps": 0.008693379568697087,
      "tvd_hw_vs_ref": 0.09637500000000002,
      "fidelity_hw_vs_mps": 0.9735252538800221,
      "hellinger_hw_vs_mps": 0.11543901600264042,
      "marginal_L1_hw_vs_mps": 0.12193013174358992,
      "marginal_max_abs_hw_vs_mps": 0.05869458142320244,
      "transpile_seed": 4,
      "executed_depth": 149,
      "executed_2q_gates": 37
    }
  ],
  "fidelity_hw_vs_mps_std_seed": 0.0010695916632382145,
  "fidelity_hw_vs_mps_std_bootstrap": 0.0018289436283348344,
  "fidelity_hw_vs_mps_std_total": 0.0021187404564257696,
  "freq_corr_hw_vs_ref_std_seed": 0.0003626118771917026,
  "freq_corr_hw_vs_ref_std_bootstrap": 0.00023999857262671387,
  "freq_corr_hw_vs_ref_std_total": 0.00043484099202277434,
  "hellinger_hw_vs_mps_std_seed": 0.0022891920452212397,
  "hellinger_hw_vs_mps_std_bootstrap": 0.0039443521927233225,
  "hellinger_hw_vs_mps_std_total": 0.004560516904929252,
  "marginal_L1_hw_vs_mps_std_seed": 0.0020415032927022787,
  "marginal_L1_hw_vs_mps_std_bootstrap": 0.006539481193678591,
  "marginal_L1_hw_vs_mps_std_total": 0.006850733535658077,
  "marginal_L1_hw_vs_ref_std_seed": 0.009957414002195103,
  "marginal_L1_hw_vs_ref_std_bootstrap": 0.008191690341825337,
  "marginal_L1_hw_vs_ref_std_total": 0.012893947582779512,
  "marginal_max_abs_hw_vs_mps_std_seed": 0.005301186246725002,
  "marginal_max_abs_hw_vs_mps_std_bootstrap": 0.0035179210462606683,
  "marginal_max_abs_hw_vs_mps_std_total": 0.006362259355778422,
  "marginal_max_abs_hw_vs_ref_std_seed": 0.0072421261697331206,
  "marginal_max_abs_hw_vs_ref_std_bootstrap": 0.004292148592666301,
  "marginal_max_abs_hw_vs_ref_std_total": 0.008418487453210383,
  "topk_overlap_std_seed": 0.028200669810800213,
  "topk_overlap_std_bootstrap": 0.055875518597998886,
  "topk_overlap_std_total": 0.06258874784154975,
  "tvd_hw_vs_mps_std_seed": 0.002685491247287698,
  "tvd_hw_vs_mps_std_bootstrap": 0.0046175486319469,
  "tvd_hw_vs_mps_std_total": 0.005341686869112933,
  "tvd_hw_vs_ref_std_seed": 0.008412455409944558,
  "tvd_hw_vs_ref_std_bootstrap": 0.005947714636680785,
  "tvd_hw_vs_ref_std_total": 0.010302655746150713,
  "tvd_ref_vs_mps_std_seed": 0.0027796836057352708,
  "tvd_ref_vs_mps_std_bootstrap": 0.002802049838659353,
  "tvd_ref_vs_mps_std_total": 0.003946913255485144,
  "n_boots": 300,
  "per_seed_bootstrap": [
    {
      "seed": 0,
      "transpile_seed": 0,
      "marginal_L1_hw_vs_ref": 0.13170791666666667,
      "marginal_max_abs_hw_vs_ref": 0.055753749999999984,
      "topk_overlap": 0.8240000000000001,
      "freq_corr_hw_vs_ref": 0.9985849355181199,
      "tvd_hw_vs_mps": 0.09333723008501503,
      "tvd_ref_vs_mps": 0.008941192385394649,
      "tvd_hw_vs_ref": 0.09736083333333333,
      "fidelity_hw_vs_mps": 0.9729922670879257,
      "hellinger_hw_vs_mps": 0.11653715786974109,
      "marginal_L1_hw_vs_mps": 0.12608346507692328,
      "marginal_max_abs_hw_vs_mps": 0.054874581423202444,
      "marginal_L1_hw_vs_ref_std": 0.008346623658584892,
      "marginal_max_abs_hw_vs_ref_std": 0.0044421726305678266,
      "topk_overlap_std": 0.05131058292138612,
      "freq_corr_hw_vs_ref_std": 0.0002364550983868973,
      "tvd_hw_vs_mps_std": 0.004757787059145503,
      "tvd_ref_vs_mps_std": 0.002869027073883781,
      "tvd_hw_vs_ref_std": 0.0062113695223651585,
      "fidelity_hw_vs_mps_std": 0.0018277287330055543,
      "hellinger_hw_vs_mps_std": 0.003984150559148096,
      "marginal_L1_hw_vs_mps_std": 0.006535272937179721,
      "marginal_max_abs_hw_vs_mps_std": 0.003529038638549397,
      "n_boots": 300,