{
  "shots": 8000,
  "marginal_L1_hw_vs_ref": 0.013841416666666667,
  "marginal_max_abs_hw_vs_ref": 0.006600333333333335,
  "site_marginals_hw": [
    0.0379,
    0.0192,
    0.0491,
    0.0576
  ],
  "site_marginals_ref": [
    0.0394,
    0.0196,
    0.0449,
    0.058
  ],
  "topk_k": 10,
  "topk_overlap": 0.8820666666666668,
  "freq_corr_hw_vs_ref": 0.9999430177395201,
  "tvd_hw_vs_mps": 0.008525593460324297,
  "tvd_ref_vs_mps": 0.010041653643904726,
  "tvd_hw_vs_ref": 0.012939166666666665,
  "fidelity_hw_vs_mps": 0.9988651547333947,
  "hellinger_hw_vs_mps": 0.023325905790600003,
  "mc_noise_scale": 0.022360679774997897,
  "marginal_L1_hw_vs_mps": 0.009652408862492355,
  "marginal_max_abs_hw_vs_mps": 0.004440306897800775,
  "site_marginals_mps": [
    0.0418,
    0.0192,
    0.0481,
    0.0587
  ],
  "seed": 0,
  "transpile_seed": 2.0,
  "seconds": 0.056546470999819576,
  "marginal_L1_hw_vs_ref_std": 0.005301864007062032,
  "marginal_max_abs_hw_vs_ref_std": 0.0027138317215044854,
  "topk_overlap_std": 0.068062798346573,
  "freq_corr_hw_vs_ref_std": 3.787602128606925e-05,
  "tvd_hw_vs_mps_std": 0.0026606636206341645,
  "tvd_ref_vs_mps_std": 0.003896813140538313,
  "tvd_hw_vs_ref_std": 0.0043591141464553234,
  "fidelity_hw_vs_mps_std": 0.00047505935336946775,
  "hellinger_hw_vs_mps_std": 0.005123076958162342,
  "marginal_L1_hw_vs_mps_std": 0.0037408610692041735,
  "marginal_max_abs_hw_vs_mps_std": 0.0017039265531080443,
  "transpile_seed_std": 1.5811388300841898,
  "n_seeds": 5,
  "seeds": [
    0,
    1,
    2,
    3,
    4
  ],
  "per_seed": [
    {
      "seed": 0,
      "marginal_L1_hw_vs_ref": 0.006500000000000006,
      "marginal_max_abs_hw_vs_ref": 0.004250000000000004,
      "topk_overlap": 0.9,
      "freq_corr_hw_vs_ref": 0.999980055847641,
      "tvd_hw_vs_mps": 0.005608184490837216,
      "tvd_ref_vs_mps": 0.007002992345647356,
      "tvd_hw_vs_ref": 0.00687500000000003,
      "fidelity_hw_vs_mps": 0.9990683996213957,
      "hellinger_hw_vs_mps": 0.021584918919746607,
      "marginal_L1_hw_vs_mps": 0.0060626115048310406,
      "marginal_max_abs_hw_vs_mps": 0.003948321303822999,
      "transpile_seed": 0
    },
    {
      "seed": 1,
      "marginal_L1_hw_vs_ref": 0.013625000000000005,
      "marginal_max_abs_hw_vs_ref": 0.006874999999999999,
      "topk_overlap": 0.9,
      "freq_corr_hw_vs_ref": 0.999957833952718,
      "tvd_hw_vs_mps": 0.0047347098542344975,
      "tvd_ref_vs_mps": 0.013006243161508207,
      "tvd_hw_vs_ref": 0.012125000000000018,
      "fidelity_hw_vs_mps": 0.9998590369892538,
      "hellinger_hw_vs_mps": 0.00839547433856392,
      "marginal_L1_hw_vs_mps": 0.006563027300449005,
      "marginal_max_abs_hw_vs_mps": 0.002944581423202447,
      "transpile_seed": 1
    },
    {
      "seed": 2,
      "marginal_L1_hw_vs_ref": 0.005125000000000001,
      "marginal_max_abs_hw_vs_ref": 0.0032499999999999994,
      "topk_overlap": 0.9,
      "freq_corr_hw_vs_ref": 0.9999836652821446,
      "tvd_hw_vs_mps": 0.00858681045642126,
      "tvd_ref_vs_mps": 0.004325896681743918,
      "tvd_hw_vs_ref": 0.007500000000000022,
      "fidelity_hw_vs_mps": 0.9995733469041608,
      "hellinger_hw_vs_mps": 0.014606481673660937,
      "marginal_L1_hw_vs_mps": 0.010070507061690107,
      "marginal_max_abs_hw_vs_mps": 0.0031983213038229985,
      "transpile_seed": 2
    },
    {
      "seed": 3,
      "marginal_L1_hw_vs_ref": 0.012000000000000004,
      "marginal_max_abs_hw_vs_ref": 0.005499999999999998,
      "topk_overlap": 1.0,
      "freq_corr_hw_vs_ref": 0.9999373247423666,
      "tvd_hw_vs_mps": 0.007570577686974193,
      "tvd_ref_vs_mps": 0.006218647841698233,
      "tvd_hw_vs_ref": 0.012750000000000025,
      "fidelity_hw_vs_mps": 0.9994151920050189,
      "hellinger_hw_vs_mps": 0.017101074821316103,
      "marginal_L1_hw_vs_mps": 0.0074373884951689576,
      "marginal_max_abs_hw_vs_mps": 0.0035516786961770005,
      "transpile_seed": 3
    },
    {
      "seed": 4,
      "marginal_L1_hw_vs_ref": 0.010125000000000002,
      "marginal_max_abs_hw_vs_ref": 0.005249999999999998,
      "topk_overlap": 0.9,
      "freq_corr_hw_vs_ref": 0.9999676948539792,
      "tvd_hw_vs_mps": 0.004825361492455551,
      "tvd_ref_vs_mps": 0.008693379568697087,
      "tvd_hw_vs_ref": 0.013125,
      "fidelity_hw_vs_mps": 0.9990887150129674,
      "hellinger_hw_vs_mps": 0.02134821645670174,
      "marginal_L1_hw_vs_mps": 0.003576135545955886,
      "marginal_max_abs_hw_vs_mps": 0.0019960522215704685,
      "transpile_seed": 4
    }
  ],
  "fidelity_hw_vs_mps_std_seed": 0.0003325681203130005,
  "fidelity_hw_vs_mps_std_bootstrap": 0.0003392341883939389,
  "fidelity_hw_vs_mps_std_total": 0.00047505935336946775,
  "freq_corr_hw_vs_ref_std_seed": 1.7095081778350362e-05,
  "freq_corr_hw_vs_ref_std_bootstrap": 3.3798685883541156e-05,
  "freq_corr_hw_vs_ref_std_total": 3.787602128606925e-05,
  "hellinger_hw_vs_mps_std_seed": 0.003668805927262528,
  "hellinger_hw_vs_mps_std_bootstrap": 0.0035757209884633417,
  "hellinger_hw_vs_mps_std_total": 0.005123076958162342,
  "marginal_L1_hw_vs_mps_std_seed": 0.0013878038016290168,
  "marginal_L1_hw_vs_mps_std_bootstrap": 0.0034739087707179993,
  "marginal_L1_hw_vs_mps_std_total": 0.0037408610692041735,
  "marginal_L1_hw_vs_ref_std_seed": 0.002167231108369231,
  "marginal_L1_hw_vs_ref_std_bootstrap": 0.004838684870116729,
  "marginal_L1_hw_vs_ref_std_total": 0.005301864007062032,
  "marginal_max_abs_hw_vs_mps_std_seed": 0.00048781796102168967,
  "marginal_max_abs_hw_vs_mps_std_bootstrap": 0.0016326050763400505,
  "marginal_max_abs_hw_vs_mps_std_total": 0.0017039265531080443,
  "marginal_max_abs_hw_vs_ref_std_seed": 0.0011466231520328625,
  "marginal_max_abs_hw_vs_ref_std_bootstrap": 0.0024597028194207164,
  "marginal_max_abs_hw_vs_ref_std_total": 0.0027138317215044854,
  "topk_overlap_std_seed": 0.027188028411212376,
  "topk_overlap_std_bootstrap": 0.06239675977065931,
  "topk_overlap_std_total": 0.068062798346573,
  "tvd_hw_vs_mps_std_seed": 0.001002593494637445,
  "tvd_hw_vs_mps_std_bootstrap": 0.0024645358968123747,
  "tvd_hw_vs_mps_std_total": 0.0026606636206341645,
  "tvd_hw_vs_ref_std_seed": 0.0019520574749265632,
  "tvd_hw_vs_ref_std_bootstrap": 0.0038976079531438577,
  "tvd_hw_vs_ref_std_total": 0.0043591141464553234,
  "tvd_ref_vs_mps_std_seed": 0.0027611557523860883,
  "tvd_ref_vs_mps_std_bootstrap": 0.0027497584554533666,
  "tvd_ref_vs_mps_std_total": 0.003896813140538313,
  "n_boots": 300,
  "per_seed_bootstrap": [
    {
      "seed": 0,
      "transpile_seed": 0,
      "marginal_L1_hw_vs_ref": 0.012106666666666668,
      "marginal_max_abs_hw_vs_ref": 0.005966666666666667,
      "topk_overlap": 0.8856666666666668,
      "freq_corr_hw_vs_ref": 0.9999551922863096,
      "tvd_hw_vs_mps": 0.008416393214268687,
      "tvd_ref_vs_mps": 0.009164159983258521,
      "tvd_hw_vs_ref": 0.010986666666666667,
      "fidelity_hw_vs_mps": 0.9984976515400125,
      "hellinger_hw_vs_mps": 0.02717560826776515,
      "marginal_L1_hw_vs_mps": 0.009762617616802404,
      "marginal_max_abs_hw_vs_mps": 0.004646130215140791,
      "marginal_L1_hw_vs_ref_std": 0.0045463606551001895,
      "marginal_max_abs_hw_vs_ref_std": 0.0024642369545390596,
      "topk_overlap_std": 0.06251064569313076,
      "freq_corr_hw_vs_ref_std": 2.8501900757293963e-05,
      "tvd_hw_vs_mps_std": 0.002254665126129235,
      "tvd_ref_vs_mps_std": 0.00265350075212291,
      "tvd_hw_vs_ref_std": 0.0033459013346720332,
      "fidelity_hw_vs_mps_std": 0.0003956608437934548,
      "hellinger_hw_vs_mps_std": 0.003606354179213644,
      "marginal_L1_hw_vs_mps_std": 0.0035273793410039336,
      "marginal_max_abs_hw_vs_mps_std": 0.001632680133766668,
      "n_boots": 300,
      "bootstrap_resamples": 300
    },
    {
      "seed": 1,
      "transpile_seed": 1,
      "marginal_L1_hw_vs_ref": 0.016861249999999998,
      "marginal_max_abs_hw_vs_ref": 0.008079166666666667,
      "topk_overlap": 0.897666666666667,
      "freq_corr_hw_vs_ref": 0.9999337370449778,