{
  "shots": 8000,
  "marginal_L1_hw_vs_ref": 0.072625,
  "marginal_max_abs_hw_vs_ref": 0.016874999999999973,
  "site_marginals_hw": [
    0.4911,
    0.4905,
    0.4812,
    0.4918,
    0.5002,
    0.4868,
    0.4514,
    0.4934
  ],
  "site_marginals_ref": [
    0.4906,
    0.5022,
    0.468,
    0.4866,
    0.4866,
    0.4815,
    0.4576,
    0.5102
  ],
  "topk_k": 10,
  "topk_overlap": 0.9,
  "freq_corr_hw_vs_ref": 0.9948382666588138,
  "tvd_hw_vs_mps": 0.040189365770455523,
  "tvd_ref_vs_mps": 0.04312688958621563,
  "tvd_hw_vs_ref": 0.058875000000000004,
  "fidelity_hw_vs_mps": 0.9936993795323966,
  "hellinger_hw_vs_mps": 0.056171951679407785,
  "mc_noise_scale": 0.08944271909999159,
  "marginal_L1_hw_vs_mps": 0.03423969598830401,
  "marginal_max_abs_hw_vs_mps": 0.007268357218305044,
  "site_marginals_mps": [
    0.4981,
    0.4978,
    0.4833,
    0.4971,
    0.5002,
    0.484,
    0.4457,
    0.4975
  ],
  "backend": "Aer ideal (referencia)",
  "variant": "no_reuse_isometry",
  "seconds": 0.1644536280000466
}